dem_type,nominal_grid,source_basis,zoom,x,y,tile_url,west_lon,south_lat,east_lon,north_lat,verification_status
DEM1A,~1 m,airborne laser,17,115980,51680,https://cyberjapandata.gsi.go.jp/xyz/dem1a_png/17/115980/51680.png,138.548584,35.5299911,138.5513306,35.5322262,candidate URL generated from official GSI tile scheme; existence/coverage not locally verified
DEM1A,~1 m,airborne laser,17,115980,51681,https://cyberjapandata.gsi.go.jp/xyz/dem1a_png/17/115980/51681.png,138.548584,35.5277558,138.5513306,35.5299911,candidate URL generated from official GSI tile scheme; existence/coverage not locally verified
DEM1A,~1 m,airborne laser,17,115980,51682,https://cyberjapandata.gsi.go.jp/xyz/dem1a_png/17/115980/51682.png,138.548584,35.5255205,138.5513306,35.5277558,candidate URL generated from official GSI tile scheme; existence/coverage not locally verified
DEM1A,~1 m,airborne laser,17,115980,51683,https://cyberjapandata.gsi.go.jp/xyz/dem1a_png/17/115980/51683.png,138.548584,35.5232852,138.5513306,35.5255205,candidate URL generated from official GSI tile scheme; existence/coverage not locally verified
DEM1A,~1 m,airborne laser,17,115980,51684,https://cyberjapandata.gsi.go.jp/xyz/dem1a_png/17/115980/51684.png,138.548584,35.5210498,138.5513306,35.5232852,candidate URL generated from official GSI tile scheme; existence/coverage not locally verified
DEM1A,~1 m,airborne laser,17,115980,51685,https://cyberjapandata.gsi.go.jp/xyz/dem1a_png/17/115980/51685.png,138.548584,35.5188143,138.5513306,35.5210498,candidate URL generated from official GSI tile scheme; existence/coverage not locally verified
DEM1A,~1 m,airborne laser,17,115980,51686,https://cyberjapandata.gsi.go.jp/xyz/dem1a_png/17/115980/51686.png,138.548584,35.5165787,138.5513306,35.5188143,candidate URL generated from official GSI tile scheme; existence/coverage not locally verified
DEM1A,~1 m,airborne laser,17,115980,51687,https://cyberjapandata.gsi.go.jp/xyz/dem1a_png/17/115980/51687.png,138.548584,35.5143431,138.5513306,35.5165787,candidate URL generated from official GSI tile scheme; existence/coverage not locally verified
DEM1A,~1 m,airborne laser,17,115980,51688,https://cyberjapandata.gsi.go.jp/xyz/dem1a_png/17/115980/51688.png,138.548584,35.5121075,138.5513306,35.5143431,candidate URL generated from official GSI tile scheme; existence/coverage not locally verified
DEM1A,~1 m,airborne laser,17,115980,51689,https://cyberjapandata.gsi.go.jp/xyz/dem1a_png/17/115980/51689.png,138.548584,35.5098717,138.5513306,35.5121075,candidate URL generated from official GSI tile scheme; existence/coverage not locally verified
DEM1A,~1 m,airborne laser,17,115980,51690,https://cyberjapandata.gsi.go.jp/xyz/dem1a_png/17/115980/51690.png,138.548584,35.5076359,138.5513306,35.5098717,candidate URL generated from official GSI tile scheme; existence/coverage not locally verified
DEM1A,~1 m,airborne laser,17,115980,51691,https://cyberjapandata.gsi.go.jp/xyz/dem1a_png/17/115980/51691.png,138.548584,35.5054001,138.5513306,35.5076359,candidate URL generated from official GSI tile scheme; existence/coverage not locally verified
DEM1A,~1 m,airborne laser,17,115980,51692,https://cyberjapandata.gsi.go.jp/xyz/dem1a_png/17/115980/51692.png,138.548584,35.5031642,138.5513306,35.5054001,candidate URL generated from official GSI tile scheme; existence/coverage not locally verified
DEM1A,~1 m,airborne laser,17,115980,51693,https://cyberjapandata.gsi.go.jp/xyz/dem1a_png/17/115980/51693.png,138.548584,35.5009282,138.5513306,35.5031642,candidate URL generated from official GSI tile scheme; existence/coverage not locally verified
DEM1A,~1 m,airborne laser,17,115980,51694,https://cyberjapandata.gsi.go.jp/xyz/dem1a_png/17/115980/51694.png,138.548584,35.4986922,138.5513306,35.5009282,candidate URL generated from official GSI tile scheme; existence/coverage not locally verified
DEM1A,~1 m,airborne laser,17,115980,51695,https://cyberjapandata.gsi.go.jp/xyz/dem1a_png/17/115980/51695.png,138.548584,35.4964561,138.5513306,35.4986922,candidate URL generated from official GSI tile scheme; existence/coverage not locally verified
DEM1A,~1 m,airborne laser,17,115980,51696,https://cyberjapandata.gsi.go.jp/xyz/dem1a_png/17/115980/51696.png,138.548584,35.4942199,138.5513306,35.4964561,candidate URL generated from official GSI tile scheme; existence/coverage not locally verified
DEM1A,~1 m,airborne laser,17,115980,51697,https://cyberjapandata.gsi.go.jp/xyz/dem1a_png/17/115980/51697.png,138.548584,35.4919837,138.5513306,35.4942199,candidate URL generated from official GSI tile scheme; existence/coverage not locally verified
DEM1A,~1 m,airborne laser,17,115980,51698,https://cyberjapandata.gsi.go.jp/xyz/dem1a_png/17/115980/51698.png,138.548584,35.4897474,138.5513306,35.4919837,candidate URL generated from official GSI tile scheme; existence/coverage not locally verified
DEM1A,~1 m,airborne laser,17,115980,51699,https://cyberjapandata.gsi.go.jp/xyz/dem1a_png/17/115980/51699.png,138.548584,35.487511,138.5513306,35.4897474,candidate URL generated from official GSI tile scheme; existence/coverage not locally verified
DEM1A,~1 m,airborne laser,17,115980,51700,https://cyberjapandata.gsi.go.jp/xyz/dem1a_png/17/115980/51700.png,138.548584,35.4852746,138.5513306,35.487511,candidate URL generated from official GSI tile scheme; existence/coverage not locally verified
DEM1A,~1 m,airborne laser,17,115980,51701,https://cyberjapandata.gsi.go.jp/xyz/dem1a_png/17/115980/51701.png,138.548584,35.4830381,138.5513306,35.4852746,candidate URL generated from official GSI tile scheme; existence/coverage not locally verified
DEM1A,~1 m,airborne laser,17,115980,51702,https://cyberjapandata.gsi.go.jp/xyz/dem1a_png/17/115980/51702.png,138.548584,35.4808016,138.5513306,35.4830381,candidate URL generated from official GSI tile scheme; existence/coverage not locally verified
DEM1A,~1 m,airborne laser,17,115980,51703,https://cyberjapandata.gsi.go.jp/xyz/dem1a_png/17/115980/51703.png,138.548584,35.478565,138.5513306,35.4808016,candidate URL generated from official GSI tile scheme; existence/coverage not locally verified
DEM1A,~1 m,airborne laser,17,115980,51704,https://cyberjapandata.gsi.go.jp/xyz/dem1a_png/17/115980/51704.png,138.548584,35.4763283,138.5513306,35.478565,candidate URL generated from official GSI tile scheme; existence/coverage not locally verified
DEM1A,~1 m,airborne laser,17,115980,51705,https://cyberjapandata.gsi.go.jp/xyz/dem1a_png/17/115980/51705.png,138.548584,35.4740916,138.5513306,35.4763283,candidate URL generated from official GSI tile scheme; existence/coverage not locally verified
DEM1A,~1 m,airborne laser,17,115980,51706,https://cyberjapandata.gsi.go.jp/xyz/dem1a_png/17/115980/51706.png,138.548584,35.4718548,138.5513306,35.4740916,candidate URL generated from official GSI tile scheme; existence/coverage not locally verified
DEM1A,~1 m,airborne laser,17,115980,51707,https://cyberjapandata.gsi.go.jp/xyz/dem1a_png/17/115980/51707.png,138.548584,35.469618,138.5513306,35.4718548,candidate URL generated from official GSI tile scheme; existence/coverage not locally verified
DEM1A,~1 m,airborne laser,17,115980,51708,https://cyberjapandata.gsi.go.jp/xyz/dem1a_png/17/115980/51708.png,138.548584,35.4673811,138.5513306,35.469618,candidate URL generated from official GSI tile scheme; existence/coverage not locally verified
DEM1A,~1 m,airborne laser,17,115980,51709,https://cyberjapandata.gsi.go.jp/xyz/dem1a_png/17/115980/51709.png,138.548584,35.4651441,138.5513306,35.4673811,candidate URL generated from official GSI tile scheme; existence/coverage not locally verified
DEM1A,~1 m,airborne laser,17,115980,51710,https://cyberjapandata.gsi.go.jp/xyz/dem1a_png/17/115980/51710.png,138.548584,35.462907,138.5513306,35.4651441,candidate URL generated from official GSI tile scheme; existence/coverage not locally verified
DEM1A,~1 m,airborne laser,17,115980,51711,https://cyberjapandata.gsi.go.jp/xyz/dem1a_png/17/115980/51711.png,138.548584,35.46067,138.5513306,35.462907,candidate URL generated from official GSI tile scheme; existence/coverage not locally verified
DEM1A,~1 m,airborne laser,17,115980,51712,https://cyberjapandata.gsi.go.jp/xyz/dem1a_png/17/115980/51712.png,138.548584,35.4584328,138.5513306,35.46067,candidate URL generated from official GSI tile scheme; existence/coverage not locally verified
DEM1A,~1 m,airborne laser,17,115980,51713,https://cyberjapandata.gsi.go.jp/xyz/dem1a_png/17/115980/51713.png,138.548584,35.4561956,138.5513306,35.4584328,candidate URL generated from official GSI tile scheme; existence/coverage not locally verified
DEM1A,~1 m,airborne laser,17,115980,51714,https://cyberjapandata.gsi.go.jp/xyz/dem1a_png/17/115980/51714.png,138.548584,35.4539583,138.5513306,35.4561956,candidate URL generated from official GSI tile scheme; existence/coverage not locally verified
DEM1A,~1 m,airborne laser,17,115980,51715,https://cyberjapandata.gsi.go.jp/xyz/dem1a_png/17/115980/51715.png,138.548584,35.4517209,138.5513306,35.4539583,candidate URL generated from official GSI tile scheme; existence/coverage not locally verified
DEM1A,~1 m,airborne laser,17,115980,51716,https://cyberjapandata.gsi.go.jp/xyz/dem1a_png/17/115980/51716.png,138.548584,35.4494835,138.5513306,35.4517209,candidate URL generated from official GSI tile scheme; existence/coverage not locally verified
DEM1A,~1 m,airborne laser,17,115980,51717,https://cyberjapandata.gsi.go.jp/xyz/dem1a_png/17/115980/51717.png,138.548584,35.4472461,138.5513306,35.4494835,candidate URL generated from official GSI tile scheme; existence/coverage not locally verified
DEM1A,~1 m,airborne laser,17,115980,51718,https://cyberjapandata.gsi.go.jp/xyz/dem1a_png/17/115980/51718.png,138.548584,35.4450085,138.5513306,35.4472461,candidate URL generated from official GSI tile scheme; existence/coverage not locally verified
DEM1A,~1 m,airborne laser,17,115980,51719,https://cyberjapandata.gsi.go.jp/xyz/dem1a_png/17/115980/51719.png,138.548584,35.4427709,138.5513306,35.4450085,candidate URL generated from official GSI tile scheme; existence/coverage not locally verified
DEM1A,~1 m,airborne laser,17,115980,51720,https://cyberjapandata.gsi.go.jp/xyz/dem1a_png/17/115980/51720.png,138.548584,35.4405333,138.5513306,35.4427709,candidate URL generated from official GSI tile scheme; existence/coverage not locally verified
DEM1A,~1 m,airborne laser,17,115980,51721,https://cyberjapandata.gsi.go.jp/xyz/dem1a_png/17/115980/51721.png,138.548584,35.4382955,138.5513306,35.4405333,candidate URL generated from official GSI tile scheme; existence/coverage not locally verified
DEM1A,~1 m,airborne laser,17,115980,51722,https://cyberjapandata.gsi.go.jp/xyz/dem1a_png/17/115980/51722.png,138.548584,35.4360578,138.5513306,35.4382955,candidate URL generated from official GSI tile scheme; existence/coverage not locally verified
DEM1A,~1 m,airborne laser,17,115980,51723,https://cyberjapandata.gsi.go.jp/xyz/dem1a_png/17/115980/51723.png,138.548584,35.4338199,138.5513306,35.4360578,candidate URL generated from official GSI tile scheme; existence/coverage not locally verified
DEM1A,~1 m,airborne laser,17,115980,51724,https://cyberjapandata.gsi.go.jp/xyz/dem1a_png/17/115980/51724.png,138.548584,35.431582,138.5513306,35.4338199,candidate URL generated from official GSI tile scheme; existence/coverage not locally verified
DEM1A,~1 m,airborne laser,17,115980,51725,https://cyberjapandata.gsi.go.jp/xyz/dem1a_png/17/115980/51725.png,138.548584,35.429344,138.5513306,35.431582,candidate URL generated from official GSI tile scheme; existence/coverage not locally verified
DEM1A,~1 m,airborne laser,17,115981,51680,https://cyberjapandata.gsi.go.jp/xyz/dem1a_png/17/115981/51680.png,138.5513306,35.5299911,138.5540771,35.5322262,candidate URL generated from official GSI tile scheme; existence/coverage not locally verified
DEM1A,~1 m,airborne laser,17,115981,51681,https://cyberjapandata.gsi.go.jp/xyz/dem1a_png/17/115981/51681.png,138.5513306,35.5277558,138.5540771,35.5299911,candidate URL generated from official GSI tile scheme; existence/coverage not locally verified
DEM1A,~1 m,airborne laser,17,115981,51682,https://cyberjapandata.gsi.go.jp/xyz/dem1a_png/17/115981/51682.png,138.5513306,35.5255205,138.5540771,35.5277558,candidate URL generated from official GSI tile scheme; existence/coverage not locally verified
DEM1A,~1 m,airborne laser,17,115981,51683,https://cyberjapandata.gsi.go.jp/xyz/dem1a_png/17/115981/51683.png,138.5513306,35.5232852,138.5540771,35.5255205,candidate URL generated from official GSI tile scheme; existence/coverage not locally verified
DEM1A,~1 m,airborne laser,17,115981,51684,https://cyberjapandata.gsi.go.jp/xyz/dem1a_png/17/115981/51684.png,138.5513306,35.5210498,138.5540771,35.5232852,candidate URL generated from official GSI tile scheme; existence/coverage not locally verified
DEM1A,~1 m,airborne laser,17,115981,51685,https://cyberjapandata.gsi.go.jp/xyz/dem1a_png/17/115981/51685.png,138.5513306,35.5188143,138.5540771,35.5210498,candidate URL generated from official GSI tile scheme; existence/coverage not locally verified
DEM1A,~1 m,airborne laser,17,115981,51686,https://cyberjapandata.gsi.go.jp/xyz/dem1a_png/17/115981/51686.png,138.5513306,35.5165787,138.5540771,35.5188143,candidate URL generated from official GSI tile scheme; existence/coverage not locally verified
DEM1A,~1 m,airborne laser,17,115981,51687,https://cyberjapandata.gsi.go.jp/xyz/dem1a_png/17/115981/51687.png,138.5513306,35.5143431,138.5540771,35.5165787,candidate URL generated from official GSI tile scheme; existence/coverage not locally verified
DEM1A,~1 m,airborne laser,17,115981,51688,https://cyberjapandata.gsi.go.jp/xyz/dem1a_png/17/115981/51688.png,138.5513306,35.5121075,138.5540771,35.5143431,candidate URL generated from official GSI tile scheme; existence/coverage not locally verified
DEM1A,~1 m,airborne laser,17,115981,51689,https://cyberjapandata.gsi.go.jp/xyz/dem1a_png/17/115981/51689.png,138.5513306,35.5098717,138.5540771,35.5121075,candidate URL generated from official GSI tile scheme; existence/coverage not locally verified
DEM1A,~1 m,airborne laser,17,115981,51690,https://cyberjapandata.gsi.go.jp/xyz/dem1a_png/17/115981/51690.png,138.5513306,35.5076359,138.5540771,35.5098717,candidate URL generated from official GSI tile scheme; existence/coverage not locally verified
DEM1A,~1 m,airborne laser,17,115981,51691,https://cyberjapandata.gsi.go.jp/xyz/dem1a_png/17/115981/51691.png,138.5513306,35.5054001,138.5540771,35.5076359,candidate URL generated from official GSI tile scheme; existence/coverage not locally verified
DEM1A,~1 m,airborne laser,17,115981,51692,https://cyberjapandata.gsi.go.jp/xyz/dem1a_png/17/115981/51692.png,138.5513306,35.5031642,138.5540771,35.5054001,candidate URL generated from official GSI tile scheme; existence/coverage not locally verified
DEM1A,~1 m,airborne laser,17,115981,51693,https://cyberjapandata.gsi.go.jp/xyz/dem1a_png/17/115981/51693.png,138.5513306,35.5009282,138.5540771,35.5031642,candidate URL generated from official GSI tile scheme; existence/coverage not locally verified
DEM1A,~1 m,airborne laser,17,115981,51694,https://cyberjapandata.gsi.go.jp/xyz/dem1a_png/17/115981/51694.png,138.5513306,35.4986922,138.5540771,35.5009282,candidate URL generated from official GSI tile scheme; existence/coverage not locally verified
DEM1A,~1 m,airborne laser,17,115981,51695,https://cyberjapandata.gsi.go.jp/xyz/dem1a_png/17/115981/51695.png,138.5513306,35.4964561,138.5540771,35.4986922,candidate URL generated from official GSI tile scheme; existence/coverage not locally verified
DEM1A,~1 m,airborne laser,17,115981,51696,https://cyberjapandata.gsi.go.jp/xyz/dem1a_png/17/115981/51696.png,138.5513306,35.4942199,138.5540771,35.4964561,candidate URL generated from official GSI tile scheme; existence/coverage not locally verified
DEM1A,~1 m,airborne laser,17,115981,51697,https://cyberjapandata.gsi.go.jp/xyz/dem1a_png/17/115981/51697.png,138.5513306,35.4919837,138.5540771,35.4942199,candidate URL generated from official GSI tile scheme; existence/coverage not locally verified
DEM1A,~1 m,airborne laser,17,115981,51698,https://cyberjapandata.gsi.go.jp/xyz/dem1a_png/17/115981/51698.png,138.5513306,35.4897474,138.5540771,35.4919837,candidate URL generated from official GSI tile scheme; existence/coverage not locally verified
DEM1A,~1 m,airborne laser,17,115981,51699,https://cyberjapandata.gsi.go.jp/xyz/dem1a_png/17/115981/51699.png,138.5513306,35.487511,138.5540771,35.4897474,candidate URL generated from official GSI tile scheme; existence/coverage not locally verified
DEM1A,~1 m,airborne laser,17,115981,51700,https://cyberjapandata.gsi.go.jp/xyz/dem1a_png/17/115981/51700.png,138.5513306,35.4852746,138.5540771,35.487511,candidate URL generated from official GSI tile scheme; existence/coverage not locally verified
DEM1A,~1 m,airborne laser,17,115981,51701,https://cyberjapandata.gsi.go.jp/xyz/dem1a_png/17/115981/51701.png,138.5513306,35.4830381,138.5540771,35.4852746,candidate URL generated from official GSI tile scheme; existence/coverage not locally verified
DEM1A,~1 m,airborne laser,17,115981,51702,https://cyberjapandata.gsi.go.jp/xyz/dem1a_png/17/115981/51702.png,138.5513306,35.4808016,138.5540771,35.4830381,candidate URL generated from official GSI tile scheme; existence/coverage not locally verified
DEM1A,~1 m,airborne laser,17,115981,51703,https://cyberjapandata.gsi.go.jp/xyz/dem1a_png/17/115981/51703.png,138.5513306,35.478565,138.5540771,35.4808016,candidate URL generated from official GSI tile scheme; existence/coverage not locally verified
DEM1A,~1 m,airborne laser,17,115981,51704,https://cyberjapandata.gsi.go.jp/xyz/dem1a_png/17/115981/51704.png,138.5513306,35.4763283,138.5540771,35.478565,candidate URL generated from official GSI tile scheme; existence/coverage not locally verified
DEM1A,~1 m,airborne laser,17,115981,51705,https://cyberjapandata.gsi.go.jp/xyz/dem1a_png/17/115981/51705.png,138.5513306,35.4740916,138.5540771,35.4763283,candidate URL generated from official GSI tile scheme; existence/coverage not locally verified
DEM1A,~1 m,airborne laser,17,115981,51706,https://cyberjapandata.gsi.go.jp/xyz/dem1a_png/17/115981/51706.png,138.5513306,35.4718548,138.5540771,35.4740916,candidate URL generated from official GSI tile scheme; existence/coverage not locally verified
DEM1A,~1 m,airborne laser,17,115981,51707,https://cyberjapandata.gsi.go.jp/xyz/dem1a_png/17/115981/51707.png,138.5513306,35.469618,138.5540771,35.4718548,candidate URL generated from official GSI tile scheme; existence/coverage not locally verified
DEM1A,~1 m,airborne laser,17,115981,51708,https://cyberjapandata.gsi.go.jp/xyz/dem1a_png/17/115981/51708.png,138.5513306,35.4673811,138.5540771,35.469618,candidate URL generated from official GSI tile scheme; existence/coverage not locally verified
DEM1A,~1 m,airborne laser,17,115981,51709,https://cyberjapandata.gsi.go.jp/xyz/dem1a_png/17/115981/51709.png,138.5513306,35.4651441,138.5540771,35.4673811,candidate URL generated from official GSI tile scheme; existence/coverage not locally verified
DEM1A,~1 m,airborne laser,17,115981,51710,https://cyberjapandata.gsi.go.jp/xyz/dem1a_png/17/115981/51710.png,138.5513306,35.462907,138.5540771,35.4651441,candidate URL generated from official GSI tile scheme; existence/coverage not locally verified
DEM1A,~1 m,airborne laser,17,115981,51711,https://cyberjapandata.gsi.go.jp/xyz/dem1a_png/17/115981/51711.png,138.5513306,35.46067,138.5540771,35.462907,candidate URL generated from official GSI tile scheme; existence/coverage not locally verified
DEM1A,~1 m,airborne laser,17,115981,51712,https://cyberjapandata.gsi.go.jp/xyz/dem1a_png/17/115981/51712.png,138.5513306,35.4584328,138.5540771,35.46067,candidate URL generated from official GSI tile scheme; existence/coverage not locally verified
DEM1A,~1 m,airborne laser,17,115981,51713,https://cyberjapandata.gsi.go.jp/xyz/dem1a_png/17/115981/51713.png,138.5513306,35.4561956,138.5540771,35.4584328,candidate URL generated from official GSI tile scheme; existence/coverage not locally verified
DEM1A,~1 m,airborne laser,17,115981,51714,https://cyberjapandata.gsi.go.jp/xyz/dem1a_png/17/115981/51714.png,138.5513306,35.4539583,138.5540771,35.4561956,candidate URL generated from official GSI tile scheme; existence/coverage not locally verified
DEM1A,~1 m,airborne laser,17,115981,51715,https://cyberjapandata.gsi.go.jp/xyz/dem1a_png/17/115981/51715.png,138.5513306,35.4517209,138.5540771,35.4539583,candidate URL generated from official GSI tile scheme; existence/coverage not locally verified
DEM1A,~1 m,airborne laser,17,115981,51716,https://cyberjapandata.gsi.go.jp/xyz/dem1a_png/17/115981/51716.png,138.5513306,35.4494835,138.5540771,35.4517209,candidate URL generated from official GSI tile scheme; existence/coverage not locally verified
DEM1A,~1 m,airborne laser,17,115981,51717,https://cyberjapandata.gsi.go.jp/xyz/dem1a_png/17/115981/51717.png,138.5513306,35.4472461,138.5540771,35.4494835,candidate URL generated from official GSI tile scheme; existence/coverage not locally verified
DEM1A,~1 m,airborne laser,17,115981,51718,https://cyberjapandata.gsi.go.jp/xyz/dem1a_png/17/115981/51718.png,138.5513306,35.4450085,138.5540771,35.4472461,candidate URL generated from official GSI tile scheme; existence/coverage not locally verified
DEM1A,~1 m,airborne laser,17,115981,51719,https://cyberjapandata.gsi.go.jp/xyz/dem1a_png/17/115981/51719.png,138.5513306,35.4427709,138.5540771,35.4450085,candidate URL generated from official GSI tile scheme; existence/coverage not locally verified
DEM1A,~1 m,airborne laser,17,115981,51720,https://cyberjapandata.gsi.go.jp/xyz/dem1a_png/17/115981/51720.png,138.5513306,35.4405333,138.5540771,35.4427709,candidate URL generated from official GSI tile scheme; existence/coverage not locally verified
DEM1A,~1 m,airborne laser,17,115981,51721,https://cyberjapandata.gsi.go.jp/xyz/dem1a_png/17/115981/51721.png,138.5513306,35.4382955,138.5540771,35.4405333,candidate URL generated from official GSI tile scheme; existence/coverage not locally verified
DEM1A,~1 m,airborne laser,17,115981,51722,https://cyberjapandata.gsi.go.jp/xyz/dem1a_png/17/115981/51722.png,138.5513306,35.4360578,138.5540771,35.4382955,candidate URL generated from official GSI tile scheme; existence/coverage not locally verified
DEM1A,~1 m,airborne laser,17,115981,51723,https://cyberjapandata.gsi.go.jp/xyz/dem1a_png/17/115981/51723.png,138.5513306,35.4338199,138.5540771,35.4360578,candidate URL generated from official GSI tile scheme; existence/coverage not locally verified
DEM1A,~1 m,airborne laser,17,115981,51724,https://cyberjapandata.gsi.go.jp/xyz/dem1a_png/17/115981/51724.png,138.5513306,35.431582,138.5540771,35.4338199,candidate URL generated from official GSI tile scheme; existence/coverage not locally verified
DEM1A,~1 m,airborne laser,17,115981,51725,https://cyberjapandata.gsi.go.jp/xyz/dem1a_png/17/115981/51725.png,138.5513306,35.429344,138.5540771,35.431582,candidate URL generated from official GSI tile scheme; existence/coverage not locally verified
DEM1A,~1 m,airborne laser,17,115982,51680,https://cyberjapandata.gsi.go.jp/xyz/dem1a_png/17/115982/51680.png,138.5540771,35.5299911,138.5568237,35.5322262,candidate URL generated from official GSI tile scheme; existence/coverage not locally verified
DEM1A,~1 m,airborne laser,17,115982,51681,https://cyberjapandata.gsi.go.jp/xyz/dem1a_png/17/115982/51681.png,138.5540771,35.5277558,138.5568237,35.5299911,candidate URL generated from official GSI tile scheme; existence/coverage not locally verified
DEM1A,~1 m,airborne laser,17,115982,51682,https://cyberjapandata.gsi.go.jp/xyz/dem1a_png/17/115982/51682.png,138.5540771,35.5255205,138.5568237,35.5277558,candidate URL generated from official GSI tile scheme; existence/coverage not locally verified
DEM1A,~1 m,airborne laser,17,115982,51683,https://cyberjapandata.gsi.go.jp/xyz/dem1a_png/17/115982/51683.png,138.5540771,35.5232852,138.5568237,35.5255205,candidate URL generated from official GSI tile scheme; existence/coverage not locally verified
DEM1A,~1 m,airborne laser,17,115982,51684,https://cyberjapandata.gsi.go.jp/xyz/dem1a_png/17/115982/51684.png,138.5540771,35.5210498,138.5568237,35.5232852,candidate URL generated from official GSI tile scheme; existence/coverage not locally verified
DEM1A,~1 m,airborne laser,17,115982,51685,https://cyberjapandata.gsi.go.jp/xyz/dem1a_png/17/115982/51685.png,138.5540771,35.5188143,138.5568237,35.5210498,candidate URL generated from official GSI tile scheme; existence/coverage not locally verified
DEM1A,~1 m,airborne laser,17,115982,51686,https://cyberjapandata.gsi.go.jp/xyz/dem1a_png/17/115982/51686.png,138.5540771,35.5165787,138.5568237,35.5188143,candidate URL generated from official GSI tile scheme; existence/coverage not locally verified
DEM1A,~1 m,airborne laser,17,115982,51687,https://cyberjapandata.gsi.go.jp/xyz/dem1a_png/17/115982/51687.png,138.5540771,35.5143431,138.5568237,35.5165787,candidate URL generated from official GSI tile scheme; existence/coverage not locally verified
DEM1A,~1 m,airborne laser,17,115982,51688,https://cyberjapandata.gsi.go.jp/xyz/dem1a_png/17/115982/51688.png,138.5540771,35.5121075,138.5568237,35.5143431,candidate URL generated from official GSI tile scheme; existence/coverage not locally verified
DEM1A,~1 m,airborne laser,17,115982,51689,https://cyberjapandata.gsi.go.jp/xyz/dem1a_png/17/115982/51689.png,138.5540771,35.5098717,138.5568237,35.5121075,candidate URL generated from official GSI tile scheme; existence/coverage not locally verified
DEM1A,~1 m,airborne laser,17,115982,51690,https://cyberjapandata.gsi.go.jp/xyz/dem1a_png/17/115982/51690.png,138.5540771,35.5076359,138.5568237,35.5098717,candidate URL generated from official GSI tile scheme; existence/coverage not locally verified
DEM1A,~1 m,airborne laser,17,115982,51691,https://cyberjapandata.gsi.go.jp/xyz/dem1a_png/17/115982/51691.png,138.5540771,35.5054001,138.5568237,35.5076359,candidate URL generated from official GSI tile scheme; existence/coverage not locally verified
DEM1A,~1 m,airborne laser,17,115982,51692,https://cyberjapandata.gsi.go.jp/xyz/dem1a_png/17/115982/51692.png,138.5540771,35.5031642,138.5568237,35.5054001,candidate URL generated from official GSI tile scheme; existence/coverage not locally verified
DEM1A,~1 m,airborne laser,17,115982,51693,https://cyberjapandata.gsi.go.jp/xyz/dem1a_png/17/115982/51693.png,138.5540771,35.5009282,138.5568237,35.5031642,candidate URL generated from official GSI tile scheme; existence/coverage not locally verified
DEM1A,~1 m,airborne laser,17,115982,51694,https://cyberjapandata.gsi.go.jp/xyz/dem1a_png/17/115982/51694.png,138.5540771,35.4986922,138.5568237,35.5009282,candidate URL generated from official GSI tile scheme; existence/coverage not locally verified
DEM1A,~1 m,airborne laser,17,115982,51695,https://cyberjapandata.gsi.go.jp/xyz/dem1a_png/17/115982/51695.png,138.5540771,35.4964561,138.5568237,35.4986922,candidate URL generated from official GSI tile scheme; existence/coverage not locally verified
DEM1A,~1 m,airborne laser,17,115982,51696,https://cyberjapandata.gsi.go.jp/xyz/dem1a_png/17/115982/51696.png,138.5540771,35.4942199,138.5568237,35.4964561,candidate URL generated from official GSI tile scheme; existence/coverage not locally verified
DEM1A,~1 m,airborne laser,17,115982,51697,https://cyberjapandata.gsi.go.jp/xyz/dem1a_png/17/115982/51697.png,138.5540771,35.4919837,138.5568237,35.4942199,candidate URL generated from official GSI tile scheme; existence/coverage not locally verified
DEM1A,~1 m,airborne laser,17,115982,51698,https://cyberjapandata.gsi.go.jp/xyz/dem1a_png/17/115982/51698.png,138.5540771,35.4897474,138.5568237,35.4919837,candidate URL generated from official GSI tile scheme; existence/coverage not locally verified
DEM1A,~1 m,airborne laser,17,115982,51699,https://cyberjapandata.gsi.go.jp/xyz/dem1a_png/17/115982/51699.png,138.5540771,35.487511,138.5568237,35.4897474,candidate URL generated from official GSI tile scheme; existence/coverage not locally verified
DEM1A,~1 m,airborne laser,17,115982,51700,https://cyberjapandata.gsi.go.jp/xyz/dem1a_png/17/115982/51700.png,138.5540771,35.4852746,138.5568237,35.487511,candidate URL generated from official GSI tile scheme; existence/coverage not locally verified
DEM1A,~1 m,airborne laser,17,115982,51701,https://cyberjapandata.gsi.go.jp/xyz/dem1a_png/17/115982/51701.png,138.5540771,35.4830381,138.5568237,35.4852746,candidate URL generated from official GSI tile scheme; existence/coverage not locally verified
DEM1A,~1 m,airborne laser,17,115982,51702,https://cyberjapandata.gsi.go.jp/xyz/dem1a_png/17/115982/51702.png,138.5540771,35.4808016,138.5568237,35.4830381,candidate URL generated from official GSI tile scheme; existence/coverage not locally verified
DEM1A,~1 m,airborne laser,17,115982,51703,https://cyberjapandata.gsi.go.jp/xyz/dem1a_png/17/115982/51703.png,138.5540771,35.478565,138.5568237,35.4808016,candidate URL generated from official GSI tile scheme; existence/coverage not locally verified
DEM1A,~1 m,airborne laser,17,115982,51704,https://cyberjapandata.gsi.go.jp/xyz/dem1a_png/17/115982/51704.png,138.5540771,35.4763283,138.5568237,35.478565,candidate URL generated from official GSI tile scheme; existence/coverage not locally verified
DEM1A,~1 m,airborne laser,17,115982,51705,https://cyberjapandata.gsi.go.jp/xyz/dem1a_png/17/115982/51705.png,138.5540771,35.4740916,138.5568237,35.4763283,candidate URL generated from official GSI tile scheme; existence/coverage not locally verified
DEM1A,~1 m,airborne laser,17,115982,51706,https://cyberjapandata.gsi.go.jp/xyz/dem1a_png/17/115982/51706.png,138.5540771,35.4718548,138.5568237,35.4740916,candidate URL generated from official GSI tile scheme; existence/coverage not locally verified
DEM1A,~1 m,airborne laser,17,115982,51707,https://cyberjapandata.gsi.go.jp/xyz/dem1a_png/17/115982/51707.png,138.5540771,35.469618,138.5568237,35.4718548,candidate URL generated from official GSI tile scheme; existence/coverage not locally verified
DEM1A,~1 m,airborne laser,17,115982,51708,https://cyberjapandata.gsi.go.jp/xyz/dem1a_png/17/115982/51708.png,138.5540771,35.4673811,138.5568237,35.469618,candidate URL generated from official GSI tile scheme; existence/coverage not locally verified
DEM1A,~1 m,airborne laser,17,115982,51709,https://cyberjapandata.gsi.go.jp/xyz/dem1a_png/17/115982/51709.png,138.5540771,35.4651441,138.5568237,35.4673811,candidate URL generated from official GSI tile scheme; existence/coverage not locally verified
DEM1A,~1 m,airborne laser,17,115982,51710,https://cyberjapandata.gsi.go.jp/xyz/dem1a_png/17/115982/51710.png,138.5540771,35.462907,138.5568237,35.4651441,candidate URL generated from official GSI tile scheme; existence/coverage not locally verified
DEM1A,~1 m,airborne laser,17,115982,51711,https://cyberjapandata.gsi.go.jp/xyz/dem1a_png/17/115982/51711.png,138.5540771,35.46067,138.5568237,35.462907,candidate URL generated from official GSI tile scheme; existence/coverage not locally verified
DEM1A,~1 m,airborne laser,17,115982,51712,https://cyberjapandata.gsi.go.jp/xyz/dem1a_png/17/115982/51712.png,138.5540771,35.4584328,138.5568237,35.46067,candidate URL generated from official GSI tile scheme; existence/coverage not locally verified
DEM1A,~1 m,airborne laser,17,115982,51713,https://cyberjapandata.gsi.go.jp/xyz/dem1a_png/17/115982/51713.png,138.5540771,35.4561956,138.5568237,35.4584328,candidate URL generated from official GSI tile scheme; existence/coverage not locally verified
DEM1A,~1 m,airborne laser,17,115982,51714,https://cyberjapandata.gsi.go.jp/xyz/dem1a_png/17/115982/51714.png,138.5540771,35.4539583,138.5568237,35.4561956,candidate URL generated from official GSI tile scheme; existence/coverage not locally verified
DEM1A,~1 m,airborne laser,17,115982,51715,https://cyberjapandata.gsi.go.jp/xyz/dem1a_png/17/115982/51715.png,138.5540771,35.4517209,138.5568237,35.4539583,candidate URL generated from official GSI tile scheme; existence/coverage not locally verified
DEM1A,~1 m,airborne laser,17,115982,51716,https://cyberjapandata.gsi.go.jp/xyz/dem1a_png/17/115982/51716.png,138.5540771,35.4494835,138.5568237,35.4517209,candidate URL generated from official GSI tile scheme; existence/coverage not locally verified
DEM1A,~1 m,airborne laser,17,115982,51717,https://cyberjapandata.gsi.go.jp/xyz/dem1a_png/17/115982/51717.png,138.5540771,35.4472461,138.5568237,35.4494835,candidate URL generated from official GSI tile scheme; existence/coverage not locally verified
DEM1A,~1 m,airborne laser,17,115982,51718,https://cyberjapandata.gsi.go.jp/xyz/dem1a_png/17/115982/51718.png,138.5540771,35.4450085,138.5568237,35.4472461,candidate URL generated from official GSI tile scheme; existence/coverage not locally verified
DEM1A,~1 m,airborne laser,17,115982,51719,https://cyberjapandata.gsi.go.jp/xyz/dem1a_png/17/115982/51719.png,138.5540771,35.4427709,138.5568237,35.4450085,candidate URL generated from official GSI tile scheme; existence/coverage not locally verified
DEM1A,~1 m,airborne laser,17,115982,51720,https://cyberjapandata.gsi.go.jp/xyz/dem1a_png/17/115982/51720.png,138.5540771,35.4405333,138.5568237,35.4427709,candidate URL generated from official GSI tile scheme; existence/coverage not locally verified
DEM1A,~1 m,airborne laser,17,115982,51721,https://cyberjapandata.gsi.go.jp/xyz/dem1a_png/17/115982/51721.png,138.5540771,35.4382955,138.5568237,35.4405333,candidate URL generated from official GSI tile scheme; existence/coverage not locally verified
DEM1A,~1 m,airborne laser,17,115982,51722,https://cyberjapandata.gsi.go.jp/xyz/dem1a_png/17/115982/51722.png,138.5540771,35.4360578,138.5568237,35.4382955,candidate URL generated from official GSI tile scheme; existence/coverage not locally verified
DEM1A,~1 m,airborne laser,17,115982,51723,https://cyberjapandata.gsi.go.jp/xyz/dem1a_png/17/115982/51723.png,138.5540771,35.4338199,138.5568237,35.4360578,candidate URL generated from official GSI tile scheme; existence/coverage not locally verified
DEM1A,~1 m,airborne laser,17,115982,51724,https://cyberjapandata.gsi.go.jp/xyz/dem1a_png/17/115982/51724.png,138.5540771,35.431582,138.5568237,35.4338199,candidate URL generated from official GSI tile scheme; existence/coverage not locally verified
DEM1A,~1 m,airborne laser,17,115982,51725,https://cyberjapandata.gsi.go.jp/xyz/dem1a_png/17/115982/51725.png,138.5540771,35.429344,138.5568237,35.431582,candidate URL generated from official GSI tile scheme; existence/coverage not locally verified
DEM1A,~1 m,airborne laser,17,115983,51680,https://cyberjapandata.gsi.go.jp/xyz/dem1a_png/17/115983/51680.png,138.5568237,35.5299911,138.5595703,35.5322262,candidate URL generated from official GSI tile scheme; existence/coverage not locally verified
DEM1A,~1 m,airborne laser,17,115983,51681,https://cyberjapandata.gsi.go.jp/xyz/dem1a_png/17/115983/51681.png,138.5568237,35.5277558,138.5595703,35.5299911,candidate URL generated from official GSI tile scheme; existence/coverage not locally verified
DEM1A,~1 m,airborne laser,17,115983,51682,https://cyberjapandata.gsi.go.jp/xyz/dem1a_png/17/115983/51682.png,138.5568237,35.5255205,138.5595703,35.5277558,candidate URL generated from official GSI tile scheme; existence/coverage not locally verified
DEM1A,~1 m,airborne laser,17,115983,51683,https://cyberjapandata.gsi.go.jp/xyz/dem1a_png/17/115983/51683.png,138.5568237,35.5232852,138.5595703,35.5255205,candidate URL generated from official GSI tile scheme; existence/coverage not locally verified
DEM1A,~1 m,airborne laser,17,115983,51684,https://cyberjapandata.gsi.go.jp/xyz/dem1a_png/17/115983/51684.png,138.5568237,35.5210498,138.5595703,35.5232852,candidate URL generated from official GSI tile scheme; existence/coverage not locally verified
DEM1A,~1 m,airborne laser,17,115983,51685,https://cyberjapandata.gsi.go.jp/xyz/dem1a_png/17/115983/51685.png,138.5568237,35.5188143,138.5595703,35.5210498,candidate URL generated from official GSI tile scheme; existence/coverage not locally verified
DEM1A,~1 m,airborne laser,17,115983,51686,https://cyberjapandata.gsi.go.jp/xyz/dem1a_png/17/115983/51686.png,138.5568237,35.5165787,138.5595703,35.5188143,candidate URL generated from official GSI tile scheme; existence/coverage not locally verified
DEM1A,~1 m,airborne laser,17,115983,51687,https://cyberjapandata.gsi.go.jp/xyz/dem1a_png/17/115983/51687.png,138.5568237,35.5143431,138.5595703,35.5165787,candidate URL generated from official GSI tile scheme; existence/coverage not locally verified
DEM1A,~1 m,airborne laser,17,115983,51688,https://cyberjapandata.gsi.go.jp/xyz/dem1a_png/17/115983/51688.png,138.5568237,35.5121075,138.5595703,35.5143431,candidate URL generated from official GSI tile scheme; existence/coverage not locally verified
DEM1A,~1 m,airborne laser,17,115983,51689,https://cyberjapandata.gsi.go.jp/xyz/dem1a_png/17/115983/51689.png,138.5568237,35.5098717,138.5595703,35.5121075,candidate URL generated from official GSI tile scheme; existence/coverage not locally verified
DEM1A,~1 m,airborne laser,17,115983,51690,https://cyberjapandata.gsi.go.jp/xyz/dem1a_png/17/115983/51690.png,138.5568237,35.5076359,138.5595703,35.5098717,candidate URL generated from official GSI tile scheme; existence/coverage not locally verified
DEM1A,~1 m,airborne laser,17,115983,51691,https://cyberjapandata.gsi.go.jp/xyz/dem1a_png/17/115983/51691.png,138.5568237,35.5054001,138.5595703,35.5076359,candidate URL generated from official GSI tile scheme; existence/coverage not locally verified
DEM1A,~1 m,airborne laser,17,115983,51692,https://cyberjapandata.gsi.go.jp/xyz/dem1a_png/17/115983/51692.png,138.5568237,35.5031642,138.5595703,35.5054001,candidate URL generated from official GSI tile scheme; existence/coverage not locally verified
DEM1A,~1 m,airborne laser,17,115983,51693,https://cyberjapandata.gsi.go.jp/xyz/dem1a_png/17/115983/51693.png,138.5568237,35.5009282,138.5595703,35.5031642,candidate URL generated from official GSI tile scheme; existence/coverage not locally verified
DEM1A,~1 m,airborne laser,17,115983,51694,https://cyberjapandata.gsi.go.jp/xyz/dem1a_png/17/115983/51694.png,138.5568237,35.4986922,138.5595703,35.5009282,candidate URL generated from official GSI tile scheme; existence/coverage not locally verified
DEM1A,~1 m,airborne laser,17,115983,51695,https://cyberjapandata.gsi.go.jp/xyz/dem1a_png/17/115983/51695.png,138.5568237,35.4964561,138.5595703,35.4986922,candidate URL generated from official GSI tile scheme; existence/coverage not locally verified
DEM1A,~1 m,airborne laser,17,115983,51696,https://cyberjapandata.gsi.go.jp/xyz/dem1a_png/17/115983/51696.png,138.5568237,35.4942199,138.5595703,35.4964561,candidate URL generated from official GSI tile scheme; existence/coverage not locally verified
DEM1A,~1 m,airborne laser,17,115983,51697,https://cyberjapandata.gsi.go.jp/xyz/dem1a_png/17/115983/51697.png,138.5568237,35.4919837,138.5595703,35.4942199,candidate URL generated from official GSI tile scheme; existence/coverage not locally verified
DEM1A,~1 m,airborne laser,17,115983,51698,https://cyberjapandata.gsi.go.jp/xyz/dem1a_png/17/115983/51698.png,138.5568237,35.4897474,138.5595703,35.4919837,candidate URL generated from official GSI tile scheme; existence/coverage not locally verified
DEM1A,~1 m,airborne laser,17,115983,51699,https://cyberjapandata.gsi.go.jp/xyz/dem1a_png/17/115983/51699.png,138.5568237,35.487511,138.5595703,35.4897474,candidate URL generated from official GSI tile scheme; existence/coverage not locally verified
DEM1A,~1 m,airborne laser,17,115983,51700,https://cyberjapandata.gsi.go.jp/xyz/dem1a_png/17/115983/51700.png,138.5568237,35.4852746,138.5595703,35.487511,candidate URL generated from official GSI tile scheme; existence/coverage not locally verified
DEM1A,~1 m,airborne laser,17,115983,51701,https://cyberjapandata.gsi.go.jp/xyz/dem1a_png/17/115983/51701.png,138.5568237,35.4830381,138.5595703,35.4852746,candidate URL generated from official GSI tile scheme; existence/coverage not locally verified
DEM1A,~1 m,airborne laser,17,115983,51702,https://cyberjapandata.gsi.go.jp/xyz/dem1a_png/17/115983/51702.png,138.5568237,35.4808016,138.5595703,35.4830381,candidate URL generated from official GSI tile scheme; existence/coverage not locally verified
DEM1A,~1 m,airborne laser,17,115983,51703,https://cyberjapandata.gsi.go.jp/xyz/dem1a_png/17/115983/51703.png,138.5568237,35.478565,138.5595703,35.4808016,candidate URL generated from official GSI tile scheme; existence/coverage not locally verified
DEM1A,~1 m,airborne laser,17,115983,51704,https://cyberjapandata.gsi.go.jp/xyz/dem1a_png/17/115983/51704.png,138.5568237,35.4763283,138.5595703,35.478565,candidate URL generated from official GSI tile scheme; existence/coverage not locally verified
DEM1A,~1 m,airborne laser,17,115983,51705,https://cyberjapandata.gsi.go.jp/xyz/dem1a_png/17/115983/51705.png,138.5568237,35.4740916,138.5595703,35.4763283,candidate URL generated from official GSI tile scheme; existence/coverage not locally verified
DEM1A,~1 m,airborne laser,17,115983,51706,https://cyberjapandata.gsi.go.jp/xyz/dem1a_png/17/115983/51706.png,138.5568237,35.4718548,138.5595703,35.4740916,candidate URL generated from official GSI tile scheme; existence/coverage not locally verified
DEM1A,~1 m,airborne laser,17,115983,51707,https://cyberjapandata.gsi.go.jp/xyz/dem1a_png/17/115983/51707.png,138.5568237,35.469618,138.5595703,35.4718548,candidate URL generated from official GSI tile scheme; existence/coverage not locally verified
DEM1A,~1 m,airborne laser,17,115983,51708,https://cyberjapandata.gsi.go.jp/xyz/dem1a_png/17/115983/51708.png,138.5568237,35.4673811,138.5595703,35.469618,candidate URL generated from official GSI tile scheme; existence/coverage not locally verified
DEM1A,~1 m,airborne laser,17,115983,51709,https://cyberjapandata.gsi.go.jp/xyz/dem1a_png/17/115983/51709.png,138.5568237,35.4651441,138.5595703,35.4673811,candidate URL generated from official GSI tile scheme; existence/coverage not locally verified
DEM1A,~1 m,airborne laser,17,115983,51710,https://cyberjapandata.gsi.go.jp/xyz/dem1a_png/17/115983/51710.png,138.5568237,35.462907,138.5595703,35.4651441,candidate URL generated from official GSI tile scheme; existence/coverage not locally verified
DEM1A,~1 m,airborne laser,17,115983,51711,https://cyberjapandata.gsi.go.jp/xyz/dem1a_png/17/115983/51711.png,138.5568237,35.46067,138.5595703,35.462907,candidate URL generated from official GSI tile scheme; existence/coverage not locally verified
DEM1A,~1 m,airborne laser,17,115983,51712,https://cyberjapandata.gsi.go.jp/xyz/dem1a_png/17/115983/51712.png,138.5568237,35.4584328,138.5595703,35.46067,candidate URL generated from official GSI tile scheme; existence/coverage not locally verified
DEM1A,~1 m,airborne laser,17,115983,51713,https://cyberjapandata.gsi.go.jp/xyz/dem1a_png/17/115983/51713.png,138.5568237,35.4561956,138.5595703,35.4584328,candidate URL generated from official GSI tile scheme; existence/coverage not locally verified
DEM1A,~1 m,airborne laser,17,115983,51714,https://cyberjapandata.gsi.go.jp/xyz/dem1a_png/17/115983/51714.png,138.5568237,35.4539583,138.5595703,35.4561956,candidate URL generated from official GSI tile scheme; existence/coverage not locally verified
DEM1A,~1 m,airborne laser,17,115983,51715,https://cyberjapandata.gsi.go.jp/xyz/dem1a_png/17/115983/51715.png,138.5568237,35.4517209,138.5595703,35.4539583,candidate URL generated from official GSI tile scheme; existence/coverage not locally verified
DEM1A,~1 m,airborne laser,17,115983,51716,https://cyberjapandata.gsi.go.jp/xyz/dem1a_png/17/115983/51716.png,138.5568237,35.4494835,138.5595703,35.4517209,candidate URL generated from official GSI tile scheme; existence/coverage not locally verified
DEM1A,~1 m,airborne laser,17,115983,51717,https://cyberjapandata.gsi.go.jp/xyz/dem1a_png/17/115983/51717.png,138.5568237,35.4472461,138.5595703,35.4494835,candidate URL generated from official GSI tile scheme; existence/coverage not locally verified
DEM1A,~1 m,airborne laser,17,115983,51718,https://cyberjapandata.gsi.go.jp/xyz/dem1a_png/17/115983/51718.png,138.5568237,35.4450085,138.5595703,35.4472461,candidate URL generated from official GSI tile scheme; existence/coverage not locally verified
DEM1A,~1 m,airborne laser,17,115983,51719,https://cyberjapandata.gsi.go.jp/xyz/dem1a_png/17/115983/51719.png,138.5568237,35.4427709,138.5595703,35.4450085,candidate URL generated from official GSI tile scheme; existence/coverage not locally verified
DEM1A,~1 m,airborne laser,17,115983,51720,https://cyberjapandata.gsi.go.jp/xyz/dem1a_png/17/115983/51720.png,138.5568237,35.4405333,138.5595703,35.4427709,candidate URL generated from official GSI tile scheme; existence/coverage not locally verified
DEM1A,~1 m,airborne laser,17,115983,51721,https://cyberjapandata.gsi.go.jp/xyz/dem1a_png/17/115983/51721.png,138.5568237,35.4382955,138.5595703,35.4405333,candidate URL generated from official GSI tile scheme; existence/coverage not locally verified
DEM1A,~1 m,airborne laser,17,115983,51722,https://cyberjapandata.gsi.go.jp/xyz/dem1a_png/17/115983/51722.png,138.5568237,35.4360578,138.5595703,35.4382955,candidate URL generated from official GSI tile scheme; existence/coverage not locally verified
DEM1A,~1 m,airborne laser,17,115983,51723,https://cyberjapandata.gsi.go.jp/xyz/dem1a_png/17/115983/51723.png,138.5568237,35.4338199,138.5595703,35.4360578,candidate URL generated from official GSI tile scheme; existence/coverage not locally verified
DEM1A,~1 m,airborne laser,17,115983,51724,https://cyberjapandata.gsi.go.jp/xyz/dem1a_png/17/115983/51724.png,138.5568237,35.431582,138.5595703,35.4338199,candidate URL generated from official GSI tile scheme; existence/coverage not locally verified
DEM1A,~1 m,airborne laser,17,115983,51725,https://cyberjapandata.gsi.go.jp/xyz/dem1a_png/17/115983/51725.png,138.5568237,35.429344,138.5595703,35.431582,candidate URL generated from official GSI tile scheme; existence/coverage not locally verified
DEM1A,~1 m,airborne laser,17,115984,51680,https://cyberjapandata.gsi.go.jp/xyz/dem1a_png/17/115984/51680.png,138.5595703,35.5299911,138.5623169,35.5322262,candidate URL generated from official GSI tile scheme; existence/coverage not locally verified
DEM1A,~1 m,airborne laser,17,115984,51681,https://cyberjapandata.gsi.go.jp/xyz/dem1a_png/17/115984/51681.png,138.5595703,35.5277558,138.5623169,35.5299911,candidate URL generated from official GSI tile scheme; existence/coverage not locally verified
DEM1A,~1 m,airborne laser,17,115984,51682,https://cyberjapandata.gsi.go.jp/xyz/dem1a_png/17/115984/51682.png,138.5595703,35.5255205,138.5623169,35.5277558,candidate URL generated from official GSI tile scheme; existence/coverage not locally verified
DEM1A,~1 m,airborne laser,17,115984,51683,https://cyberjapandata.gsi.go.jp/xyz/dem1a_png/17/115984/51683.png,138.5595703,35.5232852,138.5623169,35.5255205,candidate URL generated from official GSI tile scheme; existence/coverage not locally verified
DEM1A,~1 m,airborne laser,17,115984,51684,https://cyberjapandata.gsi.go.jp/xyz/dem1a_png/17/115984/51684.png,138.5595703,35.5210498,138.5623169,35.5232852,candidate URL generated from official GSI tile scheme; existence/coverage not locally verified
DEM1A,~1 m,airborne laser,17,115984,51685,https://cyberjapandata.gsi.go.jp/xyz/dem1a_png/17/115984/51685.png,138.5595703,35.5188143,138.5623169,35.5210498,candidate URL generated from official GSI tile scheme; existence/coverage not locally verified
DEM1A,~1 m,airborne laser,17,115984,51686,https://cyberjapandata.gsi.go.jp/xyz/dem1a_png/17/115984/51686.png,138.5595703,35.5165787,138.5623169,35.5188143,candidate URL generated from official GSI tile scheme; existence/coverage not locally verified
DEM1A,~1 m,airborne laser,17,115984,51687,https://cyberjapandata.gsi.go.jp/xyz/dem1a_png/17/115984/51687.png,138.5595703,35.5143431,138.5623169,35.5165787,candidate URL generated from official GSI tile scheme; existence/coverage not locally verified
DEM1A,~1 m,airborne laser,17,115984,51688,https://cyberjapandata.gsi.go.jp/xyz/dem1a_png/17/115984/51688.png,138.5595703,35.5121075,138.5623169,35.5143431,candidate URL generated from official GSI tile scheme; existence/coverage not locally verified
DEM1A,~1 m,airborne laser,17,115984,51689,https://cyberjapandata.gsi.go.jp/xyz/dem1a_png/17/115984/51689.png,138.5595703,35.5098717,138.5623169,35.5121075,candidate URL generated from official GSI tile scheme; existence/coverage not locally verified
DEM1A,~1 m,airborne laser,17,115984,51690,https://cyberjapandata.gsi.go.jp/xyz/dem1a_png/17/115984/51690.png,138.5595703,35.5076359,138.5623169,35.5098717,candidate URL generated from official GSI tile scheme; existence/coverage not locally verified
DEM1A,~1 m,airborne laser,17,115984,51691,https://cyberjapandata.gsi.go.jp/xyz/dem1a_png/17/115984/51691.png,138.5595703,35.5054001,138.5623169,35.5076359,candidate URL generated from official GSI tile scheme; existence/coverage not locally verified
DEM1A,~1 m,airborne laser,17,115984,51692,https://cyberjapandata.gsi.go.jp/xyz/dem1a_png/17/115984/51692.png,138.5595703,35.5031642,138.5623169,35.5054001,candidate URL generated from official GSI tile scheme; existence/coverage not locally verified
DEM1A,~1 m,airborne laser,17,115984,51693,https://cyberjapandata.gsi.go.jp/xyz/dem1a_png/17/115984/51693.png,138.5595703,35.5009282,138.5623169,35.5031642,candidate URL generated from official GSI tile scheme; existence/coverage not locally verified
DEM1A,~1 m,airborne laser,17,115984,51694,https://cyberjapandata.gsi.go.jp/xyz/dem1a_png/17/115984/51694.png,138.5595703,35.4986922,138.5623169,35.5009282,candidate URL generated from official GSI tile scheme; existence/coverage not locally verified
DEM1A,~1 m,airborne laser,17,115984,51695,https://cyberjapandata.gsi.go.jp/xyz/dem1a_png/17/115984/51695.png,138.5595703,35.4964561,138.5623169,35.4986922,candidate URL generated from official GSI tile scheme; existence/coverage not locally verified
DEM1A,~1 m,airborne laser,17,115984,51696,https://cyberjapandata.gsi.go.jp/xyz/dem1a_png/17/115984/51696.png,138.5595703,35.4942199,138.5623169,35.4964561,candidate URL generated from official GSI tile scheme; existence/coverage not locally verified
DEM1A,~1 m,airborne laser,17,115984,51697,https://cyberjapandata.gsi.go.jp/xyz/dem1a_png/17/115984/51697.png,138.5595703,35.4919837,138.5623169,35.4942199,candidate URL generated from official GSI tile scheme; existence/coverage not locally verified
DEM1A,~1 m,airborne laser,17,115984,51698,https://cyberjapandata.gsi.go.jp/xyz/dem1a_png/17/115984/51698.png,138.5595703,35.4897474,138.5623169,35.4919837,candidate URL generated from official GSI tile scheme; existence/coverage not locally verified
DEM1A,~1 m,airborne laser,17,115984,51699,https://cyberjapandata.gsi.go.jp/xyz/dem1a_png/17/115984/51699.png,138.5595703,35.487511,138.5623169,35.4897474,candidate URL generated from official GSI tile scheme; existence/coverage not locally verified
DEM1A,~1 m,airborne laser,17,115984,51700,https://cyberjapandata.gsi.go.jp/xyz/dem1a_png/17/115984/51700.png,138.5595703,35.4852746,138.5623169,35.487511,candidate URL generated from official GSI tile scheme; existence/coverage not locally verified
DEM1A,~1 m,airborne laser,17,115984,51701,https://cyberjapandata.gsi.go.jp/xyz/dem1a_png/17/115984/51701.png,138.5595703,35.4830381,138.5623169,35.4852746,candidate URL generated from official GSI tile scheme; existence/coverage not locally verified
DEM1A,~1 m,airborne laser,17,115984,51702,https://cyberjapandata.gsi.go.jp/xyz/dem1a_png/17/115984/51702.png,138.5595703,35.4808016,138.5623169,35.4830381,candidate URL generated from official GSI tile scheme; existence/coverage not locally verified
DEM1A,~1 m,airborne laser,17,115984,51703,https://cyberjapandata.gsi.go.jp/xyz/dem1a_png/17/115984/51703.png,138.5595703,35.478565,138.5623169,35.4808016,candidate URL generated from official GSI tile scheme; existence/coverage not locally verified
DEM1A,~1 m,airborne laser,17,115984,51704,https://cyberjapandata.gsi.go.jp/xyz/dem1a_png/17/115984/51704.png,138.5595703,35.4763283,138.5623169,35.478565,candidate URL generated from official GSI tile scheme; existence/coverage not locally verified
DEM1A,~1 m,airborne laser,17,115984,51705,https://cyberjapandata.gsi.go.jp/xyz/dem1a_png/17/115984/51705.png,138.5595703,35.4740916,138.5623169,35.4763283,candidate URL generated from official GSI tile scheme; existence/coverage not locally verified
DEM1A,~1 m,airborne laser,17,115984,51706,https://cyberjapandata.gsi.go.jp/xyz/dem1a_png/17/115984/51706.png,138.5595703,35.4718548,138.5623169,35.4740916,candidate URL generated from official GSI tile scheme; existence/coverage not locally verified
DEM1A,~1 m,airborne laser,17,115984,51707,https://cyberjapandata.gsi.go.jp/xyz/dem1a_png/17/115984/51707.png,138.5595703,35.469618,138.5623169,35.4718548,candidate URL generated from official GSI tile scheme; existence/coverage not locally verified
DEM1A,~1 m,airborne laser,17,115984,51708,https://cyberjapandata.gsi.go.jp/xyz/dem1a_png/17/115984/51708.png,138.5595703,35.4673811,138.5623169,35.469618,candidate URL generated from official GSI tile scheme; existence/coverage not locally verified
DEM1A,~1 m,airborne laser,17,115984,51709,https://cyberjapandata.gsi.go.jp/xyz/dem1a_png/17/115984/51709.png,138.5595703,35.4651441,138.5623169,35.4673811,candidate URL generated from official GSI tile scheme; existence/coverage not locally verified
DEM1A,~1 m,airborne laser,17,115984,51710,https://cyberjapandata.gsi.go.jp/xyz/dem1a_png/17/115984/51710.png,138.5595703,35.462907,138.5623169,35.4651441,candidate URL generated from official GSI tile scheme; existence/coverage not locally verified
DEM1A,~1 m,airborne laser,17,115984,51711,https://cyberjapandata.gsi.go.jp/xyz/dem1a_png/17/115984/51711.png,138.5595703,35.46067,138.5623169,35.462907,candidate URL generated from official GSI tile scheme; existence/coverage not locally verified
DEM1A,~1 m,airborne laser,17,115984,51712,https://cyberjapandata.gsi.go.jp/xyz/dem1a_png/17/115984/51712.png,138.5595703,35.4584328,138.5623169,35.46067,candidate URL generated from official GSI tile scheme; existence/coverage not locally verified
DEM1A,~1 m,airborne laser,17,115984,51713,https://cyberjapandata.gsi.go.jp/xyz/dem1a_png/17/115984/51713.png,138.5595703,35.4561956,138.5623169,35.4584328,candidate URL generated from official GSI tile scheme; existence/coverage not locally verified
DEM1A,~1 m,airborne laser,17,115984,51714,https://cyberjapandata.gsi.go.jp/xyz/dem1a_png/17/115984/51714.png,138.5595703,35.4539583,138.5623169,35.4561956,candidate URL generated from official GSI tile scheme; existence/coverage not locally verified
DEM1A,~1 m,airborne laser,17,115984,51715,https://cyberjapandata.gsi.go.jp/xyz/dem1a_png/17/115984/51715.png,138.5595703,35.4517209,138.5623169,35.4539583,candidate URL generated from official GSI tile scheme; existence/coverage not locally verified
DEM1A,~1 m,airborne laser,17,115984,51716,https://cyberjapandata.gsi.go.jp/xyz/dem1a_png/17/115984/51716.png,138.5595703,35.4494835,138.5623169,35.4517209,candidate URL generated from official GSI tile scheme; existence/coverage not locally verified
DEM1A,~1 m,airborne laser,17,115984,51717,https://cyberjapandata.gsi.go.jp/xyz/dem1a_png/17/115984/51717.png,138.5595703,35.4472461,138.5623169,35.4494835,candidate URL generated from official GSI tile scheme; existence/coverage not locally verified
DEM1A,~1 m,airborne laser,17,115984,51718,https://cyberjapandata.gsi.go.jp/xyz/dem1a_png/17/115984/51718.png,138.5595703,35.4450085,138.5623169,35.4472461,candidate URL generated from official GSI tile scheme; existence/coverage not locally verified
DEM1A,~1 m,airborne laser,17,115984,51719,https://cyberjapandata.gsi.go.jp/xyz/dem1a_png/17/115984/51719.png,138.5595703,35.4427709,138.5623169,35.4450085,candidate URL generated from official GSI tile scheme; existence/coverage not locally verified
DEM1A,~1 m,airborne laser,17,115984,51720,https://cyberjapandata.gsi.go.jp/xyz/dem1a_png/17/115984/51720.png,138.5595703,35.4405333,138.5623169,35.4427709,candidate URL generated from official GSI tile scheme; existence/coverage not locally verified
DEM1A,~1 m,airborne laser,17,115984,51721,https://cyberjapandata.gsi.go.jp/xyz/dem1a_png/17/115984/51721.png,138.5595703,35.4382955,138.5623169,35.4405333,candidate URL generated from official GSI tile scheme; existence/coverage not locally verified
DEM1A,~1 m,airborne laser,17,115984,51722,https://cyberjapandata.gsi.go.jp/xyz/dem1a_png/17/115984/51722.png,138.5595703,35.4360578,138.5623169,35.4382955,candidate URL generated from official GSI tile scheme; existence/coverage not locally verified
DEM1A,~1 m,airborne laser,17,115984,51723,https://cyberjapandata.gsi.go.jp/xyz/dem1a_png/17/115984/51723.png,138.5595703,35.4338199,138.5623169,35.4360578,candidate URL generated from official GSI tile scheme; existence/coverage not locally verified
DEM1A,~1 m,airborne laser,17,115984,51724,https://cyberjapandata.gsi.go.jp/xyz/dem1a_png/17/115984/51724.png,138.5595703,35.431582,138.5623169,35.4338199,candidate URL generated from official GSI tile scheme; existence/coverage not locally verified
DEM1A,~1 m,airborne laser,17,115984,51725,https://cyberjapandata.gsi.go.jp/xyz/dem1a_png/17/115984/51725.png,138.5595703,35.429344,138.5623169,35.431582,candidate URL generated from official GSI tile scheme; existence/coverage not locally verified
DEM1A,~1 m,airborne laser,17,115985,51680,https://cyberjapandata.gsi.go.jp/xyz/dem1a_png/17/115985/51680.png,138.5623169,35.5299911,138.5650635,35.5322262,candidate URL generated from official GSI tile scheme; existence/coverage not locally verified
DEM1A,~1 m,airborne laser,17,115985,51681,https://cyberjapandata.gsi.go.jp/xyz/dem1a_png/17/115985/51681.png,138.5623169,35.5277558,138.5650635,35.5299911,candidate URL generated from official GSI tile scheme; existence/coverage not locally verified
DEM1A,~1 m,airborne laser,17,115985,51682,https://cyberjapandata.gsi.go.jp/xyz/dem1a_png/17/115985/51682.png,138.5623169,35.5255205,138.5650635,35.5277558,candidate URL generated from official GSI tile scheme; existence/coverage not locally verified
DEM1A,~1 m,airborne laser,17,115985,51683,https://cyberjapandata.gsi.go.jp/xyz/dem1a_png/17/115985/51683.png,138.5623169,35.5232852,138.5650635,35.5255205,candidate URL generated from official GSI tile scheme; existence/coverage not locally verified
DEM1A,~1 m,airborne laser,17,115985,51684,https://cyberjapandata.gsi.go.jp/xyz/dem1a_png/17/115985/51684.png,138.5623169,35.5210498,138.5650635,35.5232852,candidate URL generated from official GSI tile scheme; existence/coverage not locally verified
DEM1A,~1 m,airborne laser,17,115985,51685,https://cyberjapandata.gsi.go.jp/xyz/dem1a_png/17/115985/51685.png,138.5623169,35.5188143,138.5650635,35.5210498,candidate URL generated from official GSI tile scheme; existence/coverage not locally verified
DEM1A,~1 m,airborne laser,17,115985,51686,https://cyberjapandata.gsi.go.jp/xyz/dem1a_png/17/115985/51686.png,138.5623169,35.5165787,138.5650635,35.5188143,candidate URL generated from official GSI tile scheme; existence/coverage not locally verified
DEM1A,~1 m,airborne laser,17,115985,51687,https://cyberjapandata.gsi.go.jp/xyz/dem1a_png/17/115985/51687.png,138.5623169,35.5143431,138.5650635,35.5165787,candidate URL generated from official GSI tile scheme; existence/coverage not locally verified
DEM1A,~1 m,airborne laser,17,115985,51688,https://cyberjapandata.gsi.go.jp/xyz/dem1a_png/17/115985/51688.png,138.5623169,35.5121075,138.5650635,35.5143431,candidate URL generated from official GSI tile scheme; existence/coverage not locally verified
DEM1A,~1 m,airborne laser,17,115985,51689,https://cyberjapandata.gsi.go.jp/xyz/dem1a_png/17/115985/51689.png,138.5623169,35.5098717,138.5650635,35.5121075,candidate URL generated from official GSI tile scheme; existence/coverage not locally verified
DEM1A,~1 m,airborne laser,17,115985,51690,https://cyberjapandata.gsi.go.jp/xyz/dem1a_png/17/115985/51690.png,138.5623169,35.5076359,138.5650635,35.5098717,candidate URL generated from official GSI tile scheme; existence/coverage not locally verified
DEM1A,~1 m,airborne laser,17,115985,51691,https://cyberjapandata.gsi.go.jp/xyz/dem1a_png/17/115985/51691.png,138.5623169,35.5054001,138.5650635,35.5076359,candidate URL generated from official GSI tile scheme; existence/coverage not locally verified
DEM1A,~1 m,airborne laser,17,115985,51692,https://cyberjapandata.gsi.go.jp/xyz/dem1a_png/17/115985/51692.png,138.5623169,35.5031642,138.5650635,35.5054001,candidate URL generated from official GSI tile scheme; existence/coverage not locally verified
DEM1A,~1 m,airborne laser,17,115985,51693,https://cyberjapandata.gsi.go.jp/xyz/dem1a_png/17/115985/51693.png,138.5623169,35.5009282,138.5650635,35.5031642,candidate URL generated from official GSI tile scheme; existence/coverage not locally verified
DEM1A,~1 m,airborne laser,17,115985,51694,https://cyberjapandata.gsi.go.jp/xyz/dem1a_png/17/115985/51694.png,138.5623169,35.4986922,138.5650635,35.5009282,candidate URL generated from official GSI tile scheme; existence/coverage not locally verified
DEM1A,~1 m,airborne laser,17,115985,51695,https://cyberjapandata.gsi.go.jp/xyz/dem1a_png/17/115985/51695.png,138.5623169,35.4964561,138.5650635,35.4986922,candidate URL generated from official GSI tile scheme; existence/coverage not locally verified
DEM1A,~1 m,airborne laser,17,115985,51696,https://cyberjapandata.gsi.go.jp/xyz/dem1a_png/17/115985/51696.png,138.5623169,35.4942199,138.5650635,35.4964561,candidate URL generated from official GSI tile scheme; existence/coverage not locally verified
DEM1A,~1 m,airborne laser,17,115985,51697,https://cyberjapandata.gsi.go.jp/xyz/dem1a_png/17/115985/51697.png,138.5623169,35.4919837,138.5650635,35.4942199,candidate URL generated from official GSI tile scheme; existence/coverage not locally verified
DEM1A,~1 m,airborne laser,17,115985,51698,https://cyberjapandata.gsi.go.jp/xyz/dem1a_png/17/115985/51698.png,138.5623169,35.4897474,138.5650635,35.4919837,candidate URL generated from official GSI tile scheme; existence/coverage not locally verified
DEM1A,~1 m,airborne laser,17,115985,51699,https://cyberjapandata.gsi.go.jp/xyz/dem1a_png/17/115985/51699.png,138.5623169,35.487511,138.5650635,35.4897474,candidate URL generated from official GSI tile scheme; existence/coverage not locally verified
DEM1A,~1 m,airborne laser,17,115985,51700,https://cyberjapandata.gsi.go.jp/xyz/dem1a_png/17/115985/51700.png,138.5623169,35.4852746,138.5650635,35.487511,candidate URL generated from official GSI tile scheme; existence/coverage not locally verified
DEM1A,~1 m,airborne laser,17,115985,51701,https://cyberjapandata.gsi.go.jp/xyz/dem1a_png/17/115985/51701.png,138.5623169,35.4830381,138.5650635,35.4852746,candidate URL generated from official GSI tile scheme; existence/coverage not locally verified
DEM1A,~1 m,airborne laser,17,115985,51702,https://cyberjapandata.gsi.go.jp/xyz/dem1a_png/17/115985/51702.png,138.5623169,35.4808016,138.5650635,35.4830381,candidate URL generated from official GSI tile scheme; existence/coverage not locally verified
DEM1A,~1 m,airborne laser,17,115985,51703,https://cyberjapandata.gsi.go.jp/xyz/dem1a_png/17/115985/51703.png,138.5623169,35.478565,138.5650635,35.4808016,candidate URL generated from official GSI tile scheme; existence/coverage not locally verified
DEM1A,~1 m,airborne laser,17,115985,51704,https://cyberjapandata.gsi.go.jp/xyz/dem1a_png/17/115985/51704.png,138.5623169,35.4763283,138.5650635,35.478565,candidate URL generated from official GSI tile scheme; existence/coverage not locally verified
DEM1A,~1 m,airborne laser,17,115985,51705,https://cyberjapandata.gsi.go.jp/xyz/dem1a_png/17/115985/51705.png,138.5623169,35.4740916,138.5650635,35.4763283,candidate URL generated from official GSI tile scheme; existence/coverage not locally verified
DEM1A,~1 m,airborne laser,17,115985,51706,https://cyberjapandata.gsi.go.jp/xyz/dem1a_png/17/115985/51706.png,138.5623169,35.4718548,138.5650635,35.4740916,candidate URL generated from official GSI tile scheme; existence/coverage not locally verified
DEM1A,~1 m,airborne laser,17,115985,51707,https://cyberjapandata.gsi.go.jp/xyz/dem1a_png/17/115985/51707.png,138.5623169,35.469618,138.5650635,35.4718548,candidate URL generated from official GSI tile scheme; existence/coverage not locally verified
DEM1A,~1 m,airborne laser,17,115985,51708,https://cyberjapandata.gsi.go.jp/xyz/dem1a_png/17/115985/51708.png,138.5623169,35.4673811,138.5650635,35.469618,candidate URL generated from official GSI tile scheme; existence/coverage not locally verified
DEM1A,~1 m,airborne laser,17,115985,51709,https://cyberjapandata.gsi.go.jp/xyz/dem1a_png/17/115985/51709.png,138.5623169,35.4651441,138.5650635,35.4673811,candidate URL generated from official GSI tile scheme; existence/coverage not locally verified
DEM1A,~1 m,airborne laser,17,115985,51710,https://cyberjapandata.gsi.go.jp/xyz/dem1a_png/17/115985/51710.png,138.5623169,35.462907,138.5650635,35.4651441,candidate URL generated from official GSI tile scheme; existence/coverage not locally verified
DEM1A,~1 m,airborne laser,17,115985,51711,https://cyberjapandata.gsi.go.jp/xyz/dem1a_png/17/115985/51711.png,138.5623169,35.46067,138.5650635,35.462907,candidate URL generated from official GSI tile scheme; existence/coverage not locally verified
DEM1A,~1 m,airborne laser,17,115985,51712,https://cyberjapandata.gsi.go.jp/xyz/dem1a_png/17/115985/51712.png,138.5623169,35.4584328,138.5650635,35.46067,candidate URL generated from official GSI tile scheme; existence/coverage not locally verified
DEM1A,~1 m,airborne laser,17,115985,51713,https://cyberjapandata.gsi.go.jp/xyz/dem1a_png/17/115985/51713.png,138.5623169,35.4561956,138.5650635,35.4584328,candidate URL generated from official GSI tile scheme; existence/coverage not locally verified
DEM1A,~1 m,airborne laser,17,115985,51714,https://cyberjapandata.gsi.go.jp/xyz/dem1a_png/17/115985/51714.png,138.5623169,35.4539583,138.5650635,35.4561956,candidate URL generated from official GSI tile scheme; existence/coverage not locally verified
DEM1A,~1 m,airborne laser,17,115985,51715,https://cyberjapandata.gsi.go.jp/xyz/dem1a_png/17/115985/51715.png,138.5623169,35.4517209,138.5650635,35.4539583,candidate URL generated from official GSI tile scheme; existence/coverage not locally verified
DEM1A,~1 m,airborne laser,17,115985,51716,https://cyberjapandata.gsi.go.jp/xyz/dem1a_png/17/115985/51716.png,138.5623169,35.4494835,138.5650635,35.4517209,candidate URL generated from official GSI tile scheme; existence/coverage not locally verified
DEM1A,~1 m,airborne laser,17,115985,51717,https://cyberjapandata.gsi.go.jp/xyz/dem1a_png/17/115985/51717.png,138.5623169,35.4472461,138.5650635,35.4494835,candidate URL generated from official GSI tile scheme; existence/coverage not locally verified
DEM1A,~1 m,airborne laser,17,115985,51718,https://cyberjapandata.gsi.go.jp/xyz/dem1a_png/17/115985/51718.png,138.5623169,35.4450085,138.5650635,35.4472461,candidate URL generated from official GSI tile scheme; existence/coverage not locally verified
DEM1A,~1 m,airborne laser,17,115985,51719,https://cyberjapandata.gsi.go.jp/xyz/dem1a_png/17/115985/51719.png,138.5623169,35.4427709,138.5650635,35.4450085,candidate URL generated from official GSI tile scheme; existence/coverage not locally verified
DEM1A,~1 m,airborne laser,17,115985,51720,https://cyberjapandata.gsi.go.jp/xyz/dem1a_png/17/115985/51720.png,138.5623169,35.4405333,138.5650635,35.4427709,candidate URL generated from official GSI tile scheme; existence/coverage not locally verified
DEM1A,~1 m,airborne laser,17,115985,51721,https://cyberjapandata.gsi.go.jp/xyz/dem1a_png/17/115985/51721.png,138.5623169,35.4382955,138.5650635,35.4405333,candidate URL generated from official GSI tile scheme; existence/coverage not locally verified
DEM1A,~1 m,airborne laser,17,115985,51722,https://cyberjapandata.gsi.go.jp/xyz/dem1a_png/17/115985/51722.png,138.5623169,35.4360578,138.5650635,35.4382955,candidate URL generated from official GSI tile scheme; existence/coverage not locally verified
DEM1A,~1 m,airborne laser,17,115985,51723,https://cyberjapandata.gsi.go.jp/xyz/dem1a_png/17/115985/51723.png,138.5623169,35.4338199,138.5650635,35.4360578,candidate URL generated from official GSI tile scheme; existence/coverage not locally verified
DEM1A,~1 m,airborne laser,17,115985,51724,https://cyberjapandata.gsi.go.jp/xyz/dem1a_png/17/115985/51724.png,138.5623169,35.431582,138.5650635,35.4338199,candidate URL generated from official GSI tile scheme; existence/coverage not locally verified
DEM1A,~1 m,airborne laser,17,115985,51725,https://cyberjapandata.gsi.go.jp/xyz/dem1a_png/17/115985/51725.png,138.5623169,35.429344,138.5650635,35.431582,candidate URL generated from official GSI tile scheme; existence/coverage not locally verified
DEM1A,~1 m,airborne laser,17,115986,51680,https://cyberjapandata.gsi.go.jp/xyz/dem1a_png/17/115986/51680.png,138.5650635,35.5299911,138.5678101,35.5322262,candidate URL generated from official GSI tile scheme; existence/coverage not locally verified
DEM1A,~1 m,airborne laser,17,115986,51681,https://cyberjapandata.gsi.go.jp/xyz/dem1a_png/17/115986/51681.png,138.5650635,35.5277558,138.5678101,35.5299911,candidate URL generated from official GSI tile scheme; existence/coverage not locally verified
DEM1A,~1 m,airborne laser,17,115986,51682,https://cyberjapandata.gsi.go.jp/xyz/dem1a_png/17/115986/51682.png,138.5650635,35.5255205,138.5678101,35.5277558,candidate URL generated from official GSI tile scheme; existence/coverage not locally verified
DEM1A,~1 m,airborne laser,17,115986,51683,https://cyberjapandata.gsi.go.jp/xyz/dem1a_png/17/115986/51683.png,138.5650635,35.5232852,138.5678101,35.5255205,candidate URL generated from official GSI tile scheme; existence/coverage not locally verified
DEM1A,~1 m,airborne laser,17,115986,51684,https://cyberjapandata.gsi.go.jp/xyz/dem1a_png/17/115986/51684.png,138.5650635,35.5210498,138.5678101,35.5232852,candidate URL generated from official GSI tile scheme; existence/coverage not locally verified
DEM1A,~1 m,airborne laser,17,115986,51685,https://cyberjapandata.gsi.go.jp/xyz/dem1a_png/17/115986/51685.png,138.5650635,35.5188143,138.5678101,35.5210498,candidate URL generated from official GSI tile scheme; existence/coverage not locally verified
DEM1A,~1 m,airborne laser,17,115986,51686,https://cyberjapandata.gsi.go.jp/xyz/dem1a_png/17/115986/51686.png,138.5650635,35.5165787,138.5678101,35.5188143,candidate URL generated from official GSI tile scheme; existence/coverage not locally verified
DEM1A,~1 m,airborne laser,17,115986,51687,https://cyberjapandata.gsi.go.jp/xyz/dem1a_png/17/115986/51687.png,138.5650635,35.5143431,138.5678101,35.5165787,candidate URL generated from official GSI tile scheme; existence/coverage not locally verified
DEM1A,~1 m,airborne laser,17,115986,51688,https://cyberjapandata.gsi.go.jp/xyz/dem1a_png/17/115986/51688.png,138.5650635,35.5121075,138.5678101,35.5143431,candidate URL generated from official GSI tile scheme; existence/coverage not locally verified
DEM1A,~1 m,airborne laser,17,115986,51689,https://cyberjapandata.gsi.go.jp/xyz/dem1a_png/17/115986/51689.png,138.5650635,35.5098717,138.5678101,35.5121075,candidate URL generated from official GSI tile scheme; existence/coverage not locally verified
DEM1A,~1 m,airborne laser,17,115986,51690,https://cyberjapandata.gsi.go.jp/xyz/dem1a_png/17/115986/51690.png,138.5650635,35.5076359,138.5678101,35.5098717,candidate URL generated from official GSI tile scheme; existence/coverage not locally verified
DEM1A,~1 m,airborne laser,17,115986,51691,https://cyberjapandata.gsi.go.jp/xyz/dem1a_png/17/115986/51691.png,138.5650635,35.5054001,138.5678101,35.5076359,candidate URL generated from official GSI tile scheme; existence/coverage not locally verified
DEM1A,~1 m,airborne laser,17,115986,51692,https://cyberjapandata.gsi.go.jp/xyz/dem1a_png/17/115986/51692.png,138.5650635,35.5031642,138.5678101,35.5054001,candidate URL generated from official GSI tile scheme; existence/coverage not locally verified
DEM1A,~1 m,airborne laser,17,115986,51693,https://cyberjapandata.gsi.go.jp/xyz/dem1a_png/17/115986/51693.png,138.5650635,35.5009282,138.5678101,35.5031642,candidate URL generated from official GSI tile scheme; existence/coverage not locally verified
DEM1A,~1 m,airborne laser,17,115986,51694,https://cyberjapandata.gsi.go.jp/xyz/dem1a_png/17/115986/51694.png,138.5650635,35.4986922,138.5678101,35.5009282,candidate URL generated from official GSI tile scheme; existence/coverage not locally verified
DEM1A,~1 m,airborne laser,17,115986,51695,https://cyberjapandata.gsi.go.jp/xyz/dem1a_png/17/115986/51695.png,138.5650635,35.4964561,138.5678101,35.4986922,candidate URL generated from official GSI tile scheme; existence/coverage not locally verified
DEM1A,~1 m,airborne laser,17,115986,51696,https://cyberjapandata.gsi.go.jp/xyz/dem1a_png/17/115986/51696.png,138.5650635,35.4942199,138.5678101,35.4964561,candidate URL generated from official GSI tile scheme; existence/coverage not locally verified
DEM1A,~1 m,airborne laser,17,115986,51697,https://cyberjapandata.gsi.go.jp/xyz/dem1a_png/17/115986/51697.png,138.5650635,35.4919837,138.5678101,35.4942199,candidate URL generated from official GSI tile scheme; existence/coverage not locally verified
DEM1A,~1 m,airborne laser,17,115986,51698,https://cyberjapandata.gsi.go.jp/xyz/dem1a_png/17/115986/51698.png,138.5650635,35.4897474,138.5678101,35.4919837,candidate URL generated from official GSI tile scheme; existence/coverage not locally verified
DEM1A,~1 m,airborne laser,17,115986,51699,https://cyberjapandata.gsi.go.jp/xyz/dem1a_png/17/115986/51699.png,138.5650635,35.487511,138.5678101,35.4897474,candidate URL generated from official GSI tile scheme; existence/coverage not locally verified
DEM1A,~1 m,airborne laser,17,115986,51700,https://cyberjapandata.gsi.go.jp/xyz/dem1a_png/17/115986/51700.png,138.5650635,35.4852746,138.5678101,35.487511,candidate URL generated from official GSI tile scheme; existence/coverage not locally verified
DEM1A,~1 m,airborne laser,17,115986,51701,https://cyberjapandata.gsi.go.jp/xyz/dem1a_png/17/115986/51701.png,138.5650635,35.4830381,138.5678101,35.4852746,candidate URL generated from official GSI tile scheme; existence/coverage not locally verified
DEM1A,~1 m,airborne laser,17,115986,51702,https://cyberjapandata.gsi.go.jp/xyz/dem1a_png/17/115986/51702.png,138.5650635,35.4808016,138.5678101,35.4830381,candidate URL generated from official GSI tile scheme; existence/coverage not locally verified
DEM1A,~1 m,airborne laser,17,115986,51703,https://cyberjapandata.gsi.go.jp/xyz/dem1a_png/17/115986/51703.png,138.5650635,35.478565,138.5678101,35.4808016,candidate URL generated from official GSI tile scheme; existence/coverage not locally verified
DEM1A,~1 m,airborne laser,17,115986,51704,https://cyberjapandata.gsi.go.jp/xyz/dem1a_png/17/115986/51704.png,138.5650635,35.4763283,138.5678101,35.478565,candidate URL generated from official GSI tile scheme; existence/coverage not locally verified
DEM1A,~1 m,airborne laser,17,115986,51705,https://cyberjapandata.gsi.go.jp/xyz/dem1a_png/17/115986/51705.png,138.5650635,35.4740916,138.5678101,35.4763283,candidate URL generated from official GSI tile scheme; existence/coverage not locally verified
DEM1A,~1 m,airborne laser,17,115986,51706,https://cyberjapandata.gsi.go.jp/xyz/dem1a_png/17/115986/51706.png,138.5650635,35.4718548,138.5678101,35.4740916,candidate URL generated from official GSI tile scheme; existence/coverage not locally verified
DEM1A,~1 m,airborne laser,17,115986,51707,https://cyberjapandata.gsi.go.jp/xyz/dem1a_png/17/115986/51707.png,138.5650635,35.469618,138.5678101,35.4718548,candidate URL generated from official GSI tile scheme; existence/coverage not locally verified
DEM1A,~1 m,airborne laser,17,115986,51708,https://cyberjapandata.gsi.go.jp/xyz/dem1a_png/17/115986/51708.png,138.5650635,35.4673811,138.5678101,35.469618,candidate URL generated from official GSI tile scheme; existence/coverage not locally verified
DEM1A,~1 m,airborne laser,17,115986,51709,https://cyberjapandata.gsi.go.jp/xyz/dem1a_png/17/115986/51709.png,138.5650635,35.4651441,138.5678101,35.4673811,candidate URL generated from official GSI tile scheme; existence/coverage not locally verified
DEM1A,~1 m,airborne laser,17,115986,51710,https://cyberjapandata.gsi.go.jp/xyz/dem1a_png/17/115986/51710.png,138.5650635,35.462907,138.5678101,35.4651441,candidate URL generated from official GSI tile scheme; existence/coverage not locally verified
DEM1A,~1 m,airborne laser,17,115986,51711,https://cyberjapandata.gsi.go.jp/xyz/dem1a_png/17/115986/51711.png,138.5650635,35.46067,138.5678101,35.462907,candidate URL generated from official GSI tile scheme; existence/coverage not locally verified
DEM1A,~1 m,airborne laser,17,115986,51712,https://cyberjapandata.gsi.go.jp/xyz/dem1a_png/17/115986/51712.png,138.5650635,35.4584328,138.5678101,35.46067,candidate URL generated from official GSI tile scheme; existence/coverage not locally verified
DEM1A,~1 m,airborne laser,17,115986,51713,https://cyberjapandata.gsi.go.jp/xyz/dem1a_png/17/115986/51713.png,138.5650635,35.4561956,138.5678101,35.4584328,candidate URL generated from official GSI tile scheme; existence/coverage not locally verified
DEM1A,~1 m,airborne laser,17,115986,51714,https://cyberjapandata.gsi.go.jp/xyz/dem1a_png/17/115986/51714.png,138.5650635,35.4539583,138.5678101,35.4561956,candidate URL generated from official GSI tile scheme; existence/coverage not locally verified
DEM1A,~1 m,airborne laser,17,115986,51715,https://cyberjapandata.gsi.go.jp/xyz/dem1a_png/17/115986/51715.png,138.5650635,35.4517209,138.5678101,35.4539583,candidate URL generated from official GSI tile scheme; existence/coverage not locally verified
DEM1A,~1 m,airborne laser,17,115986,51716,https://cyberjapandata.gsi.go.jp/xyz/dem1a_png/17/115986/51716.png,138.5650635,35.4494835,138.5678101,35.4517209,candidate URL generated from official GSI tile scheme; existence/coverage not locally verified
DEM1A,~1 m,airborne laser,17,115986,51717,https://cyberjapandata.gsi.go.jp/xyz/dem1a_png/17/115986/51717.png,138.5650635,35.4472461,138.5678101,35.4494835,candidate URL generated from official GSI tile scheme; existence/coverage not locally verified
DEM1A,~1 m,airborne laser,17,115986,51718,https://cyberjapandata.gsi.go.jp/xyz/dem1a_png/17/115986/51718.png,138.5650635,35.4450085,138.5678101,35.4472461,candidate URL generated from official GSI tile scheme; existence/coverage not locally verified
DEM1A,~1 m,airborne laser,17,115986,51719,https://cyberjapandata.gsi.go.jp/xyz/dem1a_png/17/115986/51719.png,138.5650635,35.4427709,138.5678101,35.4450085,candidate URL generated from official GSI tile scheme; existence/coverage not locally verified
DEM1A,~1 m,airborne laser,17,115986,51720,https://cyberjapandata.gsi.go.jp/xyz/dem1a_png/17/115986/51720.png,138.5650635,35.4405333,138.5678101,35.4427709,candidate URL generated from official GSI tile scheme; existence/coverage not locally verified
DEM1A,~1 m,airborne laser,17,115986,51721,https://cyberjapandata.gsi.go.jp/xyz/dem1a_png/17/115986/51721.png,138.5650635,35.4382955,138.5678101,35.4405333,candidate URL generated from official GSI tile scheme; existence/coverage not locally verified
DEM1A,~1 m,airborne laser,17,115986,51722,https://cyberjapandata.gsi.go.jp/xyz/dem1a_png/17/115986/51722.png,138.5650635,35.4360578,138.5678101,35.4382955,candidate URL generated from official GSI tile scheme; existence/coverage not locally verified
DEM1A,~1 m,airborne laser,17,115986,51723,https://cyberjapandata.gsi.go.jp/xyz/dem1a_png/17/115986/51723.png,138.5650635,35.4338199,138.5678101,35.4360578,candidate URL generated from official GSI tile scheme; existence/coverage not locally verified
DEM1A,~1 m,airborne laser,17,115986,51724,https://cyberjapandata.gsi.go.jp/xyz/dem1a_png/17/115986/51724.png,138.5650635,35.431582,138.5678101,35.4338199,candidate URL generated from official GSI tile scheme; existence/coverage not locally verified
DEM1A,~1 m,airborne laser,17,115986,51725,https://cyberjapandata.gsi.go.jp/xyz/dem1a_png/17/115986/51725.png,138.5650635,35.429344,138.5678101,35.431582,candidate URL generated from official GSI tile scheme; existence/coverage not locally verified
DEM1A,~1 m,airborne laser,17,115987,51680,https://cyberjapandata.gsi.go.jp/xyz/dem1a_png/17/115987/51680.png,138.5678101,35.5299911,138.5705566,35.5322262,candidate URL generated from official GSI tile scheme; existence/coverage not locally verified
DEM1A,~1 m,airborne laser,17,115987,51681,https://cyberjapandata.gsi.go.jp/xyz/dem1a_png/17/115987/51681.png,138.5678101,35.5277558,138.5705566,35.5299911,candidate URL generated from official GSI tile scheme; existence/coverage not locally verified
DEM1A,~1 m,airborne laser,17,115987,51682,https://cyberjapandata.gsi.go.jp/xyz/dem1a_png/17/115987/51682.png,138.5678101,35.5255205,138.5705566,35.5277558,candidate URL generated from official GSI tile scheme; existence/coverage not locally verified
DEM1A,~1 m,airborne laser,17,115987,51683,https://cyberjapandata.gsi.go.jp/xyz/dem1a_png/17/115987/51683.png,138.5678101,35.5232852,138.5705566,35.5255205,candidate URL generated from official GSI tile scheme; existence/coverage not locally verified
DEM1A,~1 m,airborne laser,17,115987,51684,https://cyberjapandata.gsi.go.jp/xyz/dem1a_png/17/115987/51684.png,138.5678101,35.5210498,138.5705566,35.5232852,candidate URL generated from official GSI tile scheme; existence/coverage not locally verified
DEM1A,~1 m,airborne laser,17,115987,51685,https://cyberjapandata.gsi.go.jp/xyz/dem1a_png/17/115987/51685.png,138.5678101,35.5188143,138.5705566,35.5210498,candidate URL generated from official GSI tile scheme; existence/coverage not locally verified
DEM1A,~1 m,airborne laser,17,115987,51686,https://cyberjapandata.gsi.go.jp/xyz/dem1a_png/17/115987/51686.png,138.5678101,35.5165787,138.5705566,35.5188143,candidate URL generated from official GSI tile scheme; existence/coverage not locally verified
DEM1A,~1 m,airborne laser,17,115987,51687,https://cyberjapandata.gsi.go.jp/xyz/dem1a_png/17/115987/51687.png,138.5678101,35.5143431,138.5705566,35.5165787,candidate URL generated from official GSI tile scheme; existence/coverage not locally verified
DEM1A,~1 m,airborne laser,17,115987,51688,https://cyberjapandata.gsi.go.jp/xyz/dem1a_png/17/115987/51688.png,138.5678101,35.5121075,138.5705566,35.5143431,candidate URL generated from official GSI tile scheme; existence/coverage not locally verified
DEM1A,~1 m,airborne laser,17,115987,51689,https://cyberjapandata.gsi.go.jp/xyz/dem1a_png/17/115987/51689.png,138.5678101,35.5098717,138.5705566,35.5121075,candidate URL generated from official GSI tile scheme; existence/coverage not locally verified
DEM1A,~1 m,airborne laser,17,115987,51690,https://cyberjapandata.gsi.go.jp/xyz/dem1a_png/17/115987/51690.png,138.5678101,35.5076359,138.5705566,35.5098717,candidate URL generated from official GSI tile scheme; existence/coverage not locally verified
DEM1A,~1 m,airborne laser,17,115987,51691,https://cyberjapandata.gsi.go.jp/xyz/dem1a_png/17/115987/51691.png,138.5678101,35.5054001,138.5705566,35.5076359,candidate URL generated from official GSI tile scheme; existence/coverage not locally verified
DEM1A,~1 m,airborne laser,17,115987,51692,https://cyberjapandata.gsi.go.jp/xyz/dem1a_png/17/115987/51692.png,138.5678101,35.5031642,138.5705566,35.5054001,candidate URL generated from official GSI tile scheme; existence/coverage not locally verified
DEM1A,~1 m,airborne laser,17,115987,51693,https://cyberjapandata.gsi.go.jp/xyz/dem1a_png/17/115987/51693.png,138.5678101,35.5009282,138.5705566,35.5031642,candidate URL generated from official GSI tile scheme; existence/coverage not locally verified
DEM1A,~1 m,airborne laser,17,115987,51694,https://cyberjapandata.gsi.go.jp/xyz/dem1a_png/17/115987/51694.png,138.5678101,35.4986922,138.5705566,35.5009282,candidate URL generated from official GSI tile scheme; existence/coverage not locally verified
DEM1A,~1 m,airborne laser,17,115987,51695,https://cyberjapandata.gsi.go.jp/xyz/dem1a_png/17/115987/51695.png,138.5678101,35.4964561,138.5705566,35.4986922,candidate URL generated from official GSI tile scheme; existence/coverage not locally verified
DEM1A,~1 m,airborne laser,17,115987,51696,https://cyberjapandata.gsi.go.jp/xyz/dem1a_png/17/115987/51696.png,138.5678101,35.4942199,138.5705566,35.4964561,candidate URL generated from official GSI tile scheme; existence/coverage not locally verified
DEM1A,~1 m,airborne laser,17,115987,51697,https://cyberjapandata.gsi.go.jp/xyz/dem1a_png/17/115987/51697.png,138.5678101,35.4919837,138.5705566,35.4942199,candidate URL generated from official GSI tile scheme; existence/coverage not locally verified
DEM1A,~1 m,airborne laser,17,115987,51698,https://cyberjapandata.gsi.go.jp/xyz/dem1a_png/17/115987/51698.png,138.5678101,35.4897474,138.5705566,35.4919837,candidate URL generated from official GSI tile scheme; existence/coverage not locally verified
DEM1A,~1 m,airborne laser,17,115987,51699,https://cyberjapandata.gsi.go.jp/xyz/dem1a_png/17/115987/51699.png,138.5678101,35.487511,138.5705566,35.4897474,candidate URL generated from official GSI tile scheme; existence/coverage not locally verified
DEM1A,~1 m,airborne laser,17,115987,51700,https://cyberjapandata.gsi.go.jp/xyz/dem1a_png/17/115987/51700.png,138.5678101,35.4852746,138.5705566,35.487511,candidate URL generated from official GSI tile scheme; existence/coverage not locally verified
DEM1A,~1 m,airborne laser,17,115987,51701,https://cyberjapandata.gsi.go.jp/xyz/dem1a_png/17/115987/51701.png,138.5678101,35.4830381,138.5705566,35.4852746,candidate URL generated from official GSI tile scheme; existence/coverage not locally verified
DEM1A,~1 m,airborne laser,17,115987,51702,https://cyberjapandata.gsi.go.jp/xyz/dem1a_png/17/115987/51702.png,138.5678101,35.4808016,138.5705566,35.4830381,candidate URL generated from official GSI tile scheme; existence/coverage not locally verified
DEM1A,~1 m,airborne laser,17,115987,51703,https://cyberjapandata.gsi.go.jp/xyz/dem1a_png/17/115987/51703.png,138.5678101,35.478565,138.5705566,35.4808016,candidate URL generated from official GSI tile scheme; existence/coverage not locally verified
DEM1A,~1 m,airborne laser,17,115987,51704,https://cyberjapandata.gsi.go.jp/xyz/dem1a_png/17/115987/51704.png,138.5678101,35.4763283,138.5705566,35.478565,candidate URL generated from official GSI tile scheme; existence/coverage not locally verified
DEM1A,~1 m,airborne laser,17,115987,51705,https://cyberjapandata.gsi.go.jp/xyz/dem1a_png/17/115987/51705.png,138.5678101,35.4740916,138.5705566,35.4763283,candidate URL generated from official GSI tile scheme; existence/coverage not locally verified
DEM1A,~1 m,airborne laser,17,115987,51706,https://cyberjapandata.gsi.go.jp/xyz/dem1a_png/17/115987/51706.png,138.5678101,35.4718548,138.5705566,35.4740916,candidate URL generated from official GSI tile scheme; existence/coverage not locally verified
DEM1A,~1 m,airborne laser,17,115987,51707,https://cyberjapandata.gsi.go.jp/xyz/dem1a_png/17/115987/51707.png,138.5678101,35.469618,138.5705566,35.4718548,candidate URL generated from official GSI tile scheme; existence/coverage not locally verified
DEM1A,~1 m,airborne laser,17,115987,51708,https://cyberjapandata.gsi.go.jp/xyz/dem1a_png/17/115987/51708.png,138.5678101,35.4673811,138.5705566,35.469618,candidate URL generated from official GSI tile scheme; existence/coverage not locally verified
DEM1A,~1 m,airborne laser,17,115987,51709,https://cyberjapandata.gsi.go.jp/xyz/dem1a_png/17/115987/51709.png,138.5678101,35.4651441,138.5705566,35.4673811,candidate URL generated from official GSI tile scheme; existence/coverage not locally verified
DEM1A,~1 m,airborne laser,17,115987,51710,https://cyberjapandata.gsi.go.jp/xyz/dem1a_png/17/115987/51710.png,138.5678101,35.462907,138.5705566,35.4651441,candidate URL generated from official GSI tile scheme; existence/coverage not locally verified
DEM1A,~1 m,airborne laser,17,115987,51711,https://cyberjapandata.gsi.go.jp/xyz/dem1a_png/17/115987/51711.png,138.5678101,35.46067,138.5705566,35.462907,candidate URL generated from official GSI tile scheme; existence/coverage not locally verified
DEM1A,~1 m,airborne laser,17,115987,51712,https://cyberjapandata.gsi.go.jp/xyz/dem1a_png/17/115987/51712.png,138.5678101,35.4584328,138.5705566,35.46067,candidate URL generated from official GSI tile scheme; existence/coverage not locally verified
DEM1A,~1 m,airborne laser,17,115987,51713,https://cyberjapandata.gsi.go.jp/xyz/dem1a_png/17/115987/51713.png,138.5678101,35.4561956,138.5705566,35.4584328,candidate URL generated from official GSI tile scheme; existence/coverage not locally verified
DEM1A,~1 m,airborne laser,17,115987,51714,https://cyberjapandata.gsi.go.jp/xyz/dem1a_png/17/115987/51714.png,138.5678101,35.4539583,138.5705566,35.4561956,candidate URL generated from official GSI tile scheme; existence/coverage not locally verified
DEM1A,~1 m,airborne laser,17,115987,51715,https://cyberjapandata.gsi.go.jp/xyz/dem1a_png/17/115987/51715.png,138.5678101,35.4517209,138.5705566,35.4539583,candidate URL generated from official GSI tile scheme; existence/coverage not locally verified
DEM1A,~1 m,airborne laser,17,115987,51716,https://cyberjapandata.gsi.go.jp/xyz/dem1a_png/17/115987/51716.png,138.5678101,35.4494835,138.5705566,35.4517209,candidate URL generated from official GSI tile scheme; existence/coverage not locally verified
DEM1A,~1 m,airborne laser,17,115987,51717,https://cyberjapandata.gsi.go.jp/xyz/dem1a_png/17/115987/51717.png,138.5678101,35.4472461,138.5705566,35.4494835,candidate URL generated from official GSI tile scheme; existence/coverage not locally verified
DEM1A,~1 m,airborne laser,17,115987,51718,https://cyberjapandata.gsi.go.jp/xyz/dem1a_png/17/115987/51718.png,138.5678101,35.4450085,138.5705566,35.4472461,candidate URL generated from official GSI tile scheme; existence/coverage not locally verified
DEM1A,~1 m,airborne laser,17,115987,51719,https://cyberjapandata.gsi.go.jp/xyz/dem1a_png/17/115987/51719.png,138.5678101,35.4427709,138.5705566,35.4450085,candidate URL generated from official GSI tile scheme; existence/coverage not locally verified
DEM1A,~1 m,airborne laser,17,115987,51720,https://cyberjapandata.gsi.go.jp/xyz/dem1a_png/17/115987/51720.png,138.5678101,35.4405333,138.5705566,35.4427709,candidate URL generated from official GSI tile scheme; existence/coverage not locally verified
DEM1A,~1 m,airborne laser,17,115987,51721,https://cyberjapandata.gsi.go.jp/xyz/dem1a_png/17/115987/51721.png,138.5678101,35.4382955,138.5705566,35.4405333,candidate URL generated from official GSI tile scheme; existence/coverage not locally verified
DEM1A,~1 m,airborne laser,17,115987,51722,https://cyberjapandata.gsi.go.jp/xyz/dem1a_png/17/115987/51722.png,138.5678101,35.4360578,138.5705566,35.4382955,candidate URL generated from official GSI tile scheme; existence/coverage not locally verified
DEM1A,~1 m,airborne laser,17,115987,51723,https://cyberjapandata.gsi.go.jp/xyz/dem1a_png/17/115987/51723.png,138.5678101,35.4338199,138.5705566,35.4360578,candidate URL generated from official GSI tile scheme; existence/coverage not locally verified
DEM1A,~1 m,airborne laser,17,115987,51724,https://cyberjapandata.gsi.go.jp/xyz/dem1a_png/17/115987/51724.png,138.5678101,35.431582,138.5705566,35.4338199,candidate URL generated from official GSI tile scheme; existence/coverage not locally verified
DEM1A,~1 m,airborne laser,17,115987,51725,https://cyberjapandata.gsi.go.jp/xyz/dem1a_png/17/115987/51725.png,138.5678101,35.429344,138.5705566,35.431582,candidate URL generated from official GSI tile scheme; existence/coverage not locally verified
DEM1A,~1 m,airborne laser,17,115988,51680,https://cyberjapandata.gsi.go.jp/xyz/dem1a_png/17/115988/51680.png,138.5705566,35.5299911,138.5733032,35.5322262,candidate URL generated from official GSI tile scheme; existence/coverage not locally verified
DEM1A,~1 m,airborne laser,17,115988,51681,https://cyberjapandata.gsi.go.jp/xyz/dem1a_png/17/115988/51681.png,138.5705566,35.5277558,138.5733032,35.5299911,candidate URL generated from official GSI tile scheme; existence/coverage not locally verified
DEM1A,~1 m,airborne laser,17,115988,51682,https://cyberjapandata.gsi.go.jp/xyz/dem1a_png/17/115988/51682.png,138.5705566,35.5255205,138.5733032,35.5277558,candidate URL generated from official GSI tile scheme; existence/coverage not locally verified
DEM1A,~1 m,airborne laser,17,115988,51683,https://cyberjapandata.gsi.go.jp/xyz/dem1a_png/17/115988/51683.png,138.5705566,35.5232852,138.5733032,35.5255205,candidate URL generated from official GSI tile scheme; existence/coverage not locally verified
DEM1A,~1 m,airborne laser,17,115988,51684,https://cyberjapandata.gsi.go.jp/xyz/dem1a_png/17/115988/51684.png,138.5705566,35.5210498,138.5733032,35.5232852,candidate URL generated from official GSI tile scheme; existence/coverage not locally verified
DEM1A,~1 m,airborne laser,17,115988,51685,https://cyberjapandata.gsi.go.jp/xyz/dem1a_png/17/115988/51685.png,138.5705566,35.5188143,138.5733032,35.5210498,candidate URL generated from official GSI tile scheme; existence/coverage not locally verified
DEM1A,~1 m,airborne laser,17,115988,51686,https://cyberjapandata.gsi.go.jp/xyz/dem1a_png/17/115988/51686.png,138.5705566,35.5165787,138.5733032,35.5188143,candidate URL generated from official GSI tile scheme; existence/coverage not locally verified
DEM1A,~1 m,airborne laser,17,115988,51687,https://cyberjapandata.gsi.go.jp/xyz/dem1a_png/17/115988/51687.png,138.5705566,35.5143431,138.5733032,35.5165787,candidate URL generated from official GSI tile scheme; existence/coverage not locally verified
DEM1A,~1 m,airborne laser,17,115988,51688,https://cyberjapandata.gsi.go.jp/xyz/dem1a_png/17/115988/51688.png,138.5705566,35.5121075,138.5733032,35.5143431,candidate URL generated from official GSI tile scheme; existence/coverage not locally verified
DEM1A,~1 m,airborne laser,17,115988,51689,https://cyberjapandata.gsi.go.jp/xyz/dem1a_png/17/115988/51689.png,138.5705566,35.5098717,138.5733032,35.5121075,candidate URL generated from official GSI tile scheme; existence/coverage not locally verified
DEM1A,~1 m,airborne laser,17,115988,51690,https://cyberjapandata.gsi.go.jp/xyz/dem1a_png/17/115988/51690.png,138.5705566,35.5076359,138.5733032,35.5098717,candidate URL generated from official GSI tile scheme; existence/coverage not locally verified
DEM1A,~1 m,airborne laser,17,115988,51691,https://cyberjapandata.gsi.go.jp/xyz/dem1a_png/17/115988/51691.png,138.5705566,35.5054001,138.5733032,35.5076359,candidate URL generated from official GSI tile scheme; existence/coverage not locally verified
DEM1A,~1 m,airborne laser,17,115988,51692,https://cyberjapandata.gsi.go.jp/xyz/dem1a_png/17/115988/51692.png,138.5705566,35.5031642,138.5733032,35.5054001,candidate URL generated from official GSI tile scheme; existence/coverage not locally verified
DEM1A,~1 m,airborne laser,17,115988,51693,https://cyberjapandata.gsi.go.jp/xyz/dem1a_png/17/115988/51693.png,138.5705566,35.5009282,138.5733032,35.5031642,candidate URL generated from official GSI tile scheme; existence/coverage not locally verified
DEM1A,~1 m,airborne laser,17,115988,51694,https://cyberjapandata.gsi.go.jp/xyz/dem1a_png/17/115988/51694.png,138.5705566,35.4986922,138.5733032,35.5009282,candidate URL generated from official GSI tile scheme; existence/coverage not locally verified
DEM1A,~1 m,airborne laser,17,115988,51695,https://cyberjapandata.gsi.go.jp/xyz/dem1a_png/17/115988/51695.png,138.5705566,35.4964561,138.5733032,35.4986922,candidate URL generated from official GSI tile scheme; existence/coverage not locally verified
DEM1A,~1 m,airborne laser,17,115988,51696,https://cyberjapandata.gsi.go.jp/xyz/dem1a_png/17/115988/51696.png,138.5705566,35.4942199,138.5733032,35.4964561,candidate URL generated from official GSI tile scheme; existence/coverage not locally verified
DEM1A,~1 m,airborne laser,17,115988,51697,https://cyberjapandata.gsi.go.jp/xyz/dem1a_png/17/115988/51697.png,138.5705566,35.4919837,138.5733032,35.4942199,candidate URL generated from official GSI tile scheme; existence/coverage not locally verified
DEM1A,~1 m,airborne laser,17,115988,51698,https://cyberjapandata.gsi.go.jp/xyz/dem1a_png/17/115988/51698.png,138.5705566,35.4897474,138.5733032,35.4919837,candidate URL generated from official GSI tile scheme; existence/coverage not locally verified
DEM1A,~1 m,airborne laser,17,115988,51699,https://cyberjapandata.gsi.go.jp/xyz/dem1a_png/17/115988/51699.png,138.5705566,35.487511,138.5733032,35.4897474,candidate URL generated from official GSI tile scheme; existence/coverage not locally verified
DEM1A,~1 m,airborne laser,17,115988,51700,https://cyberjapandata.gsi.go.jp/xyz/dem1a_png/17/115988/51700.png,138.5705566,35.4852746,138.5733032,35.487511,candidate URL generated from official GSI tile scheme; existence/coverage not locally verified
DEM1A,~1 m,airborne laser,17,115988,51701,https://cyberjapandata.gsi.go.jp/xyz/dem1a_png/17/115988/51701.png,138.5705566,35.4830381,138.5733032,35.4852746,candidate URL generated from official GSI tile scheme; existence/coverage not locally verified
DEM1A,~1 m,airborne laser,17,115988,51702,https://cyberjapandata.gsi.go.jp/xyz/dem1a_png/17/115988/51702.png,138.5705566,35.4808016,138.5733032,35.4830381,candidate URL generated from official GSI tile scheme; existence/coverage not locally verified
DEM1A,~1 m,airborne laser,17,115988,51703,https://cyberjapandata.gsi.go.jp/xyz/dem1a_png/17/115988/51703.png,138.5705566,35.478565,138.5733032,35.4808016,candidate URL generated from official GSI tile scheme; existence/coverage not locally verified
DEM1A,~1 m,airborne laser,17,115988,51704,https://cyberjapandata.gsi.go.jp/xyz/dem1a_png/17/115988/51704.png,138.5705566,35.4763283,138.5733032,35.478565,candidate URL generated from official GSI tile scheme; existence/coverage not locally verified
DEM1A,~1 m,airborne laser,17,115988,51705,https://cyberjapandata.gsi.go.jp/xyz/dem1a_png/17/115988/51705.png,138.5705566,35.4740916,138.5733032,35.4763283,candidate URL generated from official GSI tile scheme; existence/coverage not locally verified
DEM1A,~1 m,airborne laser,17,115988,51706,https://cyberjapandata.gsi.go.jp/xyz/dem1a_png/17/115988/51706.png,138.5705566,35.4718548,138.5733032,35.4740916,candidate URL generated from official GSI tile scheme; existence/coverage not locally verified
DEM1A,~1 m,airborne laser,17,115988,51707,https://cyberjapandata.gsi.go.jp/xyz/dem1a_png/17/115988/51707.png,138.5705566,35.469618,138.5733032,35.4718548,candidate URL generated from official GSI tile scheme; existence/coverage not locally verified
DEM1A,~1 m,airborne laser,17,115988,51708,https://cyberjapandata.gsi.go.jp/xyz/dem1a_png/17/115988/51708.png,138.5705566,35.4673811,138.5733032,35.469618,candidate URL generated from official GSI tile scheme; existence/coverage not locally verified
DEM1A,~1 m,airborne laser,17,115988,51709,https://cyberjapandata.gsi.go.jp/xyz/dem1a_png/17/115988/51709.png,138.5705566,35.4651441,138.5733032,35.4673811,candidate URL generated from official GSI tile scheme; existence/coverage not locally verified
DEM1A,~1 m,airborne laser,17,115988,51710,https://cyberjapandata.gsi.go.jp/xyz/dem1a_png/17/115988/51710.png,138.5705566,35.462907,138.5733032,35.4651441,candidate URL generated from official GSI tile scheme; existence/coverage not locally verified
DEM1A,~1 m,airborne laser,17,115988,51711,https://cyberjapandata.gsi.go.jp/xyz/dem1a_png/17/115988/51711.png,138.5705566,35.46067,138.5733032,35.462907,candidate URL generated from official GSI tile scheme; existence/coverage not locally verified
DEM1A,~1 m,airborne laser,17,115988,51712,https://cyberjapandata.gsi.go.jp/xyz/dem1a_png/17/115988/51712.png,138.5705566,35.4584328,138.5733032,35.46067,candidate URL generated from official GSI tile scheme; existence/coverage not locally verified
DEM1A,~1 m,airborne laser,17,115988,51713,https://cyberjapandata.gsi.go.jp/xyz/dem1a_png/17/115988/51713.png,138.5705566,35.4561956,138.5733032,35.4584328,candidate URL generated from official GSI tile scheme; existence/coverage not locally verified
DEM1A,~1 m,airborne laser,17,115988,51714,https://cyberjapandata.gsi.go.jp/xyz/dem1a_png/17/115988/51714.png,138.5705566,35.4539583,138.5733032,35.4561956,candidate URL generated from official GSI tile scheme; existence/coverage not locally verified
DEM1A,~1 m,airborne laser,17,115988,51715,https://cyberjapandata.gsi.go.jp/xyz/dem1a_png/17/115988/51715.png,138.5705566,35.4517209,138.5733032,35.4539583,candidate URL generated from official GSI tile scheme; existence/coverage not locally verified
DEM1A,~1 m,airborne laser,17,115988,51716,https://cyberjapandata.gsi.go.jp/xyz/dem1a_png/17/115988/51716.png,138.5705566,35.4494835,138.5733032,35.4517209,candidate URL generated from official GSI tile scheme; existence/coverage not locally verified
DEM1A,~1 m,airborne laser,17,115988,51717,https://cyberjapandata.gsi.go.jp/xyz/dem1a_png/17/115988/51717.png,138.5705566,35.4472461,138.5733032,35.4494835,candidate URL generated from official GSI tile scheme; existence/coverage not locally verified
DEM1A,~1 m,airborne laser,17,115988,51718,https://cyberjapandata.gsi.go.jp/xyz/dem1a_png/17/115988/51718.png,138.5705566,35.4450085,138.5733032,35.4472461,candidate URL generated from official GSI tile scheme; existence/coverage not locally verified
DEM1A,~1 m,airborne laser,17,115988,51719,https://cyberjapandata.gsi.go.jp/xyz/dem1a_png/17/115988/51719.png,138.5705566,35.4427709,138.5733032,35.4450085,candidate URL generated from official GSI tile scheme; existence/coverage not locally verified
DEM1A,~1 m,airborne laser,17,115988,51720,https://cyberjapandata.gsi.go.jp/xyz/dem1a_png/17/115988/51720.png,138.5705566,35.4405333,138.5733032,35.4427709,candidate URL generated from official GSI tile scheme; existence/coverage not locally verified
DEM1A,~1 m,airborne laser,17,115988,51721,https://cyberjapandata.gsi.go.jp/xyz/dem1a_png/17/115988/51721.png,138.5705566,35.4382955,138.5733032,35.4405333,candidate URL generated from official GSI tile scheme; existence/coverage not locally verified
DEM1A,~1 m,airborne laser,17,115988,51722,https://cyberjapandata.gsi.go.jp/xyz/dem1a_png/17/115988/51722.png,138.5705566,35.4360578,138.5733032,35.4382955,candidate URL generated from official GSI tile scheme; existence/coverage not locally verified
DEM1A,~1 m,airborne laser,17,115988,51723,https://cyberjapandata.gsi.go.jp/xyz/dem1a_png/17/115988/51723.png,138.5705566,35.4338199,138.5733032,35.4360578,candidate URL generated from official GSI tile scheme; existence/coverage not locally verified
DEM1A,~1 m,airborne laser,17,115988,51724,https://cyberjapandata.gsi.go.jp/xyz/dem1a_png/17/115988/51724.png,138.5705566,35.431582,138.5733032,35.4338199,candidate URL generated from official GSI tile scheme; existence/coverage not locally verified
DEM1A,~1 m,airborne laser,17,115988,51725,https://cyberjapandata.gsi.go.jp/xyz/dem1a_png/17/115988/51725.png,138.5705566,35.429344,138.5733032,35.431582,candidate URL generated from official GSI tile scheme; existence/coverage not locally verified
DEM1A,~1 m,airborne laser,17,115989,51680,https://cyberjapandata.gsi.go.jp/xyz/dem1a_png/17/115989/51680.png,138.5733032,35.5299911,138.5760498,35.5322262,candidate URL generated from official GSI tile scheme; existence/coverage not locally verified
DEM1A,~1 m,airborne laser,17,115989,51681,https://cyberjapandata.gsi.go.jp/xyz/dem1a_png/17/115989/51681.png,138.5733032,35.5277558,138.5760498,35.5299911,candidate URL generated from official GSI tile scheme; existence/coverage not locally verified
DEM1A,~1 m,airborne laser,17,115989,51682,https://cyberjapandata.gsi.go.jp/xyz/dem1a_png/17/115989/51682.png,138.5733032,35.5255205,138.5760498,35.5277558,candidate URL generated from official GSI tile scheme; existence/coverage not locally verified
DEM1A,~1 m,airborne laser,17,115989,51683,https://cyberjapandata.gsi.go.jp/xyz/dem1a_png/17/115989/51683.png,138.5733032,35.5232852,138.5760498,35.5255205,candidate URL generated from official GSI tile scheme; existence/coverage not locally verified
DEM1A,~1 m,airborne laser,17,115989,51684,https://cyberjapandata.gsi.go.jp/xyz/dem1a_png/17/115989/51684.png,138.5733032,35.5210498,138.5760498,35.5232852,candidate URL generated from official GSI tile scheme; existence/coverage not locally verified
DEM1A,~1 m,airborne laser,17,115989,51685,https://cyberjapandata.gsi.go.jp/xyz/dem1a_png/17/115989/51685.png,138.5733032,35.5188143,138.5760498,35.5210498,candidate URL generated from official GSI tile scheme; existence/coverage not locally verified
DEM1A,~1 m,airborne laser,17,115989,51686,https://cyberjapandata.gsi.go.jp/xyz/dem1a_png/17/115989/51686.png,138.5733032,35.5165787,138.5760498,35.5188143,candidate URL generated from official GSI tile scheme; existence/coverage not locally verified
DEM1A,~1 m,airborne laser,17,115989,51687,https://cyberjapandata.gsi.go.jp/xyz/dem1a_png/17/115989/51687.png,138.5733032,35.5143431,138.5760498,35.5165787,candidate URL generated from official GSI tile scheme; existence/coverage not locally verified
DEM1A,~1 m,airborne laser,17,115989,51688,https://cyberjapandata.gsi.go.jp/xyz/dem1a_png/17/115989/51688.png,138.5733032,35.5121075,138.5760498,35.5143431,candidate URL generated from official GSI tile scheme; existence/coverage not locally verified
DEM1A,~1 m,airborne laser,17,115989,51689,https://cyberjapandata.gsi.go.jp/xyz/dem1a_png/17/115989/51689.png,138.5733032,35.5098717,138.5760498,35.5121075,candidate URL generated from official GSI tile scheme; existence/coverage not locally verified
DEM1A,~1 m,airborne laser,17,115989,51690,https://cyberjapandata.gsi.go.jp/xyz/dem1a_png/17/115989/51690.png,138.5733032,35.5076359,138.5760498,35.5098717,candidate URL generated from official GSI tile scheme; existence/coverage not locally verified
DEM1A,~1 m,airborne laser,17,115989,51691,https://cyberjapandata.gsi.go.jp/xyz/dem1a_png/17/115989/51691.png,138.5733032,35.5054001,138.5760498,35.5076359,candidate URL generated from official GSI tile scheme; existence/coverage not locally verified
DEM1A,~1 m,airborne laser,17,115989,51692,https://cyberjapandata.gsi.go.jp/xyz/dem1a_png/17/115989/51692.png,138.5733032,35.5031642,138.5760498,35.5054001,candidate URL generated from official GSI tile scheme; existence/coverage not locally verified
DEM1A,~1 m,airborne laser,17,115989,51693,https://cyberjapandata.gsi.go.jp/xyz/dem1a_png/17/115989/51693.png,138.5733032,35.5009282,138.5760498,35.5031642,candidate URL generated from official GSI tile scheme; existence/coverage not locally verified
DEM1A,~1 m,airborne laser,17,115989,51694,https://cyberjapandata.gsi.go.jp/xyz/dem1a_png/17/115989/51694.png,138.5733032,35.4986922,138.5760498,35.5009282,candidate URL generated from official GSI tile scheme; existence/coverage not locally verified
DEM1A,~1 m,airborne laser,17,115989,51695,https://cyberjapandata.gsi.go.jp/xyz/dem1a_png/17/115989/51695.png,138.5733032,35.4964561,138.5760498,35.4986922,candidate URL generated from official GSI tile scheme; existence/coverage not locally verified
DEM1A,~1 m,airborne laser,17,115989,51696,https://cyberjapandata.gsi.go.jp/xyz/dem1a_png/17/115989/51696.png,138.5733032,35.4942199,138.5760498,35.4964561,candidate URL generated from official GSI tile scheme; existence/coverage not locally verified
DEM1A,~1 m,airborne laser,17,115989,51697,https://cyberjapandata.gsi.go.jp/xyz/dem1a_png/17/115989/51697.png,138.5733032,35.4919837,138.5760498,35.4942199,candidate URL generated from official GSI tile scheme; existence/coverage not locally verified
DEM1A,~1 m,airborne laser,17,115989,51698,https://cyberjapandata.gsi.go.jp/xyz/dem1a_png/17/115989/51698.png,138.5733032,35.4897474,138.5760498,35.4919837,candidate URL generated from official GSI tile scheme; existence/coverage not locally verified
DEM1A,~1 m,airborne laser,17,115989,51699,https://cyberjapandata.gsi.go.jp/xyz/dem1a_png/17/115989/51699.png,138.5733032,35.487511,138.5760498,35.4897474,candidate URL generated from official GSI tile scheme; existence/coverage not locally verified
DEM1A,~1 m,airborne laser,17,115989,51700,https://cyberjapandata.gsi.go.jp/xyz/dem1a_png/17/115989/51700.png,138.5733032,35.4852746,138.5760498,35.487511,candidate URL generated from official GSI tile scheme; existence/coverage not locally verified
DEM1A,~1 m,airborne laser,17,115989,51701,https://cyberjapandata.gsi.go.jp/xyz/dem1a_png/17/115989/51701.png,138.5733032,35.4830381,138.5760498,35.4852746,candidate URL generated from official GSI tile scheme; existence/coverage not locally verified
DEM1A,~1 m,airborne laser,17,115989,51702,https://cyberjapandata.gsi.go.jp/xyz/dem1a_png/17/115989/51702.png,138.5733032,35.4808016,138.5760498,35.4830381,candidate URL generated from official GSI tile scheme; existence/coverage not locally verified
DEM1A,~1 m,airborne laser,17,115989,51703,https://cyberjapandata.gsi.go.jp/xyz/dem1a_png/17/115989/51703.png,138.5733032,35.478565,138.5760498,35.4808016,candidate URL generated from official GSI tile scheme; existence/coverage not locally verified
DEM1A,~1 m,airborne laser,17,115989,51704,https://cyberjapandata.gsi.go.jp/xyz/dem1a_png/17/115989/51704.png,138.5733032,35.4763283,138.5760498,35.478565,candidate URL generated from official GSI tile scheme; existence/coverage not locally verified
DEM1A,~1 m,airborne laser,17,115989,51705,https://cyberjapandata.gsi.go.jp/xyz/dem1a_png/17/115989/51705.png,138.5733032,35.4740916,138.5760498,35.4763283,candidate URL generated from official GSI tile scheme; existence/coverage not locally verified
DEM1A,~1 m,airborne laser,17,115989,51706,https://cyberjapandata.gsi.go.jp/xyz/dem1a_png/17/115989/51706.png,138.5733032,35.4718548,138.5760498,35.4740916,candidate URL generated from official GSI tile scheme; existence/coverage not locally verified
DEM1A,~1 m,airborne laser,17,115989,51707,https://cyberjapandata.gsi.go.jp/xyz/dem1a_png/17/115989/51707.png,138.5733032,35.469618,138.5760498,35.4718548,candidate URL generated from official GSI tile scheme; existence/coverage not locally verified
DEM1A,~1 m,airborne laser,17,115989,51708,https://cyberjapandata.gsi.go.jp/xyz/dem1a_png/17/115989/51708.png,138.5733032,35.4673811,138.5760498,35.469618,candidate URL generated from official GSI tile scheme; existence/coverage not locally verified
DEM1A,~1 m,airborne laser,17,115989,51709,https://cyberjapandata.gsi.go.jp/xyz/dem1a_png/17/115989/51709.png,138.5733032,35.4651441,138.5760498,35.4673811,candidate URL generated from official GSI tile scheme; existence/coverage not locally verified
DEM1A,~1 m,airborne laser,17,115989,51710,https://cyberjapandata.gsi.go.jp/xyz/dem1a_png/17/115989/51710.png,138.5733032,35.462907,138.5760498,35.4651441,candidate URL generated from official GSI tile scheme; existence/coverage not locally verified
DEM1A,~1 m,airborne laser,17,115989,51711,https://cyberjapandata.gsi.go.jp/xyz/dem1a_png/17/115989/51711.png,138.5733032,35.46067,138.5760498,35.462907,candidate URL generated from official GSI tile scheme; existence/coverage not locally verified
DEM1A,~1 m,airborne laser,17,115989,51712,https://cyberjapandata.gsi.go.jp/xyz/dem1a_png/17/115989/51712.png,138.5733032,35.4584328,138.5760498,35.46067,candidate URL generated from official GSI tile scheme; existence/coverage not locally verified
DEM1A,~1 m,airborne laser,17,115989,51713,https://cyberjapandata.gsi.go.jp/xyz/dem1a_png/17/115989/51713.png,138.5733032,35.4561956,138.5760498,35.4584328,candidate URL generated from official GSI tile scheme; existence/coverage not locally verified
DEM1A,~1 m,airborne laser,17,115989,51714,https://cyberjapandata.gsi.go.jp/xyz/dem1a_png/17/115989/51714.png,138.5733032,35.4539583,138.5760498,35.4561956,candidate URL generated from official GSI tile scheme; existence/coverage not locally verified
DEM1A,~1 m,airborne laser,17,115989,51715,https://cyberjapandata.gsi.go.jp/xyz/dem1a_png/17/115989/51715.png,138.5733032,35.4517209,138.5760498,35.4539583,candidate URL generated from official GSI tile scheme; existence/coverage not locally verified
DEM1A,~1 m,airborne laser,17,115989,51716,https://cyberjapandata.gsi.go.jp/xyz/dem1a_png/17/115989/51716.png,138.5733032,35.4494835,138.5760498,35.4517209,candidate URL generated from official GSI tile scheme; existence/coverage not locally verified
DEM1A,~1 m,airborne laser,17,115989,51717,https://cyberjapandata.gsi.go.jp/xyz/dem1a_png/17/115989/51717.png,138.5733032,35.4472461,138.5760498,35.4494835,candidate URL generated from official GSI tile scheme; existence/coverage not locally verified
DEM1A,~1 m,airborne laser,17,115989,51718,https://cyberjapandata.gsi.go.jp/xyz/dem1a_png/17/115989/51718.png,138.5733032,35.4450085,138.5760498,35.4472461,candidate URL generated from official GSI tile scheme; existence/coverage not locally verified
DEM1A,~1 m,airborne laser,17,115989,51719,https://cyberjapandata.gsi.go.jp/xyz/dem1a_png/17/115989/51719.png,138.5733032,35.4427709,138.5760498,35.4450085,candidate URL generated from official GSI tile scheme; existence/coverage not locally verified
DEM1A,~1 m,airborne laser,17,115989,51720,https://cyberjapandata.gsi.go.jp/xyz/dem1a_png/17/115989/51720.png,138.5733032,35.4405333,138.5760498,35.4427709,candidate URL generated from official GSI tile scheme; existence/coverage not locally verified
DEM1A,~1 m,airborne laser,17,115989,51721,https://cyberjapandata.gsi.go.jp/xyz/dem1a_png/17/115989/51721.png,138.5733032,35.4382955,138.5760498,35.4405333,candidate URL generated from official GSI tile scheme; existence/coverage not locally verified
DEM1A,~1 m,airborne laser,17,115989,51722,https://cyberjapandata.gsi.go.jp/xyz/dem1a_png/17/115989/51722.png,138.5733032,35.4360578,138.5760498,35.4382955,candidate URL generated from official GSI tile scheme; existence/coverage not locally verified
DEM1A,~1 m,airborne laser,17,115989,51723,https://cyberjapandata.gsi.go.jp/xyz/dem1a_png/17/115989/51723.png,138.5733032,35.4338199,138.5760498,35.4360578,candidate URL generated from official GSI tile scheme; existence/coverage not locally verified
DEM1A,~1 m,airborne laser,17,115989,51724,https://cyberjapandata.gsi.go.jp/xyz/dem1a_png/17/115989/51724.png,138.5733032,35.431582,138.5760498,35.4338199,candidate URL generated from official GSI tile scheme; existence/coverage not locally verified
DEM1A,~1 m,airborne laser,17,115989,51725,https://cyberjapandata.gsi.go.jp/xyz/dem1a_png/17/115989/51725.png,138.5733032,35.429344,138.5760498,35.431582,candidate URL generated from official GSI tile scheme; existence/coverage not locally verified
DEM1A,~1 m,airborne laser,17,115990,51680,https://cyberjapandata.gsi.go.jp/xyz/dem1a_png/17/115990/51680.png,138.5760498,35.5299911,138.5787964,35.5322262,candidate URL generated from official GSI tile scheme; existence/coverage not locally verified
DEM1A,~1 m,airborne laser,17,115990,51681,https://cyberjapandata.gsi.go.jp/xyz/dem1a_png/17/115990/51681.png,138.5760498,35.5277558,138.5787964,35.5299911,candidate URL generated from official GSI tile scheme; existence/coverage not locally verified
DEM1A,~1 m,airborne laser,17,115990,51682,https://cyberjapandata.gsi.go.jp/xyz/dem1a_png/17/115990/51682.png,138.5760498,35.5255205,138.5787964,35.5277558,candidate URL generated from official GSI tile scheme; existence/coverage not locally verified
DEM1A,~1 m,airborne laser,17,115990,51683,https://cyberjapandata.gsi.go.jp/xyz/dem1a_png/17/115990/51683.png,138.5760498,35.5232852,138.5787964,35.5255205,candidate URL generated from official GSI tile scheme; existence/coverage not locally verified
DEM1A,~1 m,airborne laser,17,115990,51684,https://cyberjapandata.gsi.go.jp/xyz/dem1a_png/17/115990/51684.png,138.5760498,35.5210498,138.5787964,35.5232852,candidate URL generated from official GSI tile scheme; existence/coverage not locally verified
DEM1A,~1 m,airborne laser,17,115990,51685,https://cyberjapandata.gsi.go.jp/xyz/dem1a_png/17/115990/51685.png,138.5760498,35.5188143,138.5787964,35.5210498,candidate URL generated from official GSI tile scheme; existence/coverage not locally verified
DEM1A,~1 m,airborne laser,17,115990,51686,https://cyberjapandata.gsi.go.jp/xyz/dem1a_png/17/115990/51686.png,138.5760498,35.5165787,138.5787964,35.5188143,candidate URL generated from official GSI tile scheme; existence/coverage not locally verified
DEM1A,~1 m,airborne laser,17,115990,51687,https://cyberjapandata.gsi.go.jp/xyz/dem1a_png/17/115990/51687.png,138.5760498,35.5143431,138.5787964,35.5165787,candidate URL generated from official GSI tile scheme; existence/coverage not locally verified
DEM1A,~1 m,airborne laser,17,115990,51688,https://cyberjapandata.gsi.go.jp/xyz/dem1a_png/17/115990/51688.png,138.5760498,35.5121075,138.5787964,35.5143431,candidate URL generated from official GSI tile scheme; existence/coverage not locally verified
DEM1A,~1 m,airborne laser,17,115990,51689,https://cyberjapandata.gsi.go.jp/xyz/dem1a_png/17/115990/51689.png,138.5760498,35.5098717,138.5787964,35.5121075,candidate URL generated from official GSI tile scheme; existence/coverage not locally verified
DEM1A,~1 m,airborne laser,17,115990,51690,https://cyberjapandata.gsi.go.jp/xyz/dem1a_png/17/115990/51690.png,138.5760498,35.5076359,138.5787964,35.5098717,candidate URL generated from official GSI tile scheme; existence/coverage not locally verified
DEM1A,~1 m,airborne laser,17,115990,51691,https://cyberjapandata.gsi.go.jp/xyz/dem1a_png/17/115990/51691.png,138.5760498,35.5054001,138.5787964,35.5076359,candidate URL generated from official GSI tile scheme; existence/coverage not locally verified
DEM1A,~1 m,airborne laser,17,115990,51692,https://cyberjapandata.gsi.go.jp/xyz/dem1a_png/17/115990/51692.png,138.5760498,35.5031642,138.5787964,35.5054001,candidate URL generated from official GSI tile scheme; existence/coverage not locally verified
DEM1A,~1 m,airborne laser,17,115990,51693,https://cyberjapandata.gsi.go.jp/xyz/dem1a_png/17/115990/51693.png,138.5760498,35.5009282,138.5787964,35.5031642,candidate URL generated from official GSI tile scheme; existence/coverage not locally verified
DEM1A,~1 m,airborne laser,17,115990,51694,https://cyberjapandata.gsi.go.jp/xyz/dem1a_png/17/115990/51694.png,138.5760498,35.4986922,138.5787964,35.5009282,candidate URL generated from official GSI tile scheme; existence/coverage not locally verified
DEM1A,~1 m,airborne laser,17,115990,51695,https://cyberjapandata.gsi.go.jp/xyz/dem1a_png/17/115990/51695.png,138.5760498,35.4964561,138.5787964,35.4986922,candidate URL generated from official GSI tile scheme; existence/coverage not locally verified
DEM1A,~1 m,airborne laser,17,115990,51696,https://cyberjapandata.gsi.go.jp/xyz/dem1a_png/17/115990/51696.png,138.5760498,35.4942199,138.5787964,35.4964561,candidate URL generated from official GSI tile scheme; existence/coverage not locally verified
DEM1A,~1 m,airborne laser,17,115990,51697,https://cyberjapandata.gsi.go.jp/xyz/dem1a_png/17/115990/51697.png,138.5760498,35.4919837,138.5787964,35.4942199,candidate URL generated from official GSI tile scheme; existence/coverage not locally verified
DEM1A,~1 m,airborne laser,17,115990,51698,https://cyberjapandata.gsi.go.jp/xyz/dem1a_png/17/115990/51698.png,138.5760498,35.4897474,138.5787964,35.4919837,candidate URL generated from official GSI tile scheme; existence/coverage not locally verified
DEM1A,~1 m,airborne laser,17,115990,51699,https://cyberjapandata.gsi.go.jp/xyz/dem1a_png/17/115990/51699.png,138.5760498,35.487511,138.5787964,35.4897474,candidate URL generated from official GSI tile scheme; existence/coverage not locally verified
DEM1A,~1 m,airborne laser,17,115990,51700,https://cyberjapandata.gsi.go.jp/xyz/dem1a_png/17/115990/51700.png,138.5760498,35.4852746,138.5787964,35.487511,candidate URL generated from official GSI tile scheme; existence/coverage not locally verified
DEM1A,~1 m,airborne laser,17,115990,51701,https://cyberjapandata.gsi.go.jp/xyz/dem1a_png/17/115990/51701.png,138.5760498,35.4830381,138.5787964,35.4852746,candidate URL generated from official GSI tile scheme; existence/coverage not locally verified
DEM1A,~1 m,airborne laser,17,115990,51702,https://cyberjapandata.gsi.go.jp/xyz/dem1a_png/17/115990/51702.png,138.5760498,35.4808016,138.5787964,35.4830381,candidate URL generated from official GSI tile scheme; existence/coverage not locally verified
DEM1A,~1 m,airborne laser,17,115990,51703,https://cyberjapandata.gsi.go.jp/xyz/dem1a_png/17/115990/51703.png,138.5760498,35.478565,138.5787964,35.4808016,candidate URL generated from official GSI tile scheme; existence/coverage not locally verified
DEM1A,~1 m,airborne laser,17,115990,51704,https://cyberjapandata.gsi.go.jp/xyz/dem1a_png/17/115990/51704.png,138.5760498,35.4763283,138.5787964,35.478565,candidate URL generated from official GSI tile scheme; existence/coverage not locally verified
DEM1A,~1 m,airborne laser,17,115990,51705,https://cyberjapandata.gsi.go.jp/xyz/dem1a_png/17/115990/51705.png,138.5760498,35.4740916,138.5787964,35.4763283,candidate URL generated from official GSI tile scheme; existence/coverage not locally verified
DEM1A,~1 m,airborne laser,17,115990,51706,https://cyberjapandata.gsi.go.jp/xyz/dem1a_png/17/115990/51706.png,138.5760498,35.4718548,138.5787964,35.4740916,candidate URL generated from official GSI tile scheme; existence/coverage not locally verified
DEM1A,~1 m,airborne laser,17,115990,51707,https://cyberjapandata.gsi.go.jp/xyz/dem1a_png/17/115990/51707.png,138.5760498,35.469618,138.5787964,35.4718548,candidate URL generated from official GSI tile scheme; existence/coverage not locally verified
DEM1A,~1 m,airborne laser,17,115990,51708,https://cyberjapandata.gsi.go.jp/xyz/dem1a_png/17/115990/51708.png,138.5760498,35.4673811,138.5787964,35.469618,candidate URL generated from official GSI tile scheme; existence/coverage not locally verified
DEM1A,~1 m,airborne laser,17,115990,51709,https://cyberjapandata.gsi.go.jp/xyz/dem1a_png/17/115990/51709.png,138.5760498,35.4651441,138.5787964,35.4673811,candidate URL generated from official GSI tile scheme; existence/coverage not locally verified
DEM1A,~1 m,airborne laser,17,115990,51710,https://cyberjapandata.gsi.go.jp/xyz/dem1a_png/17/115990/51710.png,138.5760498,35.462907,138.5787964,35.4651441,candidate URL generated from official GSI tile scheme; existence/coverage not locally verified
DEM1A,~1 m,airborne laser,17,115990,51711,https://cyberjapandata.gsi.go.jp/xyz/dem1a_png/17/115990/51711.png,138.5760498,35.46067,138.5787964,35.462907,candidate URL generated from official GSI tile scheme; existence/coverage not locally verified
DEM1A,~1 m,airborne laser,17,115990,51712,https://cyberjapandata.gsi.go.jp/xyz/dem1a_png/17/115990/51712.png,138.5760498,35.4584328,138.5787964,35.46067,candidate URL generated from official GSI tile scheme; existence/coverage not locally verified
DEM1A,~1 m,airborne laser,17,115990,51713,https://cyberjapandata.gsi.go.jp/xyz/dem1a_png/17/115990/51713.png,138.5760498,35.4561956,138.5787964,35.4584328,candidate URL generated from official GSI tile scheme; existence/coverage not locally verified
DEM1A,~1 m,airborne laser,17,115990,51714,https://cyberjapandata.gsi.go.jp/xyz/dem1a_png/17/115990/51714.png,138.5760498,35.4539583,138.5787964,35.4561956,candidate URL generated from official GSI tile scheme; existence/coverage not locally verified
DEM1A,~1 m,airborne laser,17,115990,51715,https://cyberjapandata.gsi.go.jp/xyz/dem1a_png/17/115990/51715.png,138.5760498,35.4517209,138.5787964,35.4539583,candidate URL generated from official GSI tile scheme; existence/coverage not locally verified
DEM1A,~1 m,airborne laser,17,115990,51716,https://cyberjapandata.gsi.go.jp/xyz/dem1a_png/17/115990/51716.png,138.5760498,35.4494835,138.5787964,35.4517209,candidate URL generated from official GSI tile scheme; existence/coverage not locally verified
DEM1A,~1 m,airborne laser,17,115990,51717,https://cyberjapandata.gsi.go.jp/xyz/dem1a_png/17/115990/51717.png,138.5760498,35.4472461,138.5787964,35.4494835,candidate URL generated from official GSI tile scheme; existence/coverage not locally verified
DEM1A,~1 m,airborne laser,17,115990,51718,https://cyberjapandata.gsi.go.jp/xyz/dem1a_png/17/115990/51718.png,138.5760498,35.4450085,138.5787964,35.4472461,candidate URL generated from official GSI tile scheme; existence/coverage not locally verified
DEM1A,~1 m,airborne laser,17,115990,51719,https://cyberjapandata.gsi.go.jp/xyz/dem1a_png/17/115990/51719.png,138.5760498,35.4427709,138.5787964,35.4450085,candidate URL generated from official GSI tile scheme; existence/coverage not locally verified
DEM1A,~1 m,airborne laser,17,115990,51720,https://cyberjapandata.gsi.go.jp/xyz/dem1a_png/17/115990/51720.png,138.5760498,35.4405333,138.5787964,35.4427709,candidate URL generated from official GSI tile scheme; existence/coverage not locally verified
DEM1A,~1 m,airborne laser,17,115990,51721,https://cyberjapandata.gsi.go.jp/xyz/dem1a_png/17/115990/51721.png,138.5760498,35.4382955,138.5787964,35.4405333,candidate URL generated from official GSI tile scheme; existence/coverage not locally verified
DEM1A,~1 m,airborne laser,17,115990,51722,https://cyberjapandata.gsi.go.jp/xyz/dem1a_png/17/115990/51722.png,138.5760498,35.4360578,138.5787964,35.4382955,candidate URL generated from official GSI tile scheme; existence/coverage not locally verified
DEM1A,~1 m,airborne laser,17,115990,51723,https://cyberjapandata.gsi.go.jp/xyz/dem1a_png/17/115990/51723.png,138.5760498,35.4338199,138.5787964,35.4360578,candidate URL generated from official GSI tile scheme; existence/coverage not locally verified
DEM1A,~1 m,airborne laser,17,115990,51724,https://cyberjapandata.gsi.go.jp/xyz/dem1a_png/17/115990/51724.png,138.5760498,35.431582,138.5787964,35.4338199,candidate URL generated from official GSI tile scheme; existence/coverage not locally verified
DEM1A,~1 m,airborne laser,17,115990,51725,https://cyberjapandata.gsi.go.jp/xyz/dem1a_png/17/115990/51725.png,138.5760498,35.429344,138.5787964,35.431582,candidate URL generated from official GSI tile scheme; existence/coverage not locally verified
DEM1A,~1 m,airborne laser,17,115991,51680,https://cyberjapandata.gsi.go.jp/xyz/dem1a_png/17/115991/51680.png,138.5787964,35.5299911,138.581543,35.5322262,candidate URL generated from official GSI tile scheme; existence/coverage not locally verified
DEM1A,~1 m,airborne laser,17,115991,51681,https://cyberjapandata.gsi.go.jp/xyz/dem1a_png/17/115991/51681.png,138.5787964,35.5277558,138.581543,35.5299911,candidate URL generated from official GSI tile scheme; existence/coverage not locally verified
DEM1A,~1 m,airborne laser,17,115991,51682,https://cyberjapandata.gsi.go.jp/xyz/dem1a_png/17/115991/51682.png,138.5787964,35.5255205,138.581543,35.5277558,candidate URL generated from official GSI tile scheme; existence/coverage not locally verified
DEM1A,~1 m,airborne laser,17,115991,51683,https://cyberjapandata.gsi.go.jp/xyz/dem1a_png/17/115991/51683.png,138.5787964,35.5232852,138.581543,35.5255205,candidate URL generated from official GSI tile scheme; existence/coverage not locally verified
DEM1A,~1 m,airborne laser,17,115991,51684,https://cyberjapandata.gsi.go.jp/xyz/dem1a_png/17/115991/51684.png,138.5787964,35.5210498,138.581543,35.5232852,candidate URL generated from official GSI tile scheme; existence/coverage not locally verified
DEM1A,~1 m,airborne laser,17,115991,51685,https://cyberjapandata.gsi.go.jp/xyz/dem1a_png/17/115991/51685.png,138.5787964,35.5188143,138.581543,35.5210498,candidate URL generated from official GSI tile scheme; existence/coverage not locally verified
DEM1A,~1 m,airborne laser,17,115991,51686,https://cyberjapandata.gsi.go.jp/xyz/dem1a_png/17/115991/51686.png,138.5787964,35.5165787,138.581543,35.5188143,candidate URL generated from official GSI tile scheme; existence/coverage not locally verified
DEM1A,~1 m,airborne laser,17,115991,51687,https://cyberjapandata.gsi.go.jp/xyz/dem1a_png/17/115991/51687.png,138.5787964,35.5143431,138.581543,35.5165787,candidate URL generated from official GSI tile scheme; existence/coverage not locally verified
DEM1A,~1 m,airborne laser,17,115991,51688,https://cyberjapandata.gsi.go.jp/xyz/dem1a_png/17/115991/51688.png,138.5787964,35.5121075,138.581543,35.5143431,candidate URL generated from official GSI tile scheme; existence/coverage not locally verified
DEM1A,~1 m,airborne laser,17,115991,51689,https://cyberjapandata.gsi.go.jp/xyz/dem1a_png/17/115991/51689.png,138.5787964,35.5098717,138.581543,35.5121075,candidate URL generated from official GSI tile scheme; existence/coverage not locally verified
DEM1A,~1 m,airborne laser,17,115991,51690,https://cyberjapandata.gsi.go.jp/xyz/dem1a_png/17/115991/51690.png,138.5787964,35.5076359,138.581543,35.5098717,candidate URL generated from official GSI tile scheme; existence/coverage not locally verified
DEM1A,~1 m,airborne laser,17,115991,51691,https://cyberjapandata.gsi.go.jp/xyz/dem1a_png/17/115991/51691.png,138.5787964,35.5054001,138.581543,35.5076359,candidate URL generated from official GSI tile scheme; existence/coverage not locally verified
DEM1A,~1 m,airborne laser,17,115991,51692,https://cyberjapandata.gsi.go.jp/xyz/dem1a_png/17/115991/51692.png,138.5787964,35.5031642,138.581543,35.5054001,candidate URL generated from official GSI tile scheme; existence/coverage not locally verified
DEM1A,~1 m,airborne laser,17,115991,51693,https://cyberjapandata.gsi.go.jp/xyz/dem1a_png/17/115991/51693.png,138.5787964,35.5009282,138.581543,35.5031642,candidate URL generated from official GSI tile scheme; existence/coverage not locally verified
DEM1A,~1 m,airborne laser,17,115991,51694,https://cyberjapandata.gsi.go.jp/xyz/dem1a_png/17/115991/51694.png,138.5787964,35.4986922,138.581543,35.5009282,candidate URL generated from official GSI tile scheme; existence/coverage not locally verified
DEM1A,~1 m,airborne laser,17,115991,51695,https://cyberjapandata.gsi.go.jp/xyz/dem1a_png/17/115991/51695.png,138.5787964,35.4964561,138.581543,35.4986922,candidate URL generated from official GSI tile scheme; existence/coverage not locally verified
DEM1A,~1 m,airborne laser,17,115991,51696,https://cyberjapandata.gsi.go.jp/xyz/dem1a_png/17/115991/51696.png,138.5787964,35.4942199,138.581543,35.4964561,candidate URL generated from official GSI tile scheme; existence/coverage not locally verified
DEM1A,~1 m,airborne laser,17,115991,51697,https://cyberjapandata.gsi.go.jp/xyz/dem1a_png/17/115991/51697.png,138.5787964,35.4919837,138.581543,35.4942199,candidate URL generated from official GSI tile scheme; existence/coverage not locally verified
DEM1A,~1 m,airborne laser,17,115991,51698,https://cyberjapandata.gsi.go.jp/xyz/dem1a_png/17/115991/51698.png,138.5787964,35.4897474,138.581543,35.4919837,candidate URL generated from official GSI tile scheme; existence/coverage not locally verified
DEM1A,~1 m,airborne laser,17,115991,51699,https://cyberjapandata.gsi.go.jp/xyz/dem1a_png/17/115991/51699.png,138.5787964,35.487511,138.581543,35.4897474,candidate URL generated from official GSI tile scheme; existence/coverage not locally verified
DEM1A,~1 m,airborne laser,17,115991,51700,https://cyberjapandata.gsi.go.jp/xyz/dem1a_png/17/115991/51700.png,138.5787964,35.4852746,138.581543,35.487511,candidate URL generated from official GSI tile scheme; existence/coverage not locally verified
DEM1A,~1 m,airborne laser,17,115991,51701,https://cyberjapandata.gsi.go.jp/xyz/dem1a_png/17/115991/51701.png,138.5787964,35.4830381,138.581543,35.4852746,candidate URL generated from official GSI tile scheme; existence/coverage not locally verified
DEM1A,~1 m,airborne laser,17,115991,51702,https://cyberjapandata.gsi.go.jp/xyz/dem1a_png/17/115991/51702.png,138.5787964,35.4808016,138.581543,35.4830381,candidate URL generated from official GSI tile scheme; existence/coverage not locally verified
DEM1A,~1 m,airborne laser,17,115991,51703,https://cyberjapandata.gsi.go.jp/xyz/dem1a_png/17/115991/51703.png,138.5787964,35.478565,138.581543,35.4808016,candidate URL generated from official GSI tile scheme; existence/coverage not locally verified
DEM1A,~1 m,airborne laser,17,115991,51704,https://cyberjapandata.gsi.go.jp/xyz/dem1a_png/17/115991/51704.png,138.5787964,35.4763283,138.581543,35.478565,candidate URL generated from official GSI tile scheme; existence/coverage not locally verified
DEM1A,~1 m,airborne laser,17,115991,51705,https://cyberjapandata.gsi.go.jp/xyz/dem1a_png/17/115991/51705.png,138.5787964,35.4740916,138.581543,35.4763283,candidate URL generated from official GSI tile scheme; existence/coverage not locally verified
DEM1A,~1 m,airborne laser,17,115991,51706,https://cyberjapandata.gsi.go.jp/xyz/dem1a_png/17/115991/51706.png,138.5787964,35.4718548,138.581543,35.4740916,candidate URL generated from official GSI tile scheme; existence/coverage not locally verified
DEM1A,~1 m,airborne laser,17,115991,51707,https://cyberjapandata.gsi.go.jp/xyz/dem1a_png/17/115991/51707.png,138.5787964,35.469618,138.581543,35.4718548,candidate URL generated from official GSI tile scheme; existence/coverage not locally verified
DEM1A,~1 m,airborne laser,17,115991,51708,https://cyberjapandata.gsi.go.jp/xyz/dem1a_png/17/115991/51708.png,138.5787964,35.4673811,138.581543,35.469618,candidate URL generated from official GSI tile scheme; existence/coverage not locally verified
DEM1A,~1 m,airborne laser,17,115991,51709,https://cyberjapandata.gsi.go.jp/xyz/dem1a_png/17/115991/51709.png,138.5787964,35.4651441,138.581543,35.4673811,candidate URL generated from official GSI tile scheme; existence/coverage not locally verified
DEM1A,~1 m,airborne laser,17,115991,51710,https://cyberjapandata.gsi.go.jp/xyz/dem1a_png/17/115991/51710.png,138.5787964,35.462907,138.581543,35.4651441,candidate URL generated from official GSI tile scheme; existence/coverage not locally verified
DEM1A,~1 m,airborne laser,17,115991,51711,https://cyberjapandata.gsi.go.jp/xyz/dem1a_png/17/115991/51711.png,138.5787964,35.46067,138.581543,35.462907,candidate URL generated from official GSI tile scheme; existence/coverage not locally verified
DEM1A,~1 m,airborne laser,17,115991,51712,https://cyberjapandata.gsi.go.jp/xyz/dem1a_png/17/115991/51712.png,138.5787964,35.4584328,138.581543,35.46067,candidate URL generated from official GSI tile scheme; existence/coverage not locally verified
DEM1A,~1 m,airborne laser,17,115991,51713,https://cyberjapandata.gsi.go.jp/xyz/dem1a_png/17/115991/51713.png,138.5787964,35.4561956,138.581543,35.4584328,candidate URL generated from official GSI tile scheme; existence/coverage not locally verified
DEM1A,~1 m,airborne laser,17,115991,51714,https://cyberjapandata.gsi.go.jp/xyz/dem1a_png/17/115991/51714.png,138.5787964,35.4539583,138.581543,35.4561956,candidate URL generated from official GSI tile scheme; existence/coverage not locally verified
DEM1A,~1 m,airborne laser,17,115991,51715,https://cyberjapandata.gsi.go.jp/xyz/dem1a_png/17/115991/51715.png,138.5787964,35.4517209,138.581543,35.4539583,candidate URL generated from official GSI tile scheme; existence/coverage not locally verified
DEM1A,~1 m,airborne laser,17,115991,51716,https://cyberjapandata.gsi.go.jp/xyz/dem1a_png/17/115991/51716.png,138.5787964,35.4494835,138.581543,35.4517209,candidate URL generated from official GSI tile scheme; existence/coverage not locally verified
DEM1A,~1 m,airborne laser,17,115991,51717,https://cyberjapandata.gsi.go.jp/xyz/dem1a_png/17/115991/51717.png,138.5787964,35.4472461,138.581543,35.4494835,candidate URL generated from official GSI tile scheme; existence/coverage not locally verified
DEM1A,~1 m,airborne laser,17,115991,51718,https://cyberjapandata.gsi.go.jp/xyz/dem1a_png/17/115991/51718.png,138.5787964,35.4450085,138.581543,35.4472461,candidate URL generated from official GSI tile scheme; existence/coverage not locally verified
DEM1A,~1 m,airborne laser,17,115991,51719,https://cyberjapandata.gsi.go.jp/xyz/dem1a_png/17/115991/51719.png,138.5787964,35.4427709,138.581543,35.4450085,candidate URL generated from official GSI tile scheme; existence/coverage not locally verified
DEM1A,~1 m,airborne laser,17,115991,51720,https://cyberjapandata.gsi.go.jp/xyz/dem1a_png/17/115991/51720.png,138.5787964,35.4405333,138.581543,35.4427709,candidate URL generated from official GSI tile scheme; existence/coverage not locally verified
DEM1A,~1 m,airborne laser,17,115991,51721,https://cyberjapandata.gsi.go.jp/xyz/dem1a_png/17/115991/51721.png,138.5787964,35.4382955,138.581543,35.4405333,candidate URL generated from official GSI tile scheme; existence/coverage not locally verified
DEM1A,~1 m,airborne laser,17,115991,51722,https://cyberjapandata.gsi.go.jp/xyz/dem1a_png/17/115991/51722.png,138.5787964,35.4360578,138.581543,35.4382955,candidate URL generated from official GSI tile scheme; existence/coverage not locally verified
DEM1A,~1 m,airborne laser,17,115991,51723,https://cyberjapandata.gsi.go.jp/xyz/dem1a_png/17/115991/51723.png,138.5787964,35.4338199,138.581543,35.4360578,candidate URL generated from official GSI tile scheme; existence/coverage not locally verified
DEM1A,~1 m,airborne laser,17,115991,51724,https://cyberjapandata.gsi.go.jp/xyz/dem1a_png/17/115991/51724.png,138.5787964,35.431582,138.581543,35.4338199,candidate URL generated from official GSI tile scheme; existence/coverage not locally verified
DEM1A,~1 m,airborne laser,17,115991,51725,https://cyberjapandata.gsi.go.jp/xyz/dem1a_png/17/115991/51725.png,138.5787964,35.429344,138.581543,35.431582,candidate URL generated from official GSI tile scheme; existence/coverage not locally verified
DEM1A,~1 m,airborne laser,17,115992,51680,https://cyberjapandata.gsi.go.jp/xyz/dem1a_png/17/115992/51680.png,138.581543,35.5299911,138.5842896,35.5322262,candidate URL generated from official GSI tile scheme; existence/coverage not locally verified
DEM1A,~1 m,airborne laser,17,115992,51681,https://cyberjapandata.gsi.go.jp/xyz/dem1a_png/17/115992/51681.png,138.581543,35.5277558,138.5842896,35.5299911,candidate URL generated from official GSI tile scheme; existence/coverage not locally verified
DEM1A,~1 m,airborne laser,17,115992,51682,https://cyberjapandata.gsi.go.jp/xyz/dem1a_png/17/115992/51682.png,138.581543,35.5255205,138.5842896,35.5277558,candidate URL generated from official GSI tile scheme; existence/coverage not locally verified
DEM1A,~1 m,airborne laser,17,115992,51683,https://cyberjapandata.gsi.go.jp/xyz/dem1a_png/17/115992/51683.png,138.581543,35.5232852,138.5842896,35.5255205,candidate URL generated from official GSI tile scheme; existence/coverage not locally verified
DEM1A,~1 m,airborne laser,17,115992,51684,https://cyberjapandata.gsi.go.jp/xyz/dem1a_png/17/115992/51684.png,138.581543,35.5210498,138.5842896,35.5232852,candidate URL generated from official GSI tile scheme; existence/coverage not locally verified
DEM1A,~1 m,airborne laser,17,115992,51685,https://cyberjapandata.gsi.go.jp/xyz/dem1a_png/17/115992/51685.png,138.581543,35.5188143,138.5842896,35.5210498,candidate URL generated from official GSI tile scheme; existence/coverage not locally verified
DEM1A,~1 m,airborne laser,17,115992,51686,https://cyberjapandata.gsi.go.jp/xyz/dem1a_png/17/115992/51686.png,138.581543,35.5165787,138.5842896,35.5188143,candidate URL generated from official GSI tile scheme; existence/coverage not locally verified
DEM1A,~1 m,airborne laser,17,115992,51687,https://cyberjapandata.gsi.go.jp/xyz/dem1a_png/17/115992/51687.png,138.581543,35.5143431,138.5842896,35.5165787,candidate URL generated from official GSI tile scheme; existence/coverage not locally verified
DEM1A,~1 m,airborne laser,17,115992,51688,https://cyberjapandata.gsi.go.jp/xyz/dem1a_png/17/115992/51688.png,138.581543,35.5121075,138.5842896,35.5143431,candidate URL generated from official GSI tile scheme; existence/coverage not locally verified
DEM1A,~1 m,airborne laser,17,115992,51689,https://cyberjapandata.gsi.go.jp/xyz/dem1a_png/17/115992/51689.png,138.581543,35.5098717,138.5842896,35.5121075,candidate URL generated from official GSI tile scheme; existence/coverage not locally verified
DEM1A,~1 m,airborne laser,17,115992,51690,https://cyberjapandata.gsi.go.jp/xyz/dem1a_png/17/115992/51690.png,138.581543,35.5076359,138.5842896,35.5098717,candidate URL generated from official GSI tile scheme; existence/coverage not locally verified
DEM1A,~1 m,airborne laser,17,115992,51691,https://cyberjapandata.gsi.go.jp/xyz/dem1a_png/17/115992/51691.png,138.581543,35.5054001,138.5842896,35.5076359,candidate URL generated from official GSI tile scheme; existence/coverage not locally verified
DEM1A,~1 m,airborne laser,17,115992,51692,https://cyberjapandata.gsi.go.jp/xyz/dem1a_png/17/115992/51692.png,138.581543,35.5031642,138.5842896,35.5054001,candidate URL generated from official GSI tile scheme; existence/coverage not locally verified
DEM1A,~1 m,airborne laser,17,115992,51693,https://cyberjapandata.gsi.go.jp/xyz/dem1a_png/17/115992/51693.png,138.581543,35.5009282,138.5842896,35.5031642,candidate URL generated from official GSI tile scheme; existence/coverage not locally verified
DEM1A,~1 m,airborne laser,17,115992,51694,https://cyberjapandata.gsi.go.jp/xyz/dem1a_png/17/115992/51694.png,138.581543,35.4986922,138.5842896,35.5009282,candidate URL generated from official GSI tile scheme; existence/coverage not locally verified
DEM1A,~1 m,airborne laser,17,115992,51695,https://cyberjapandata.gsi.go.jp/xyz/dem1a_png/17/115992/51695.png,138.581543,35.4964561,138.5842896,35.4986922,candidate URL generated from official GSI tile scheme; existence/coverage not locally verified
DEM1A,~1 m,airborne laser,17,115992,51696,https://cyberjapandata.gsi.go.jp/xyz/dem1a_png/17/115992/51696.png,138.581543,35.4942199,138.5842896,35.4964561,candidate URL generated from official GSI tile scheme; existence/coverage not locally verified
DEM1A,~1 m,airborne laser,17,115992,51697,https://cyberjapandata.gsi.go.jp/xyz/dem1a_png/17/115992/51697.png,138.581543,35.4919837,138.5842896,35.4942199,candidate URL generated from official GSI tile scheme; existence/coverage not locally verified
DEM1A,~1 m,airborne laser,17,115992,51698,https://cyberjapandata.gsi.go.jp/xyz/dem1a_png/17/115992/51698.png,138.581543,35.4897474,138.5842896,35.4919837,candidate URL generated from official GSI tile scheme; existence/coverage not locally verified
DEM1A,~1 m,airborne laser,17,115992,51699,https://cyberjapandata.gsi.go.jp/xyz/dem1a_png/17/115992/51699.png,138.581543,35.487511,138.5842896,35.4897474,candidate URL generated from official GSI tile scheme; existence/coverage not locally verified
DEM1A,~1 m,airborne laser,17,115992,51700,https://cyberjapandata.gsi.go.jp/xyz/dem1a_png/17/115992/51700.png,138.581543,35.4852746,138.5842896,35.487511,candidate URL generated from official GSI tile scheme; existence/coverage not locally verified
DEM1A,~1 m,airborne laser,17,115992,51701,https://cyberjapandata.gsi.go.jp/xyz/dem1a_png/17/115992/51701.png,138.581543,35.4830381,138.5842896,35.4852746,candidate URL generated from official GSI tile scheme; existence/coverage not locally verified
DEM1A,~1 m,airborne laser,17,115992,51702,https://cyberjapandata.gsi.go.jp/xyz/dem1a_png/17/115992/51702.png,138.581543,35.4808016,138.5842896,35.4830381,candidate URL generated from official GSI tile scheme; existence/coverage not locally verified
DEM1A,~1 m,airborne laser,17,115992,51703,https://cyberjapandata.gsi.go.jp/xyz/dem1a_png/17/115992/51703.png,138.581543,35.478565,138.5842896,35.4808016,candidate URL generated from official GSI tile scheme; existence/coverage not locally verified
DEM1A,~1 m,airborne laser,17,115992,51704,https://cyberjapandata.gsi.go.jp/xyz/dem1a_png/17/115992/51704.png,138.581543,35.4763283,138.5842896,35.478565,candidate URL generated from official GSI tile scheme; existence/coverage not locally verified
DEM1A,~1 m,airborne laser,17,115992,51705,https://cyberjapandata.gsi.go.jp/xyz/dem1a_png/17/115992/51705.png,138.581543,35.4740916,138.5842896,35.4763283,candidate URL generated from official GSI tile scheme; existence/coverage not locally verified
DEM1A,~1 m,airborne laser,17,115992,51706,https://cyberjapandata.gsi.go.jp/xyz/dem1a_png/17/115992/51706.png,138.581543,35.4718548,138.5842896,35.4740916,candidate URL generated from official GSI tile scheme; existence/coverage not locally verified
DEM1A,~1 m,airborne laser,17,115992,51707,https://cyberjapandata.gsi.go.jp/xyz/dem1a_png/17/115992/51707.png,138.581543,35.469618,138.5842896,35.4718548,candidate URL generated from official GSI tile scheme; existence/coverage not locally verified
DEM1A,~1 m,airborne laser,17,115992,51708,https://cyberjapandata.gsi.go.jp/xyz/dem1a_png/17/115992/51708.png,138.581543,35.4673811,138.5842896,35.469618,candidate URL generated from official GSI tile scheme; existence/coverage not locally verified
DEM1A,~1 m,airborne laser,17,115992,51709,https://cyberjapandata.gsi.go.jp/xyz/dem1a_png/17/115992/51709.png,138.581543,35.4651441,138.5842896,35.4673811,candidate URL generated from official GSI tile scheme; existence/coverage not locally verified
DEM1A,~1 m,airborne laser,17,115992,51710,https://cyberjapandata.gsi.go.jp/xyz/dem1a_png/17/115992/51710.png,138.581543,35.462907,138.5842896,35.4651441,candidate URL generated from official GSI tile scheme; existence/coverage not locally verified
DEM1A,~1 m,airborne laser,17,115992,51711,https://cyberjapandata.gsi.go.jp/xyz/dem1a_png/17/115992/51711.png,138.581543,35.46067,138.5842896,35.462907,candidate URL generated from official GSI tile scheme; existence/coverage not locally verified
DEM1A,~1 m,airborne laser,17,115992,51712,https://cyberjapandata.gsi.go.jp/xyz/dem1a_png/17/115992/51712.png,138.581543,35.4584328,138.5842896,35.46067,candidate URL generated from official GSI tile scheme; existence/coverage not locally verified
DEM1A,~1 m,airborne laser,17,115992,51713,https://cyberjapandata.gsi.go.jp/xyz/dem1a_png/17/115992/51713.png,138.581543,35.4561956,138.5842896,35.4584328,candidate URL generated from official GSI tile scheme; existence/coverage not locally verified
DEM1A,~1 m,airborne laser,17,115992,51714,https://cyberjapandata.gsi.go.jp/xyz/dem1a_png/17/115992/51714.png,138.581543,35.4539583,138.5842896,35.4561956,candidate URL generated from official GSI tile scheme; existence/coverage not locally verified
DEM1A,~1 m,airborne laser,17,115992,51715,https://cyberjapandata.gsi.go.jp/xyz/dem1a_png/17/115992/51715.png,138.581543,35.4517209,138.5842896,35.4539583,candidate URL generated from official GSI tile scheme; existence/coverage not locally verified
DEM1A,~1 m,airborne laser,17,115992,51716,https://cyberjapandata.gsi.go.jp/xyz/dem1a_png/17/115992/51716.png,138.581543,35.4494835,138.5842896,35.4517209,candidate URL generated from official GSI tile scheme; existence/coverage not locally verified
DEM1A,~1 m,airborne laser,17,115992,51717,https://cyberjapandata.gsi.go.jp/xyz/dem1a_png/17/115992/51717.png,138.581543,35.4472461,138.5842896,35.4494835,candidate URL generated from official GSI tile scheme; existence/coverage not locally verified
DEM1A,~1 m,airborne laser,17,115992,51718,https://cyberjapandata.gsi.go.jp/xyz/dem1a_png/17/115992/51718.png,138.581543,35.4450085,138.5842896,35.4472461,candidate URL generated from official GSI tile scheme; existence/coverage not locally verified
DEM1A,~1 m,airborne laser,17,115992,51719,https://cyberjapandata.gsi.go.jp/xyz/dem1a_png/17/115992/51719.png,138.581543,35.4427709,138.5842896,35.4450085,candidate URL generated from official GSI tile scheme; existence/coverage not locally verified
DEM1A,~1 m,airborne laser,17,115992,51720,https://cyberjapandata.gsi.go.jp/xyz/dem1a_png/17/115992/51720.png,138.581543,35.4405333,138.5842896,35.4427709,candidate URL generated from official GSI tile scheme; existence/coverage not locally verified
DEM1A,~1 m,airborne laser,17,115992,51721,https://cyberjapandata.gsi.go.jp/xyz/dem1a_png/17/115992/51721.png,138.581543,35.4382955,138.5842896,35.4405333,candidate URL generated from official GSI tile scheme; existence/coverage not locally verified
DEM1A,~1 m,airborne laser,17,115992,51722,https://cyberjapandata.gsi.go.jp/xyz/dem1a_png/17/115992/51722.png,138.581543,35.4360578,138.5842896,35.4382955,candidate URL generated from official GSI tile scheme; existence/coverage not locally verified
DEM1A,~1 m,airborne laser,17,115992,51723,https://cyberjapandata.gsi.go.jp/xyz/dem1a_png/17/115992/51723.png,138.581543,35.4338199,138.5842896,35.4360578,candidate URL generated from official GSI tile scheme; existence/coverage not locally verified
DEM1A,~1 m,airborne laser,17,115992,51724,https://cyberjapandata.gsi.go.jp/xyz/dem1a_png/17/115992/51724.png,138.581543,35.431582,138.5842896,35.4338199,candidate URL generated from official GSI tile scheme; existence/coverage not locally verified
DEM1A,~1 m,airborne laser,17,115992,51725,https://cyberjapandata.gsi.go.jp/xyz/dem1a_png/17/115992/51725.png,138.581543,35.429344,138.5842896,35.431582,candidate URL generated from official GSI tile scheme; existence/coverage not locally verified
DEM1A,~1 m,airborne laser,17,115993,51680,https://cyberjapandata.gsi.go.jp/xyz/dem1a_png/17/115993/51680.png,138.5842896,35.5299911,138.5870361,35.5322262,candidate URL generated from official GSI tile scheme; existence/coverage not locally verified
DEM1A,~1 m,airborne laser,17,115993,51681,https://cyberjapandata.gsi.go.jp/xyz/dem1a_png/17/115993/51681.png,138.5842896,35.5277558,138.5870361,35.5299911,candidate URL generated from official GSI tile scheme; existence/coverage not locally verified
DEM1A,~1 m,airborne laser,17,115993,51682,https://cyberjapandata.gsi.go.jp/xyz/dem1a_png/17/115993/51682.png,138.5842896,35.5255205,138.5870361,35.5277558,candidate URL generated from official GSI tile scheme; existence/coverage not locally verified
DEM1A,~1 m,airborne laser,17,115993,51683,https://cyberjapandata.gsi.go.jp/xyz/dem1a_png/17/115993/51683.png,138.5842896,35.5232852,138.5870361,35.5255205,candidate URL generated from official GSI tile scheme; existence/coverage not locally verified
DEM1A,~1 m,airborne laser,17,115993,51684,https://cyberjapandata.gsi.go.jp/xyz/dem1a_png/17/115993/51684.png,138.5842896,35.5210498,138.5870361,35.5232852,candidate URL generated from official GSI tile scheme; existence/coverage not locally verified
DEM1A,~1 m,airborne laser,17,115993,51685,https://cyberjapandata.gsi.go.jp/xyz/dem1a_png/17/115993/51685.png,138.5842896,35.5188143,138.5870361,35.5210498,candidate URL generated from official GSI tile scheme; existence/coverage not locally verified
DEM1A,~1 m,airborne laser,17,115993,51686,https://cyberjapandata.gsi.go.jp/xyz/dem1a_png/17/115993/51686.png,138.5842896,35.5165787,138.5870361,35.5188143,candidate URL generated from official GSI tile scheme; existence/coverage not locally verified
DEM1A,~1 m,airborne laser,17,115993,51687,https://cyberjapandata.gsi.go.jp/xyz/dem1a_png/17/115993/51687.png,138.5842896,35.5143431,138.5870361,35.5165787,candidate URL generated from official GSI tile scheme; existence/coverage not locally verified
DEM1A,~1 m,airborne laser,17,115993,51688,https://cyberjapandata.gsi.go.jp/xyz/dem1a_png/17/115993/51688.png,138.5842896,35.5121075,138.5870361,35.5143431,candidate URL generated from official GSI tile scheme; existence/coverage not locally verified
DEM1A,~1 m,airborne laser,17,115993,51689,https://cyberjapandata.gsi.go.jp/xyz/dem1a_png/17/115993/51689.png,138.5842896,35.5098717,138.5870361,35.5121075,candidate URL generated from official GSI tile scheme; existence/coverage not locally verified
DEM1A,~1 m,airborne laser,17,115993,51690,https://cyberjapandata.gsi.go.jp/xyz/dem1a_png/17/115993/51690.png,138.5842896,35.5076359,138.5870361,35.5098717,candidate URL generated from official GSI tile scheme; existence/coverage not locally verified
DEM1A,~1 m,airborne laser,17,115993,51691,https://cyberjapandata.gsi.go.jp/xyz/dem1a_png/17/115993/51691.png,138.5842896,35.5054001,138.5870361,35.5076359,candidate URL generated from official GSI tile scheme; existence/coverage not locally verified
DEM1A,~1 m,airborne laser,17,115993,51692,https://cyberjapandata.gsi.go.jp/xyz/dem1a_png/17/115993/51692.png,138.5842896,35.5031642,138.5870361,35.5054001,candidate URL generated from official GSI tile scheme; existence/coverage not locally verified
DEM1A,~1 m,airborne laser,17,115993,51693,https://cyberjapandata.gsi.go.jp/xyz/dem1a_png/17/115993/51693.png,138.5842896,35.5009282,138.5870361,35.5031642,candidate URL generated from official GSI tile scheme; existence/coverage not locally verified
DEM1A,~1 m,airborne laser,17,115993,51694,https://cyberjapandata.gsi.go.jp/xyz/dem1a_png/17/115993/51694.png,138.5842896,35.4986922,138.5870361,35.5009282,candidate URL generated from official GSI tile scheme; existence/coverage not locally verified
DEM1A,~1 m,airborne laser,17,115993,51695,https://cyberjapandata.gsi.go.jp/xyz/dem1a_png/17/115993/51695.png,138.5842896,35.4964561,138.5870361,35.4986922,candidate URL generated from official GSI tile scheme; existence/coverage not locally verified
DEM1A,~1 m,airborne laser,17,115993,51696,https://cyberjapandata.gsi.go.jp/xyz/dem1a_png/17/115993/51696.png,138.5842896,35.4942199,138.5870361,35.4964561,candidate URL generated from official GSI tile scheme; existence/coverage not locally verified
DEM1A,~1 m,airborne laser,17,115993,51697,https://cyberjapandata.gsi.go.jp/xyz/dem1a_png/17/115993/51697.png,138.5842896,35.4919837,138.5870361,35.4942199,candidate URL generated from official GSI tile scheme; existence/coverage not locally verified
DEM1A,~1 m,airborne laser,17,115993,51698,https://cyberjapandata.gsi.go.jp/xyz/dem1a_png/17/115993/51698.png,138.5842896,35.4897474,138.5870361,35.4919837,candidate URL generated from official GSI tile scheme; existence/coverage not locally verified
DEM1A,~1 m,airborne laser,17,115993,51699,https://cyberjapandata.gsi.go.jp/xyz/dem1a_png/17/115993/51699.png,138.5842896,35.487511,138.5870361,35.4897474,candidate URL generated from official GSI tile scheme; existence/coverage not locally verified
DEM1A,~1 m,airborne laser,17,115993,51700,https://cyberjapandata.gsi.go.jp/xyz/dem1a_png/17/115993/51700.png,138.5842896,35.4852746,138.5870361,35.487511,candidate URL generated from official GSI tile scheme; existence/coverage not locally verified
DEM1A,~1 m,airborne laser,17,115993,51701,https://cyberjapandata.gsi.go.jp/xyz/dem1a_png/17/115993/51701.png,138.5842896,35.4830381,138.5870361,35.4852746,candidate URL generated from official GSI tile scheme; existence/coverage not locally verified
DEM1A,~1 m,airborne laser,17,115993,51702,https://cyberjapandata.gsi.go.jp/xyz/dem1a_png/17/115993/51702.png,138.5842896,35.4808016,138.5870361,35.4830381,candidate URL generated from official GSI tile scheme; existence/coverage not locally verified
DEM1A,~1 m,airborne laser,17,115993,51703,https://cyberjapandata.gsi.go.jp/xyz/dem1a_png/17/115993/51703.png,138.5842896,35.478565,138.5870361,35.4808016,candidate URL generated from official GSI tile scheme; existence/coverage not locally verified
DEM1A,~1 m,airborne laser,17,115993,51704,https://cyberjapandata.gsi.go.jp/xyz/dem1a_png/17/115993/51704.png,138.5842896,35.4763283,138.5870361,35.478565,candidate URL generated from official GSI tile scheme; existence/coverage not locally verified
DEM1A,~1 m,airborne laser,17,115993,51705,https://cyberjapandata.gsi.go.jp/xyz/dem1a_png/17/115993/51705.png,138.5842896,35.4740916,138.5870361,35.4763283,candidate URL generated from official GSI tile scheme; existence/coverage not locally verified
DEM1A,~1 m,airborne laser,17,115993,51706,https://cyberjapandata.gsi.go.jp/xyz/dem1a_png/17/115993/51706.png,138.5842896,35.4718548,138.5870361,35.4740916,candidate URL generated from official GSI tile scheme; existence/coverage not locally verified
DEM1A,~1 m,airborne laser,17,115993,51707,https://cyberjapandata.gsi.go.jp/xyz/dem1a_png/17/115993/51707.png,138.5842896,35.469618,138.5870361,35.4718548,candidate URL generated from official GSI tile scheme; existence/coverage not locally verified
DEM1A,~1 m,airborne laser,17,115993,51708,https://cyberjapandata.gsi.go.jp/xyz/dem1a_png/17/115993/51708.png,138.5842896,35.4673811,138.5870361,35.469618,candidate URL generated from official GSI tile scheme; existence/coverage not locally verified
DEM1A,~1 m,airborne laser,17,115993,51709,https://cyberjapandata.gsi.go.jp/xyz/dem1a_png/17/115993/51709.png,138.5842896,35.4651441,138.5870361,35.4673811,candidate URL generated from official GSI tile scheme; existence/coverage not locally verified
DEM1A,~1 m,airborne laser,17,115993,51710,https://cyberjapandata.gsi.go.jp/xyz/dem1a_png/17/115993/51710.png,138.5842896,35.462907,138.5870361,35.4651441,candidate URL generated from official GSI tile scheme; existence/coverage not locally verified
DEM1A,~1 m,airborne laser,17,115993,51711,https://cyberjapandata.gsi.go.jp/xyz/dem1a_png/17/115993/51711.png,138.5842896,35.46067,138.5870361,35.462907,candidate URL generated from official GSI tile scheme; existence/coverage not locally verified
DEM1A,~1 m,airborne laser,17,115993,51712,https://cyberjapandata.gsi.go.jp/xyz/dem1a_png/17/115993/51712.png,138.5842896,35.4584328,138.5870361,35.46067,candidate URL generated from official GSI tile scheme; existence/coverage not locally verified
DEM1A,~1 m,airborne laser,17,115993,51713,https://cyberjapandata.gsi.go.jp/xyz/dem1a_png/17/115993/51713.png,138.5842896,35.4561956,138.5870361,35.4584328,candidate URL generated from official GSI tile scheme; existence/coverage not locally verified
DEM1A,~1 m,airborne laser,17,115993,51714,https://cyberjapandata.gsi.go.jp/xyz/dem1a_png/17/115993/51714.png,138.5842896,35.4539583,138.5870361,35.4561956,candidate URL generated from official GSI tile scheme; existence/coverage not locally verified
DEM1A,~1 m,airborne laser,17,115993,51715,https://cyberjapandata.gsi.go.jp/xyz/dem1a_png/17/115993/51715.png,138.5842896,35.4517209,138.5870361,35.4539583,candidate URL generated from official GSI tile scheme; existence/coverage not locally verified
DEM1A,~1 m,airborne laser,17,115993,51716,https://cyberjapandata.gsi.go.jp/xyz/dem1a_png/17/115993/51716.png,138.5842896,35.4494835,138.5870361,35.4517209,candidate URL generated from official GSI tile scheme; existence/coverage not locally verified
DEM1A,~1 m,airborne laser,17,115993,51717,https://cyberjapandata.gsi.go.jp/xyz/dem1a_png/17/115993/51717.png,138.5842896,35.4472461,138.5870361,35.4494835,candidate URL generated from official GSI tile scheme; existence/coverage not locally verified
DEM1A,~1 m,airborne laser,17,115993,51718,https://cyberjapandata.gsi.go.jp/xyz/dem1a_png/17/115993/51718.png,138.5842896,35.4450085,138.5870361,35.4472461,candidate URL generated from official GSI tile scheme; existence/coverage not locally verified
DEM1A,~1 m,airborne laser,17,115993,51719,https://cyberjapandata.gsi.go.jp/xyz/dem1a_png/17/115993/51719.png,138.5842896,35.4427709,138.5870361,35.4450085,candidate URL generated from official GSI tile scheme; existence/coverage not locally verified
DEM1A,~1 m,airborne laser,17,115993,51720,https://cyberjapandata.gsi.go.jp/xyz/dem1a_png/17/115993/51720.png,138.5842896,35.4405333,138.5870361,35.4427709,candidate URL generated from official GSI tile scheme; existence/coverage not locally verified
DEM1A,~1 m,airborne laser,17,115993,51721,https://cyberjapandata.gsi.go.jp/xyz/dem1a_png/17/115993/51721.png,138.5842896,35.4382955,138.5870361,35.4405333,candidate URL generated from official GSI tile scheme; existence/coverage not locally verified
DEM1A,~1 m,airborne laser,17,115993,51722,https://cyberjapandata.gsi.go.jp/xyz/dem1a_png/17/115993/51722.png,138.5842896,35.4360578,138.5870361,35.4382955,candidate URL generated from official GSI tile scheme; existence/coverage not locally verified
DEM1A,~1 m,airborne laser,17,115993,51723,https://cyberjapandata.gsi.go.jp/xyz/dem1a_png/17/115993/51723.png,138.5842896,35.4338199,138.5870361,35.4360578,candidate URL generated from official GSI tile scheme; existence/coverage not locally verified
DEM1A,~1 m,airborne laser,17,115993,51724,https://cyberjapandata.gsi.go.jp/xyz/dem1a_png/17/115993/51724.png,138.5842896,35.431582,138.5870361,35.4338199,candidate URL generated from official GSI tile scheme; existence/coverage not locally verified
DEM1A,~1 m,airborne laser,17,115993,51725,https://cyberjapandata.gsi.go.jp/xyz/dem1a_png/17/115993/51725.png,138.5842896,35.429344,138.5870361,35.431582,candidate URL generated from official GSI tile scheme; existence/coverage not locally verified
DEM1A,~1 m,airborne laser,17,115994,51680,https://cyberjapandata.gsi.go.jp/xyz/dem1a_png/17/115994/51680.png,138.5870361,35.5299911,138.5897827,35.5322262,candidate URL generated from official GSI tile scheme; existence/coverage not locally verified
DEM1A,~1 m,airborne laser,17,115994,51681,https://cyberjapandata.gsi.go.jp/xyz/dem1a_png/17/115994/51681.png,138.5870361,35.5277558,138.5897827,35.5299911,candidate URL generated from official GSI tile scheme; existence/coverage not locally verified
DEM1A,~1 m,airborne laser,17,115994,51682,https://cyberjapandata.gsi.go.jp/xyz/dem1a_png/17/115994/51682.png,138.5870361,35.5255205,138.5897827,35.5277558,candidate URL generated from official GSI tile scheme; existence/coverage not locally verified
DEM1A,~1 m,airborne laser,17,115994,51683,https://cyberjapandata.gsi.go.jp/xyz/dem1a_png/17/115994/51683.png,138.5870361,35.5232852,138.5897827,35.5255205,candidate URL generated from official GSI tile scheme; existence/coverage not locally verified
DEM1A,~1 m,airborne laser,17,115994,51684,https://cyberjapandata.gsi.go.jp/xyz/dem1a_png/17/115994/51684.png,138.5870361,35.5210498,138.5897827,35.5232852,candidate URL generated from official GSI tile scheme; existence/coverage not locally verified
DEM1A,~1 m,airborne laser,17,115994,51685,https://cyberjapandata.gsi.go.jp/xyz/dem1a_png/17/115994/51685.png,138.5870361,35.5188143,138.5897827,35.5210498,candidate URL generated from official GSI tile scheme; existence/coverage not locally verified
DEM1A,~1 m,airborne laser,17,115994,51686,https://cyberjapandata.gsi.go.jp/xyz/dem1a_png/17/115994/51686.png,138.5870361,35.5165787,138.5897827,35.5188143,candidate URL generated from official GSI tile scheme; existence/coverage not locally verified
DEM1A,~1 m,airborne laser,17,115994,51687,https://cyberjapandata.gsi.go.jp/xyz/dem1a_png/17/115994/51687.png,138.5870361,35.5143431,138.5897827,35.5165787,candidate URL generated from official GSI tile scheme; existence/coverage not locally verified
DEM1A,~1 m,airborne laser,17,115994,51688,https://cyberjapandata.gsi.go.jp/xyz/dem1a_png/17/115994/51688.png,138.5870361,35.5121075,138.5897827,35.5143431,candidate URL generated from official GSI tile scheme; existence/coverage not locally verified
DEM1A,~1 m,airborne laser,17,115994,51689,https://cyberjapandata.gsi.go.jp/xyz/dem1a_png/17/115994/51689.png,138.5870361,35.5098717,138.5897827,35.5121075,candidate URL generated from official GSI tile scheme; existence/coverage not locally verified
DEM1A,~1 m,airborne laser,17,115994,51690,https://cyberjapandata.gsi.go.jp/xyz/dem1a_png/17/115994/51690.png,138.5870361,35.5076359,138.5897827,35.5098717,candidate URL generated from official GSI tile scheme; existence/coverage not locally verified
DEM1A,~1 m,airborne laser,17,115994,51691,https://cyberjapandata.gsi.go.jp/xyz/dem1a_png/17/115994/51691.png,138.5870361,35.5054001,138.5897827,35.5076359,candidate URL generated from official GSI tile scheme; existence/coverage not locally verified
DEM1A,~1 m,airborne laser,17,115994,51692,https://cyberjapandata.gsi.go.jp/xyz/dem1a_png/17/115994/51692.png,138.5870361,35.5031642,138.5897827,35.5054001,candidate URL generated from official GSI tile scheme; existence/coverage not locally verified
DEM1A,~1 m,airborne laser,17,115994,51693,https://cyberjapandata.gsi.go.jp/xyz/dem1a_png/17/115994/51693.png,138.5870361,35.5009282,138.5897827,35.5031642,candidate URL generated from official GSI tile scheme; existence/coverage not locally verified
DEM1A,~1 m,airborne laser,17,115994,51694,https://cyberjapandata.gsi.go.jp/xyz/dem1a_png/17/115994/51694.png,138.5870361,35.4986922,138.5897827,35.5009282,candidate URL generated from official GSI tile scheme; existence/coverage not locally verified
DEM1A,~1 m,airborne laser,17,115994,51695,https://cyberjapandata.gsi.go.jp/xyz/dem1a_png/17/115994/51695.png,138.5870361,35.4964561,138.5897827,35.4986922,candidate URL generated from official GSI tile scheme; existence/coverage not locally verified
DEM1A,~1 m,airborne laser,17,115994,51696,https://cyberjapandata.gsi.go.jp/xyz/dem1a_png/17/115994/51696.png,138.5870361,35.4942199,138.5897827,35.4964561,candidate URL generated from official GSI tile scheme; existence/coverage not locally verified
DEM1A,~1 m,airborne laser,17,115994,51697,https://cyberjapandata.gsi.go.jp/xyz/dem1a_png/17/115994/51697.png,138.5870361,35.4919837,138.5897827,35.4942199,candidate URL generated from official GSI tile scheme; existence/coverage not locally verified
DEM1A,~1 m,airborne laser,17,115994,51698,https://cyberjapandata.gsi.go.jp/xyz/dem1a_png/17/115994/51698.png,138.5870361,35.4897474,138.5897827,35.4919837,candidate URL generated from official GSI tile scheme; existence/coverage not locally verified
DEM1A,~1 m,airborne laser,17,115994,51699,https://cyberjapandata.gsi.go.jp/xyz/dem1a_png/17/115994/51699.png,138.5870361,35.487511,138.5897827,35.4897474,candidate URL generated from official GSI tile scheme; existence/coverage not locally verified
DEM1A,~1 m,airborne laser,17,115994,51700,https://cyberjapandata.gsi.go.jp/xyz/dem1a_png/17/115994/51700.png,138.5870361,35.4852746,138.5897827,35.487511,candidate URL generated from official GSI tile scheme; existence/coverage not locally verified
DEM1A,~1 m,airborne laser,17,115994,51701,https://cyberjapandata.gsi.go.jp/xyz/dem1a_png/17/115994/51701.png,138.5870361,35.4830381,138.5897827,35.4852746,candidate URL generated from official GSI tile scheme; existence/coverage not locally verified
DEM1A,~1 m,airborne laser,17,115994,51702,https://cyberjapandata.gsi.go.jp/xyz/dem1a_png/17/115994/51702.png,138.5870361,35.4808016,138.5897827,35.4830381,candidate URL generated from official GSI tile scheme; existence/coverage not locally verified
DEM1A,~1 m,airborne laser,17,115994,51703,https://cyberjapandata.gsi.go.jp/xyz/dem1a_png/17/115994/51703.png,138.5870361,35.478565,138.5897827,35.4808016,candidate URL generated from official GSI tile scheme; existence/coverage not locally verified
DEM1A,~1 m,airborne laser,17,115994,51704,https://cyberjapandata.gsi.go.jp/xyz/dem1a_png/17/115994/51704.png,138.5870361,35.4763283,138.5897827,35.478565,candidate URL generated from official GSI tile scheme; existence/coverage not locally verified
DEM1A,~1 m,airborne laser,17,115994,51705,https://cyberjapandata.gsi.go.jp/xyz/dem1a_png/17/115994/51705.png,138.5870361,35.4740916,138.5897827,35.4763283,candidate URL generated from official GSI tile scheme; existence/coverage not locally verified
DEM1A,~1 m,airborne laser,17,115994,51706,https://cyberjapandata.gsi.go.jp/xyz/dem1a_png/17/115994/51706.png,138.5870361,35.4718548,138.5897827,35.4740916,candidate URL generated from official GSI tile scheme; existence/coverage not locally verified
DEM1A,~1 m,airborne laser,17,115994,51707,https://cyberjapandata.gsi.go.jp/xyz/dem1a_png/17/115994/51707.png,138.5870361,35.469618,138.5897827,35.4718548,candidate URL generated from official GSI tile scheme; existence/coverage not locally verified
DEM1A,~1 m,airborne laser,17,115994,51708,https://cyberjapandata.gsi.go.jp/xyz/dem1a_png/17/115994/51708.png,138.5870361,35.4673811,138.5897827,35.469618,candidate URL generated from official GSI tile scheme; existence/coverage not locally verified
DEM1A,~1 m,airborne laser,17,115994,51709,https://cyberjapandata.gsi.go.jp/xyz/dem1a_png/17/115994/51709.png,138.5870361,35.4651441,138.5897827,35.4673811,candidate URL generated from official GSI tile scheme; existence/coverage not locally verified
DEM1A,~1 m,airborne laser,17,115994,51710,https://cyberjapandata.gsi.go.jp/xyz/dem1a_png/17/115994/51710.png,138.5870361,35.462907,138.5897827,35.4651441,candidate URL generated from official GSI tile scheme; existence/coverage not locally verified
DEM1A,~1 m,airborne laser,17,115994,51711,https://cyberjapandata.gsi.go.jp/xyz/dem1a_png/17/115994/51711.png,138.5870361,35.46067,138.5897827,35.462907,candidate URL generated from official GSI tile scheme; existence/coverage not locally verified
DEM1A,~1 m,airborne laser,17,115994,51712,https://cyberjapandata.gsi.go.jp/xyz/dem1a_png/17/115994/51712.png,138.5870361,35.4584328,138.5897827,35.46067,candidate URL generated from official GSI tile scheme; existence/coverage not locally verified
DEM1A,~1 m,airborne laser,17,115994,51713,https://cyberjapandata.gsi.go.jp/xyz/dem1a_png/17/115994/51713.png,138.5870361,35.4561956,138.5897827,35.4584328,candidate URL generated from official GSI tile scheme; existence/coverage not locally verified
DEM1A,~1 m,airborne laser,17,115994,51714,https://cyberjapandata.gsi.go.jp/xyz/dem1a_png/17/115994/51714.png,138.5870361,35.4539583,138.5897827,35.4561956,candidate URL generated from official GSI tile scheme; existence/coverage not locally verified
DEM1A,~1 m,airborne laser,17,115994,51715,https://cyberjapandata.gsi.go.jp/xyz/dem1a_png/17/115994/51715.png,138.5870361,35.4517209,138.5897827,35.4539583,candidate URL generated from official GSI tile scheme; existence/coverage not locally verified
DEM1A,~1 m,airborne laser,17,115994,51716,https://cyberjapandata.gsi.go.jp/xyz/dem1a_png/17/115994/51716.png,138.5870361,35.4494835,138.5897827,35.4517209,candidate URL generated from official GSI tile scheme; existence/coverage not locally verified
DEM1A,~1 m,airborne laser,17,115994,51717,https://cyberjapandata.gsi.go.jp/xyz/dem1a_png/17/115994/51717.png,138.5870361,35.4472461,138.5897827,35.4494835,candidate URL generated from official GSI tile scheme; existence/coverage not locally verified
DEM1A,~1 m,airborne laser,17,115994,51718,https://cyberjapandata.gsi.go.jp/xyz/dem1a_png/17/115994/51718.png,138.5870361,35.4450085,138.5897827,35.4472461,candidate URL generated from official GSI tile scheme; existence/coverage not locally verified
DEM1A,~1 m,airborne laser,17,115994,51719,https://cyberjapandata.gsi.go.jp/xyz/dem1a_png/17/115994/51719.png,138.5870361,35.4427709,138.5897827,35.4450085,candidate URL generated from official GSI tile scheme; existence/coverage not locally verified
DEM1A,~1 m,airborne laser,17,115994,51720,https://cyberjapandata.gsi.go.jp/xyz/dem1a_png/17/115994/51720.png,138.5870361,35.4405333,138.5897827,35.4427709,candidate URL generated from official GSI tile scheme; existence/coverage not locally verified
DEM1A,~1 m,airborne laser,17,115994,51721,https://cyberjapandata.gsi.go.jp/xyz/dem1a_png/17/115994/51721.png,138.5870361,35.4382955,138.5897827,35.4405333,candidate URL generated from official GSI tile scheme; existence/coverage not locally verified
DEM1A,~1 m,airborne laser,17,115994,51722,https://cyberjapandata.gsi.go.jp/xyz/dem1a_png/17/115994/51722.png,138.5870361,35.4360578,138.5897827,35.4382955,candidate URL generated from official GSI tile scheme; existence/coverage not locally verified
DEM1A,~1 m,airborne laser,17,115994,51723,https://cyberjapandata.gsi.go.jp/xyz/dem1a_png/17/115994/51723.png,138.5870361,35.4338199,138.5897827,35.4360578,candidate URL generated from official GSI tile scheme; existence/coverage not locally verified
DEM1A,~1 m,airborne laser,17,115994,51724,https://cyberjapandata.gsi.go.jp/xyz/dem1a_png/17/115994/51724.png,138.5870361,35.431582,138.5897827,35.4338199,candidate URL generated from official GSI tile scheme; existence/coverage not locally verified
DEM1A,~1 m,airborne laser,17,115994,51725,https://cyberjapandata.gsi.go.jp/xyz/dem1a_png/17/115994/51725.png,138.5870361,35.429344,138.5897827,35.431582,candidate URL generated from official GSI tile scheme; existence/coverage not locally verified
DEM1A,~1 m,airborne laser,17,115995,51680,https://cyberjapandata.gsi.go.jp/xyz/dem1a_png/17/115995/51680.png,138.5897827,35.5299911,138.5925293,35.5322262,candidate URL generated from official GSI tile scheme; existence/coverage not locally verified
DEM1A,~1 m,airborne laser,17,115995,51681,https://cyberjapandata.gsi.go.jp/xyz/dem1a_png/17/115995/51681.png,138.5897827,35.5277558,138.5925293,35.5299911,candidate URL generated from official GSI tile scheme; existence/coverage not locally verified
DEM1A,~1 m,airborne laser,17,115995,51682,https://cyberjapandata.gsi.go.jp/xyz/dem1a_png/17/115995/51682.png,138.5897827,35.5255205,138.5925293,35.5277558,candidate URL generated from official GSI tile scheme; existence/coverage not locally verified
DEM1A,~1 m,airborne laser,17,115995,51683,https://cyberjapandata.gsi.go.jp/xyz/dem1a_png/17/115995/51683.png,138.5897827,35.5232852,138.5925293,35.5255205,candidate URL generated from official GSI tile scheme; existence/coverage not locally verified
DEM1A,~1 m,airborne laser,17,115995,51684,https://cyberjapandata.gsi.go.jp/xyz/dem1a_png/17/115995/51684.png,138.5897827,35.5210498,138.5925293,35.5232852,candidate URL generated from official GSI tile scheme; existence/coverage not locally verified
DEM1A,~1 m,airborne laser,17,115995,51685,https://cyberjapandata.gsi.go.jp/xyz/dem1a_png/17/115995/51685.png,138.5897827,35.5188143,138.5925293,35.5210498,candidate URL generated from official GSI tile scheme; existence/coverage not locally verified
DEM1A,~1 m,airborne laser,17,115995,51686,https://cyberjapandata.gsi.go.jp/xyz/dem1a_png/17/115995/51686.png,138.5897827,35.5165787,138.5925293,35.5188143,candidate URL generated from official GSI tile scheme; existence/coverage not locally verified
DEM1A,~1 m,airborne laser,17,115995,51687,https://cyberjapandata.gsi.go.jp/xyz/dem1a_png/17/115995/51687.png,138.5897827,35.5143431,138.5925293,35.5165787,candidate URL generated from official GSI tile scheme; existence/coverage not locally verified
DEM1A,~1 m,airborne laser,17,115995,51688,https://cyberjapandata.gsi.go.jp/xyz/dem1a_png/17/115995/51688.png,138.5897827,35.5121075,138.5925293,35.5143431,candidate URL generated from official GSI tile scheme; existence/coverage not locally verified
DEM1A,~1 m,airborne laser,17,115995,51689,https://cyberjapandata.gsi.go.jp/xyz/dem1a_png/17/115995/51689.png,138.5897827,35.5098717,138.5925293,35.5121075,candidate URL generated from official GSI tile scheme; existence/coverage not locally verified
DEM1A,~1 m,airborne laser,17,115995,51690,https://cyberjapandata.gsi.go.jp/xyz/dem1a_png/17/115995/51690.png,138.5897827,35.5076359,138.5925293,35.5098717,candidate URL generated from official GSI tile scheme; existence/coverage not locally verified
DEM1A,~1 m,airborne laser,17,115995,51691,https://cyberjapandata.gsi.go.jp/xyz/dem1a_png/17/115995/51691.png,138.5897827,35.5054001,138.5925293,35.5076359,candidate URL generated from official GSI tile scheme; existence/coverage not locally verified
DEM1A,~1 m,airborne laser,17,115995,51692,https://cyberjapandata.gsi.go.jp/xyz/dem1a_png/17/115995/51692.png,138.5897827,35.5031642,138.5925293,35.5054001,candidate URL generated from official GSI tile scheme; existence/coverage not locally verified
DEM1A,~1 m,airborne laser,17,115995,51693,https://cyberjapandata.gsi.go.jp/xyz/dem1a_png/17/115995/51693.png,138.5897827,35.5009282,138.5925293,35.5031642,candidate URL generated from official GSI tile scheme; existence/coverage not locally verified
DEM1A,~1 m,airborne laser,17,115995,51694,https://cyberjapandata.gsi.go.jp/xyz/dem1a_png/17/115995/51694.png,138.5897827,35.4986922,138.5925293,35.5009282,candidate URL generated from official GSI tile scheme; existence/coverage not locally verified
DEM1A,~1 m,airborne laser,17,115995,51695,https://cyberjapandata.gsi.go.jp/xyz/dem1a_png/17/115995/51695.png,138.5897827,35.4964561,138.5925293,35.4986922,candidate URL generated from official GSI tile scheme; existence/coverage not locally verified
DEM1A,~1 m,airborne laser,17,115995,51696,https://cyberjapandata.gsi.go.jp/xyz/dem1a_png/17/115995/51696.png,138.5897827,35.4942199,138.5925293,35.4964561,candidate URL generated from official GSI tile scheme; existence/coverage not locally verified
DEM1A,~1 m,airborne laser,17,115995,51697,https://cyberjapandata.gsi.go.jp/xyz/dem1a_png/17/115995/51697.png,138.5897827,35.4919837,138.5925293,35.4942199,candidate URL generated from official GSI tile scheme; existence/coverage not locally verified
DEM1A,~1 m,airborne laser,17,115995,51698,https://cyberjapandata.gsi.go.jp/xyz/dem1a_png/17/115995/51698.png,138.5897827,35.4897474,138.5925293,35.4919837,candidate URL generated from official GSI tile scheme; existence/coverage not locally verified
DEM1A,~1 m,airborne laser,17,115995,51699,https://cyberjapandata.gsi.go.jp/xyz/dem1a_png/17/115995/51699.png,138.5897827,35.487511,138.5925293,35.4897474,candidate URL generated from official GSI tile scheme; existence/coverage not locally verified
DEM1A,~1 m,airborne laser,17,115995,51700,https://cyberjapandata.gsi.go.jp/xyz/dem1a_png/17/115995/51700.png,138.5897827,35.4852746,138.5925293,35.487511,candidate URL generated from official GSI tile scheme; existence/coverage not locally verified
DEM1A,~1 m,airborne laser,17,115995,51701,https://cyberjapandata.gsi.go.jp/xyz/dem1a_png/17/115995/51701.png,138.5897827,35.4830381,138.5925293,35.4852746,candidate URL generated from official GSI tile scheme; existence/coverage not locally verified
DEM1A,~1 m,airborne laser,17,115995,51702,https://cyberjapandata.gsi.go.jp/xyz/dem1a_png/17/115995/51702.png,138.5897827,35.4808016,138.5925293,35.4830381,candidate URL generated from official GSI tile scheme; existence/coverage not locally verified
DEM1A,~1 m,airborne laser,17,115995,51703,https://cyberjapandata.gsi.go.jp/xyz/dem1a_png/17/115995/51703.png,138.5897827,35.478565,138.5925293,35.4808016,candidate URL generated from official GSI tile scheme; existence/coverage not locally verified
DEM1A,~1 m,airborne laser,17,115995,51704,https://cyberjapandata.gsi.go.jp/xyz/dem1a_png/17/115995/51704.png,138.5897827,35.4763283,138.5925293,35.478565,candidate URL generated from official GSI tile scheme; existence/coverage not locally verified
DEM1A,~1 m,airborne laser,17,115995,51705,https://cyberjapandata.gsi.go.jp/xyz/dem1a_png/17/115995/51705.png,138.5897827,35.4740916,138.5925293,35.4763283,candidate URL generated from official GSI tile scheme; existence/coverage not locally verified
DEM1A,~1 m,airborne laser,17,115995,51706,https://cyberjapandata.gsi.go.jp/xyz/dem1a_png/17/115995/51706.png,138.5897827,35.4718548,138.5925293,35.4740916,candidate URL generated from official GSI tile scheme; existence/coverage not locally verified
DEM1A,~1 m,airborne laser,17,115995,51707,https://cyberjapandata.gsi.go.jp/xyz/dem1a_png/17/115995/51707.png,138.5897827,35.469618,138.5925293,35.4718548,candidate URL generated from official GSI tile scheme; existence/coverage not locally verified
DEM1A,~1 m,airborne laser,17,115995,51708,https://cyberjapandata.gsi.go.jp/xyz/dem1a_png/17/115995/51708.png,138.5897827,35.4673811,138.5925293,35.469618,candidate URL generated from official GSI tile scheme; existence/coverage not locally verified
DEM1A,~1 m,airborne laser,17,115995,51709,https://cyberjapandata.gsi.go.jp/xyz/dem1a_png/17/115995/51709.png,138.5897827,35.4651441,138.5925293,35.4673811,candidate URL generated from official GSI tile scheme; existence/coverage not locally verified
DEM1A,~1 m,airborne laser,17,115995,51710,https://cyberjapandata.gsi.go.jp/xyz/dem1a_png/17/115995/51710.png,138.5897827,35.462907,138.5925293,35.4651441,candidate URL generated from official GSI tile scheme; existence/coverage not locally verified
DEM1A,~1 m,airborne laser,17,115995,51711,https://cyberjapandata.gsi.go.jp/xyz/dem1a_png/17/115995/51711.png,138.5897827,35.46067,138.5925293,35.462907,candidate URL generated from official GSI tile scheme; existence/coverage not locally verified
DEM1A,~1 m,airborne laser,17,115995,51712,https://cyberjapandata.gsi.go.jp/xyz/dem1a_png/17/115995/51712.png,138.5897827,35.4584328,138.5925293,35.46067,candidate URL generated from official GSI tile scheme; existence/coverage not locally verified
DEM1A,~1 m,airborne laser,17,115995,51713,https://cyberjapandata.gsi.go.jp/xyz/dem1a_png/17/115995/51713.png,138.5897827,35.4561956,138.5925293,35.4584328,candidate URL generated from official GSI tile scheme; existence/coverage not locally verified
DEM1A,~1 m,airborne laser,17,115995,51714,https://cyberjapandata.gsi.go.jp/xyz/dem1a_png/17/115995/51714.png,138.5897827,35.4539583,138.5925293,35.4561956,candidate URL generated from official GSI tile scheme; existence/coverage not locally verified
DEM1A,~1 m,airborne laser,17,115995,51715,https://cyberjapandata.gsi.go.jp/xyz/dem1a_png/17/115995/51715.png,138.5897827,35.4517209,138.5925293,35.4539583,candidate URL generated from official GSI tile scheme; existence/coverage not locally verified
DEM1A,~1 m,airborne laser,17,115995,51716,https://cyberjapandata.gsi.go.jp/xyz/dem1a_png/17/115995/51716.png,138.5897827,35.4494835,138.5925293,35.4517209,candidate URL generated from official GSI tile scheme; existence/coverage not locally verified
DEM1A,~1 m,airborne laser,17,115995,51717,https://cyberjapandata.gsi.go.jp/xyz/dem1a_png/17/115995/51717.png,138.5897827,35.4472461,138.5925293,35.4494835,candidate URL generated from official GSI tile scheme; existence/coverage not locally verified
DEM1A,~1 m,airborne laser,17,115995,51718,https://cyberjapandata.gsi.go.jp/xyz/dem1a_png/17/115995/51718.png,138.5897827,35.4450085,138.5925293,35.4472461,candidate URL generated from official GSI tile scheme; existence/coverage not locally verified
DEM1A,~1 m,airborne laser,17,115995,51719,https://cyberjapandata.gsi.go.jp/xyz/dem1a_png/17/115995/51719.png,138.5897827,35.4427709,138.5925293,35.4450085,candidate URL generated from official GSI tile scheme; existence/coverage not locally verified
DEM1A,~1 m,airborne laser,17,115995,51720,https://cyberjapandata.gsi.go.jp/xyz/dem1a_png/17/115995/51720.png,138.5897827,35.4405333,138.5925293,35.4427709,candidate URL generated from official GSI tile scheme; existence/coverage not locally verified
DEM1A,~1 m,airborne laser,17,115995,51721,https://cyberjapandata.gsi.go.jp/xyz/dem1a_png/17/115995/51721.png,138.5897827,35.4382955,138.5925293,35.4405333,candidate URL generated from official GSI tile scheme; existence/coverage not locally verified
DEM1A,~1 m,airborne laser,17,115995,51722,https://cyberjapandata.gsi.go.jp/xyz/dem1a_png/17/115995/51722.png,138.5897827,35.4360578,138.5925293,35.4382955,candidate URL generated from official GSI tile scheme; existence/coverage not locally verified
DEM1A,~1 m,airborne laser,17,115995,51723,https://cyberjapandata.gsi.go.jp/xyz/dem1a_png/17/115995/51723.png,138.5897827,35.4338199,138.5925293,35.4360578,candidate URL generated from official GSI tile scheme; existence/coverage not locally verified
DEM1A,~1 m,airborne laser,17,115995,51724,https://cyberjapandata.gsi.go.jp/xyz/dem1a_png/17/115995/51724.png,138.5897827,35.431582,138.5925293,35.4338199,candidate URL generated from official GSI tile scheme; existence/coverage not locally verified
DEM1A,~1 m,airborne laser,17,115995,51725,https://cyberjapandata.gsi.go.jp/xyz/dem1a_png/17/115995/51725.png,138.5897827,35.429344,138.5925293,35.431582,candidate URL generated from official GSI tile scheme; existence/coverage not locally verified
DEM1A,~1 m,airborne laser,17,115996,51680,https://cyberjapandata.gsi.go.jp/xyz/dem1a_png/17/115996/51680.png,138.5925293,35.5299911,138.5952759,35.5322262,candidate URL generated from official GSI tile scheme; existence/coverage not locally verified
DEM1A,~1 m,airborne laser,17,115996,51681,https://cyberjapandata.gsi.go.jp/xyz/dem1a_png/17/115996/51681.png,138.5925293,35.5277558,138.5952759,35.5299911,candidate URL generated from official GSI tile scheme; existence/coverage not locally verified
DEM1A,~1 m,airborne laser,17,115996,51682,https://cyberjapandata.gsi.go.jp/xyz/dem1a_png/17/115996/51682.png,138.5925293,35.5255205,138.5952759,35.5277558,candidate URL generated from official GSI tile scheme; existence/coverage not locally verified
DEM1A,~1 m,airborne laser,17,115996,51683,https://cyberjapandata.gsi.go.jp/xyz/dem1a_png/17/115996/51683.png,138.5925293,35.5232852,138.5952759,35.5255205,candidate URL generated from official GSI tile scheme; existence/coverage not locally verified
DEM1A,~1 m,airborne laser,17,115996,51684,https://cyberjapandata.gsi.go.jp/xyz/dem1a_png/17/115996/51684.png,138.5925293,35.5210498,138.5952759,35.5232852,candidate URL generated from official GSI tile scheme; existence/coverage not locally verified
DEM1A,~1 m,airborne laser,17,115996,51685,https://cyberjapandata.gsi.go.jp/xyz/dem1a_png/17/115996/51685.png,138.5925293,35.5188143,138.5952759,35.5210498,candidate URL generated from official GSI tile scheme; existence/coverage not locally verified
DEM1A,~1 m,airborne laser,17,115996,51686,https://cyberjapandata.gsi.go.jp/xyz/dem1a_png/17/115996/51686.png,138.5925293,35.5165787,138.5952759,35.5188143,candidate URL generated from official GSI tile scheme; existence/coverage not locally verified
DEM1A,~1 m,airborne laser,17,115996,51687,https://cyberjapandata.gsi.go.jp/xyz/dem1a_png/17/115996/51687.png,138.5925293,35.5143431,138.5952759,35.5165787,candidate URL generated from official GSI tile scheme; existence/coverage not locally verified
DEM1A,~1 m,airborne laser,17,115996,51688,https://cyberjapandata.gsi.go.jp/xyz/dem1a_png/17/115996/51688.png,138.5925293,35.5121075,138.5952759,35.5143431,candidate URL generated from official GSI tile scheme; existence/coverage not locally verified
DEM1A,~1 m,airborne laser,17,115996,51689,https://cyberjapandata.gsi.go.jp/xyz/dem1a_png/17/115996/51689.png,138.5925293,35.5098717,138.5952759,35.5121075,candidate URL generated from official GSI tile scheme; existence/coverage not locally verified
DEM1A,~1 m,airborne laser,17,115996,51690,https://cyberjapandata.gsi.go.jp/xyz/dem1a_png/17/115996/51690.png,138.5925293,35.5076359,138.5952759,35.5098717,candidate URL generated from official GSI tile scheme; existence/coverage not locally verified
DEM1A,~1 m,airborne laser,17,115996,51691,https://cyberjapandata.gsi.go.jp/xyz/dem1a_png/17/115996/51691.png,138.5925293,35.5054001,138.5952759,35.5076359,candidate URL generated from official GSI tile scheme; existence/coverage not locally verified
DEM1A,~1 m,airborne laser,17,115996,51692,https://cyberjapandata.gsi.go.jp/xyz/dem1a_png/17/115996/51692.png,138.5925293,35.5031642,138.5952759,35.5054001,candidate URL generated from official GSI tile scheme; existence/coverage not locally verified
DEM1A,~1 m,airborne laser,17,115996,51693,https://cyberjapandata.gsi.go.jp/xyz/dem1a_png/17/115996/51693.png,138.5925293,35.5009282,138.5952759,35.5031642,candidate URL generated from official GSI tile scheme; existence/coverage not locally verified
DEM1A,~1 m,airborne laser,17,115996,51694,https://cyberjapandata.gsi.go.jp/xyz/dem1a_png/17/115996/51694.png,138.5925293,35.4986922,138.5952759,35.5009282,candidate URL generated from official GSI tile scheme; existence/coverage not locally verified
DEM1A,~1 m,airborne laser,17,115996,51695,https://cyberjapandata.gsi.go.jp/xyz/dem1a_png/17/115996/51695.png,138.5925293,35.4964561,138.5952759,35.4986922,candidate URL generated from official GSI tile scheme; existence/coverage not locally verified
DEM1A,~1 m,airborne laser,17,115996,51696,https://cyberjapandata.gsi.go.jp/xyz/dem1a_png/17/115996/51696.png,138.5925293,35.4942199,138.5952759,35.4964561,candidate URL generated from official GSI tile scheme; existence/coverage not locally verified
DEM1A,~1 m,airborne laser,17,115996,51697,https://cyberjapandata.gsi.go.jp/xyz/dem1a_png/17/115996/51697.png,138.5925293,35.4919837,138.5952759,35.4942199,candidate URL generated from official GSI tile scheme; existence/coverage not locally verified
DEM1A,~1 m,airborne laser,17,115996,51698,https://cyberjapandata.gsi.go.jp/xyz/dem1a_png/17/115996/51698.png,138.5925293,35.4897474,138.5952759,35.4919837,candidate URL generated from official GSI tile scheme; existence/coverage not locally verified
DEM1A,~1 m,airborne laser,17,115996,51699,https://cyberjapandata.gsi.go.jp/xyz/dem1a_png/17/115996/51699.png,138.5925293,35.487511,138.5952759,35.4897474,candidate URL generated from official GSI tile scheme; existence/coverage not locally verified
DEM1A,~1 m,airborne laser,17,115996,51700,https://cyberjapandata.gsi.go.jp/xyz/dem1a_png/17/115996/51700.png,138.5925293,35.4852746,138.5952759,35.487511,candidate URL generated from official GSI tile scheme; existence/coverage not locally verified
DEM1A,~1 m,airborne laser,17,115996,51701,https://cyberjapandata.gsi.go.jp/xyz/dem1a_png/17/115996/51701.png,138.5925293,35.4830381,138.5952759,35.4852746,candidate URL generated from official GSI tile scheme; existence/coverage not locally verified
DEM1A,~1 m,airborne laser,17,115996,51702,https://cyberjapandata.gsi.go.jp/xyz/dem1a_png/17/115996/51702.png,138.5925293,35.4808016,138.5952759,35.4830381,candidate URL generated from official GSI tile scheme; existence/coverage not locally verified
DEM1A,~1 m,airborne laser,17,115996,51703,https://cyberjapandata.gsi.go.jp/xyz/dem1a_png/17/115996/51703.png,138.5925293,35.478565,138.5952759,35.4808016,candidate URL generated from official GSI tile scheme; existence/coverage not locally verified
DEM1A,~1 m,airborne laser,17,115996,51704,https://cyberjapandata.gsi.go.jp/xyz/dem1a_png/17/115996/51704.png,138.5925293,35.4763283,138.5952759,35.478565,candidate URL generated from official GSI tile scheme; existence/coverage not locally verified
DEM1A,~1 m,airborne laser,17,115996,51705,https://cyberjapandata.gsi.go.jp/xyz/dem1a_png/17/115996/51705.png,138.5925293,35.4740916,138.5952759,35.4763283,candidate URL generated from official GSI tile scheme; existence/coverage not locally verified
DEM1A,~1 m,airborne laser,17,115996,51706,https://cyberjapandata.gsi.go.jp/xyz/dem1a_png/17/115996/51706.png,138.5925293,35.4718548,138.5952759,35.4740916,candidate URL generated from official GSI tile scheme; existence/coverage not locally verified
DEM1A,~1 m,airborne laser,17,115996,51707,https://cyberjapandata.gsi.go.jp/xyz/dem1a_png/17/115996/51707.png,138.5925293,35.469618,138.5952759,35.4718548,candidate URL generated from official GSI tile scheme; existence/coverage not locally verified
DEM1A,~1 m,airborne laser,17,115996,51708,https://cyberjapandata.gsi.go.jp/xyz/dem1a_png/17/115996/51708.png,138.5925293,35.4673811,138.5952759,35.469618,candidate URL generated from official GSI tile scheme; existence/coverage not locally verified
DEM1A,~1 m,airborne laser,17,115996,51709,https://cyberjapandata.gsi.go.jp/xyz/dem1a_png/17/115996/51709.png,138.5925293,35.4651441,138.5952759,35.4673811,candidate URL generated from official GSI tile scheme; existence/coverage not locally verified
DEM1A,~1 m,airborne laser,17,115996,51710,https://cyberjapandata.gsi.go.jp/xyz/dem1a_png/17/115996/51710.png,138.5925293,35.462907,138.5952759,35.4651441,candidate URL generated from official GSI tile scheme; existence/coverage not locally verified
DEM1A,~1 m,airborne laser,17,115996,51711,https://cyberjapandata.gsi.go.jp/xyz/dem1a_png/17/115996/51711.png,138.5925293,35.46067,138.5952759,35.462907,candidate URL generated from official GSI tile scheme; existence/coverage not locally verified
DEM1A,~1 m,airborne laser,17,115996,51712,https://cyberjapandata.gsi.go.jp/xyz/dem1a_png/17/115996/51712.png,138.5925293,35.4584328,138.5952759,35.46067,candidate URL generated from official GSI tile scheme; existence/coverage not locally verified
DEM1A,~1 m,airborne laser,17,115996,51713,https://cyberjapandata.gsi.go.jp/xyz/dem1a_png/17/115996/51713.png,138.5925293,35.4561956,138.5952759,35.4584328,candidate URL generated from official GSI tile scheme; existence/coverage not locally verified
DEM1A,~1 m,airborne laser,17,115996,51714,https://cyberjapandata.gsi.go.jp/xyz/dem1a_png/17/115996/51714.png,138.5925293,35.4539583,138.5952759,35.4561956,candidate URL generated from official GSI tile scheme; existence/coverage not locally verified
DEM1A,~1 m,airborne laser,17,115996,51715,https://cyberjapandata.gsi.go.jp/xyz/dem1a_png/17/115996/51715.png,138.5925293,35.4517209,138.5952759,35.4539583,candidate URL generated from official GSI tile scheme; existence/coverage not locally verified
DEM1A,~1 m,airborne laser,17,115996,51716,https://cyberjapandata.gsi.go.jp/xyz/dem1a_png/17/115996/51716.png,138.5925293,35.4494835,138.5952759,35.4517209,candidate URL generated from official GSI tile scheme; existence/coverage not locally verified
DEM1A,~1 m,airborne laser,17,115996,51717,https://cyberjapandata.gsi.go.jp/xyz/dem1a_png/17/115996/51717.png,138.5925293,35.4472461,138.5952759,35.4494835,candidate URL generated from official GSI tile scheme; existence/coverage not locally verified
DEM1A,~1 m,airborne laser,17,115996,51718,https://cyberjapandata.gsi.go.jp/xyz/dem1a_png/17/115996/51718.png,138.5925293,35.4450085,138.5952759,35.4472461,candidate URL generated from official GSI tile scheme; existence/coverage not locally verified
DEM1A,~1 m,airborne laser,17,115996,51719,https://cyberjapandata.gsi.go.jp/xyz/dem1a_png/17/115996/51719.png,138.5925293,35.4427709,138.5952759,35.4450085,candidate URL generated from official GSI tile scheme; existence/coverage not locally verified
DEM1A,~1 m,airborne laser,17,115996,51720,https://cyberjapandata.gsi.go.jp/xyz/dem1a_png/17/115996/51720.png,138.5925293,35.4405333,138.5952759,35.4427709,candidate URL generated from official GSI tile scheme; existence/coverage not locally verified
DEM1A,~1 m,airborne laser,17,115996,51721,https://cyberjapandata.gsi.go.jp/xyz/dem1a_png/17/115996/51721.png,138.5925293,35.4382955,138.5952759,35.4405333,candidate URL generated from official GSI tile scheme; existence/coverage not locally verified
DEM1A,~1 m,airborne laser,17,115996,51722,https://cyberjapandata.gsi.go.jp/xyz/dem1a_png/17/115996/51722.png,138.5925293,35.4360578,138.5952759,35.4382955,candidate URL generated from official GSI tile scheme; existence/coverage not locally verified
DEM1A,~1 m,airborne laser,17,115996,51723,https://cyberjapandata.gsi.go.jp/xyz/dem1a_png/17/115996/51723.png,138.5925293,35.4338199,138.5952759,35.4360578,candidate URL generated from official GSI tile scheme; existence/coverage not locally verified
DEM1A,~1 m,airborne laser,17,115996,51724,https://cyberjapandata.gsi.go.jp/xyz/dem1a_png/17/115996/51724.png,138.5925293,35.431582,138.5952759,35.4338199,candidate URL generated from official GSI tile scheme; existence/coverage not locally verified
DEM1A,~1 m,airborne laser,17,115996,51725,https://cyberjapandata.gsi.go.jp/xyz/dem1a_png/17/115996/51725.png,138.5925293,35.429344,138.5952759,35.431582,candidate URL generated from official GSI tile scheme; existence/coverage not locally verified
DEM1A,~1 m,airborne laser,17,115997,51680,https://cyberjapandata.gsi.go.jp/xyz/dem1a_png/17/115997/51680.png,138.5952759,35.5299911,138.5980225,35.5322262,candidate URL generated from official GSI tile scheme; existence/coverage not locally verified
DEM1A,~1 m,airborne laser,17,115997,51681,https://cyberjapandata.gsi.go.jp/xyz/dem1a_png/17/115997/51681.png,138.5952759,35.5277558,138.5980225,35.5299911,candidate URL generated from official GSI tile scheme; existence/coverage not locally verified
DEM1A,~1 m,airborne laser,17,115997,51682,https://cyberjapandata.gsi.go.jp/xyz/dem1a_png/17/115997/51682.png,138.5952759,35.5255205,138.5980225,35.5277558,candidate URL generated from official GSI tile scheme; existence/coverage not locally verified
DEM1A,~1 m,airborne laser,17,115997,51683,https://cyberjapandata.gsi.go.jp/xyz/dem1a_png/17/115997/51683.png,138.5952759,35.5232852,138.5980225,35.5255205,candidate URL generated from official GSI tile scheme; existence/coverage not locally verified
DEM1A,~1 m,airborne laser,17,115997,51684,https://cyberjapandata.gsi.go.jp/xyz/dem1a_png/17/115997/51684.png,138.5952759,35.5210498,138.5980225,35.5232852,candidate URL generated from official GSI tile scheme; existence/coverage not locally verified
DEM1A,~1 m,airborne laser,17,115997,51685,https://cyberjapandata.gsi.go.jp/xyz/dem1a_png/17/115997/51685.png,138.5952759,35.5188143,138.5980225,35.5210498,candidate URL generated from official GSI tile scheme; existence/coverage not locally verified
DEM1A,~1 m,airborne laser,17,115997,51686,https://cyberjapandata.gsi.go.jp/xyz/dem1a_png/17/115997/51686.png,138.5952759,35.5165787,138.5980225,35.5188143,candidate URL generated from official GSI tile scheme; existence/coverage not locally verified
DEM1A,~1 m,airborne laser,17,115997,51687,https://cyberjapandata.gsi.go.jp/xyz/dem1a_png/17/115997/51687.png,138.5952759,35.5143431,138.5980225,35.5165787,candidate URL generated from official GSI tile scheme; existence/coverage not locally verified
DEM1A,~1 m,airborne laser,17,115997,51688,https://cyberjapandata.gsi.go.jp/xyz/dem1a_png/17/115997/51688.png,138.5952759,35.5121075,138.5980225,35.5143431,candidate URL generated from official GSI tile scheme; existence/coverage not locally verified
DEM1A,~1 m,airborne laser,17,115997,51689,https://cyberjapandata.gsi.go.jp/xyz/dem1a_png/17/115997/51689.png,138.5952759,35.5098717,138.5980225,35.5121075,candidate URL generated from official GSI tile scheme; existence/coverage not locally verified
DEM1A,~1 m,airborne laser,17,115997,51690,https://cyberjapandata.gsi.go.jp/xyz/dem1a_png/17/115997/51690.png,138.5952759,35.5076359,138.5980225,35.5098717,candidate URL generated from official GSI tile scheme; existence/coverage not locally verified
DEM1A,~1 m,airborne laser,17,115997,51691,https://cyberjapandata.gsi.go.jp/xyz/dem1a_png/17/115997/51691.png,138.5952759,35.5054001,138.5980225,35.5076359,candidate URL generated from official GSI tile scheme; existence/coverage not locally verified
DEM1A,~1 m,airborne laser,17,115997,51692,https://cyberjapandata.gsi.go.jp/xyz/dem1a_png/17/115997/51692.png,138.5952759,35.5031642,138.5980225,35.5054001,candidate URL generated from official GSI tile scheme; existence/coverage not locally verified
DEM1A,~1 m,airborne laser,17,115997,51693,https://cyberjapandata.gsi.go.jp/xyz/dem1a_png/17/115997/51693.png,138.5952759,35.5009282,138.5980225,35.5031642,candidate URL generated from official GSI tile scheme; existence/coverage not locally verified
DEM1A,~1 m,airborne laser,17,115997,51694,https://cyberjapandata.gsi.go.jp/xyz/dem1a_png/17/115997/51694.png,138.5952759,35.4986922,138.5980225,35.5009282,candidate URL generated from official GSI tile scheme; existence/coverage not locally verified
DEM1A,~1 m,airborne laser,17,115997,51695,https://cyberjapandata.gsi.go.jp/xyz/dem1a_png/17/115997/51695.png,138.5952759,35.4964561,138.5980225,35.4986922,candidate URL generated from official GSI tile scheme; existence/coverage not locally verified
DEM1A,~1 m,airborne laser,17,115997,51696,https://cyberjapandata.gsi.go.jp/xyz/dem1a_png/17/115997/51696.png,138.5952759,35.4942199,138.5980225,35.4964561,candidate URL generated from official GSI tile scheme; existence/coverage not locally verified
DEM1A,~1 m,airborne laser,17,115997,51697,https://cyberjapandata.gsi.go.jp/xyz/dem1a_png/17/115997/51697.png,138.5952759,35.4919837,138.5980225,35.4942199,candidate URL generated from official GSI tile scheme; existence/coverage not locally verified
DEM1A,~1 m,airborne laser,17,115997,51698,https://cyberjapandata.gsi.go.jp/xyz/dem1a_png/17/115997/51698.png,138.5952759,35.4897474,138.5980225,35.4919837,candidate URL generated from official GSI tile scheme; existence/coverage not locally verified
DEM1A,~1 m,airborne laser,17,115997,51699,https://cyberjapandata.gsi.go.jp/xyz/dem1a_png/17/115997/51699.png,138.5952759,35.487511,138.5980225,35.4897474,candidate URL generated from official GSI tile scheme; existence/coverage not locally verified
DEM1A,~1 m,airborne laser,17,115997,51700,https://cyberjapandata.gsi.go.jp/xyz/dem1a_png/17/115997/51700.png,138.5952759,35.4852746,138.5980225,35.487511,candidate URL generated from official GSI tile scheme; existence/coverage not locally verified
DEM1A,~1 m,airborne laser,17,115997,51701,https://cyberjapandata.gsi.go.jp/xyz/dem1a_png/17/115997/51701.png,138.5952759,35.4830381,138.5980225,35.4852746,candidate URL generated from official GSI tile scheme; existence/coverage not locally verified
DEM1A,~1 m,airborne laser,17,115997,51702,https://cyberjapandata.gsi.go.jp/xyz/dem1a_png/17/115997/51702.png,138.5952759,35.4808016,138.5980225,35.4830381,candidate URL generated from official GSI tile scheme; existence/coverage not locally verified
DEM1A,~1 m,airborne laser,17,115997,51703,https://cyberjapandata.gsi.go.jp/xyz/dem1a_png/17/115997/51703.png,138.5952759,35.478565,138.5980225,35.4808016,candidate URL generated from official GSI tile scheme; existence/coverage not locally verified
DEM1A,~1 m,airborne laser,17,115997,51704,https://cyberjapandata.gsi.go.jp/xyz/dem1a_png/17/115997/51704.png,138.5952759,35.4763283,138.5980225,35.478565,candidate URL generated from official GSI tile scheme; existence/coverage not locally verified
DEM1A,~1 m,airborne laser,17,115997,51705,https://cyberjapandata.gsi.go.jp/xyz/dem1a_png/17/115997/51705.png,138.5952759,35.4740916,138.5980225,35.4763283,candidate URL generated from official GSI tile scheme; existence/coverage not locally verified
DEM1A,~1 m,airborne laser,17,115997,51706,https://cyberjapandata.gsi.go.jp/xyz/dem1a_png/17/115997/51706.png,138.5952759,35.4718548,138.5980225,35.4740916,candidate URL generated from official GSI tile scheme; existence/coverage not locally verified
DEM1A,~1 m,airborne laser,17,115997,51707,https://cyberjapandata.gsi.go.jp/xyz/dem1a_png/17/115997/51707.png,138.5952759,35.469618,138.5980225,35.4718548,candidate URL generated from official GSI tile scheme; existence/coverage not locally verified
DEM1A,~1 m,airborne laser,17,115997,51708,https://cyberjapandata.gsi.go.jp/xyz/dem1a_png/17/115997/51708.png,138.5952759,35.4673811,138.5980225,35.469618,candidate URL generated from official GSI tile scheme; existence/coverage not locally verified
DEM1A,~1 m,airborne laser,17,115997,51709,https://cyberjapandata.gsi.go.jp/xyz/dem1a_png/17/115997/51709.png,138.5952759,35.4651441,138.5980225,35.4673811,candidate URL generated from official GSI tile scheme; existence/coverage not locally verified
DEM1A,~1 m,airborne laser,17,115997,51710,https://cyberjapandata.gsi.go.jp/xyz/dem1a_png/17/115997/51710.png,138.5952759,35.462907,138.5980225,35.4651441,candidate URL generated from official GSI tile scheme; existence/coverage not locally verified
DEM1A,~1 m,airborne laser,17,115997,51711,https://cyberjapandata.gsi.go.jp/xyz/dem1a_png/17/115997/51711.png,138.5952759,35.46067,138.5980225,35.462907,candidate URL generated from official GSI tile scheme; existence/coverage not locally verified
DEM1A,~1 m,airborne laser,17,115997,51712,https://cyberjapandata.gsi.go.jp/xyz/dem1a_png/17/115997/51712.png,138.5952759,35.4584328,138.5980225,35.46067,candidate URL generated from official GSI tile scheme; existence/coverage not locally verified
DEM1A,~1 m,airborne laser,17,115997,51713,https://cyberjapandata.gsi.go.jp/xyz/dem1a_png/17/115997/51713.png,138.5952759,35.4561956,138.5980225,35.4584328,candidate URL generated from official GSI tile scheme; existence/coverage not locally verified
DEM1A,~1 m,airborne laser,17,115997,51714,https://cyberjapandata.gsi.go.jp/xyz/dem1a_png/17/115997/51714.png,138.5952759,35.4539583,138.5980225,35.4561956,candidate URL generated from official GSI tile scheme; existence/coverage not locally verified
DEM1A,~1 m,airborne laser,17,115997,51715,https://cyberjapandata.gsi.go.jp/xyz/dem1a_png/17/115997/51715.png,138.5952759,35.4517209,138.5980225,35.4539583,candidate URL generated from official GSI tile scheme; existence/coverage not locally verified
DEM1A,~1 m,airborne laser,17,115997,51716,https://cyberjapandata.gsi.go.jp/xyz/dem1a_png/17/115997/51716.png,138.5952759,35.4494835,138.5980225,35.4517209,candidate URL generated from official GSI tile scheme; existence/coverage not locally verified
DEM1A,~1 m,airborne laser,17,115997,51717,https://cyberjapandata.gsi.go.jp/xyz/dem1a_png/17/115997/51717.png,138.5952759,35.4472461,138.5980225,35.4494835,candidate URL generated from official GSI tile scheme; existence/coverage not locally verified
DEM1A,~1 m,airborne laser,17,115997,51718,https://cyberjapandata.gsi.go.jp/xyz/dem1a_png/17/115997/51718.png,138.5952759,35.4450085,138.5980225,35.4472461,candidate URL generated from official GSI tile scheme; existence/coverage not locally verified
DEM1A,~1 m,airborne laser,17,115997,51719,https://cyberjapandata.gsi.go.jp/xyz/dem1a_png/17/115997/51719.png,138.5952759,35.4427709,138.5980225,35.4450085,candidate URL generated from official GSI tile scheme; existence/coverage not locally verified
DEM1A,~1 m,airborne laser,17,115997,51720,https://cyberjapandata.gsi.go.jp/xyz/dem1a_png/17/115997/51720.png,138.5952759,35.4405333,138.5980225,35.4427709,candidate URL generated from official GSI tile scheme; existence/coverage not locally verified
DEM1A,~1 m,airborne laser,17,115997,51721,https://cyberjapandata.gsi.go.jp/xyz/dem1a_png/17/115997/51721.png,138.5952759,35.4382955,138.5980225,35.4405333,candidate URL generated from official GSI tile scheme; existence/coverage not locally verified
DEM1A,~1 m,airborne laser,17,115997,51722,https://cyberjapandata.gsi.go.jp/xyz/dem1a_png/17/115997/51722.png,138.5952759,35.4360578,138.5980225,35.4382955,candidate URL generated from official GSI tile scheme; existence/coverage not locally verified
DEM1A,~1 m,airborne laser,17,115997,51723,https://cyberjapandata.gsi.go.jp/xyz/dem1a_png/17/115997/51723.png,138.5952759,35.4338199,138.5980225,35.4360578,candidate URL generated from official GSI tile scheme; existence/coverage not locally verified
DEM1A,~1 m,airborne laser,17,115997,51724,https://cyberjapandata.gsi.go.jp/xyz/dem1a_png/17/115997/51724.png,138.5952759,35.431582,138.5980225,35.4338199,candidate URL generated from official GSI tile scheme; existence/coverage not locally verified
DEM1A,~1 m,airborne laser,17,115997,51725,https://cyberjapandata.gsi.go.jp/xyz/dem1a_png/17/115997/51725.png,138.5952759,35.429344,138.5980225,35.431582,candidate URL generated from official GSI tile scheme; existence/coverage not locally verified
DEM1A,~1 m,airborne laser,17,115998,51680,https://cyberjapandata.gsi.go.jp/xyz/dem1a_png/17/115998/51680.png,138.5980225,35.5299911,138.600769,35.5322262,candidate URL generated from official GSI tile scheme; existence/coverage not locally verified
DEM1A,~1 m,airborne laser,17,115998,51681,https://cyberjapandata.gsi.go.jp/xyz/dem1a_png/17/115998/51681.png,138.5980225,35.5277558,138.600769,35.5299911,candidate URL generated from official GSI tile scheme; existence/coverage not locally verified
DEM1A,~1 m,airborne laser,17,115998,51682,https://cyberjapandata.gsi.go.jp/xyz/dem1a_png/17/115998/51682.png,138.5980225,35.5255205,138.600769,35.5277558,candidate URL generated from official GSI tile scheme; existence/coverage not locally verified
DEM1A,~1 m,airborne laser,17,115998,51683,https://cyberjapandata.gsi.go.jp/xyz/dem1a_png/17/115998/51683.png,138.5980225,35.5232852,138.600769,35.5255205,candidate URL generated from official GSI tile scheme; existence/coverage not locally verified
DEM1A,~1 m,airborne laser,17,115998,51684,https://cyberjapandata.gsi.go.jp/xyz/dem1a_png/17/115998/51684.png,138.5980225,35.5210498,138.600769,35.5232852,candidate URL generated from official GSI tile scheme; existence/coverage not locally verified
DEM1A,~1 m,airborne laser,17,115998,51685,https://cyberjapandata.gsi.go.jp/xyz/dem1a_png/17/115998/51685.png,138.5980225,35.5188143,138.600769,35.5210498,candidate URL generated from official GSI tile scheme; existence/coverage not locally verified
DEM1A,~1 m,airborne laser,17,115998,51686,https://cyberjapandata.gsi.go.jp/xyz/dem1a_png/17/115998/51686.png,138.5980225,35.5165787,138.600769,35.5188143,candidate URL generated from official GSI tile scheme; existence/coverage not locally verified
DEM1A,~1 m,airborne laser,17,115998,51687,https://cyberjapandata.gsi.go.jp/xyz/dem1a_png/17/115998/51687.png,138.5980225,35.5143431,138.600769,35.5165787,candidate URL generated from official GSI tile scheme; existence/coverage not locally verified
DEM1A,~1 m,airborne laser,17,115998,51688,https://cyberjapandata.gsi.go.jp/xyz/dem1a_png/17/115998/51688.png,138.5980225,35.5121075,138.600769,35.5143431,candidate URL generated from official GSI tile scheme; existence/coverage not locally verified
DEM1A,~1 m,airborne laser,17,115998,51689,https://cyberjapandata.gsi.go.jp/xyz/dem1a_png/17/115998/51689.png,138.5980225,35.5098717,138.600769,35.5121075,candidate URL generated from official GSI tile scheme; existence/coverage not locally verified
DEM1A,~1 m,airborne laser,17,115998,51690,https://cyberjapandata.gsi.go.jp/xyz/dem1a_png/17/115998/51690.png,138.5980225,35.5076359,138.600769,35.5098717,candidate URL generated from official GSI tile scheme; existence/coverage not locally verified
DEM1A,~1 m,airborne laser,17,115998,51691,https://cyberjapandata.gsi.go.jp/xyz/dem1a_png/17/115998/51691.png,138.5980225,35.5054001,138.600769,35.5076359,candidate URL generated from official GSI tile scheme; existence/coverage not locally verified
DEM1A,~1 m,airborne laser,17,115998,51692,https://cyberjapandata.gsi.go.jp/xyz/dem1a_png/17/115998/51692.png,138.5980225,35.5031642,138.600769,35.5054001,candidate URL generated from official GSI tile scheme; existence/coverage not locally verified
DEM1A,~1 m,airborne laser,17,115998,51693,https://cyberjapandata.gsi.go.jp/xyz/dem1a_png/17/115998/51693.png,138.5980225,35.5009282,138.600769,35.5031642,candidate URL generated from official GSI tile scheme; existence/coverage not locally verified
DEM1A,~1 m,airborne laser,17,115998,51694,https://cyberjapandata.gsi.go.jp/xyz/dem1a_png/17/115998/51694.png,138.5980225,35.4986922,138.600769,35.5009282,candidate URL generated from official GSI tile scheme; existence/coverage not locally verified
DEM1A,~1 m,airborne laser,17,115998,51695,https://cyberjapandata.gsi.go.jp/xyz/dem1a_png/17/115998/51695.png,138.5980225,35.4964561,138.600769,35.4986922,candidate URL generated from official GSI tile scheme; existence/coverage not locally verified
DEM1A,~1 m,airborne laser,17,115998,51696,https://cyberjapandata.gsi.go.jp/xyz/dem1a_png/17/115998/51696.png,138.5980225,35.4942199,138.600769,35.4964561,candidate URL generated from official GSI tile scheme; existence/coverage not locally verified
DEM1A,~1 m,airborne laser,17,115998,51697,https://cyberjapandata.gsi.go.jp/xyz/dem1a_png/17/115998/51697.png,138.5980225,35.4919837,138.600769,35.4942199,candidate URL generated from official GSI tile scheme; existence/coverage not locally verified
DEM1A,~1 m,airborne laser,17,115998,51698,https://cyberjapandata.gsi.go.jp/xyz/dem1a_png/17/115998/51698.png,138.5980225,35.4897474,138.600769,35.4919837,candidate URL generated from official GSI tile scheme; existence/coverage not locally verified
DEM1A,~1 m,airborne laser,17,115998,51699,https://cyberjapandata.gsi.go.jp/xyz/dem1a_png/17/115998/51699.png,138.5980225,35.487511,138.600769,35.4897474,candidate URL generated from official GSI tile scheme; existence/coverage not locally verified
DEM1A,~1 m,airborne laser,17,115998,51700,https://cyberjapandata.gsi.go.jp/xyz/dem1a_png/17/115998/51700.png,138.5980225,35.4852746,138.600769,35.487511,candidate URL generated from official GSI tile scheme; existence/coverage not locally verified
DEM1A,~1 m,airborne laser,17,115998,51701,https://cyberjapandata.gsi.go.jp/xyz/dem1a_png/17/115998/51701.png,138.5980225,35.4830381,138.600769,35.4852746,candidate URL generated from official GSI tile scheme; existence/coverage not locally verified
DEM1A,~1 m,airborne laser,17,115998,51702,https://cyberjapandata.gsi.go.jp/xyz/dem1a_png/17/115998/51702.png,138.5980225,35.4808016,138.600769,35.4830381,candidate URL generated from official GSI tile scheme; existence/coverage not locally verified
DEM1A,~1 m,airborne laser,17,115998,51703,https://cyberjapandata.gsi.go.jp/xyz/dem1a_png/17/115998/51703.png,138.5980225,35.478565,138.600769,35.4808016,candidate URL generated from official GSI tile scheme; existence/coverage not locally verified
DEM1A,~1 m,airborne laser,17,115998,51704,https://cyberjapandata.gsi.go.jp/xyz/dem1a_png/17/115998/51704.png,138.5980225,35.4763283,138.600769,35.478565,candidate URL generated from official GSI tile scheme; existence/coverage not locally verified
DEM1A,~1 m,airborne laser,17,115998,51705,https://cyberjapandata.gsi.go.jp/xyz/dem1a_png/17/115998/51705.png,138.5980225,35.4740916,138.600769,35.4763283,candidate URL generated from official GSI tile scheme; existence/coverage not locally verified
DEM1A,~1 m,airborne laser,17,115998,51706,https://cyberjapandata.gsi.go.jp/xyz/dem1a_png/17/115998/51706.png,138.5980225,35.4718548,138.600769,35.4740916,candidate URL generated from official GSI tile scheme; existence/coverage not locally verified
DEM1A,~1 m,airborne laser,17,115998,51707,https://cyberjapandata.gsi.go.jp/xyz/dem1a_png/17/115998/51707.png,138.5980225,35.469618,138.600769,35.4718548,candidate URL generated from official GSI tile scheme; existence/coverage not locally verified
DEM1A,~1 m,airborne laser,17,115998,51708,https://cyberjapandata.gsi.go.jp/xyz/dem1a_png/17/115998/51708.png,138.5980225,35.4673811,138.600769,35.469618,candidate URL generated from official GSI tile scheme; existence/coverage not locally verified
DEM1A,~1 m,airborne laser,17,115998,51709,https://cyberjapandata.gsi.go.jp/xyz/dem1a_png/17/115998/51709.png,138.5980225,35.4651441,138.600769,35.4673811,candidate URL generated from official GSI tile scheme; existence/coverage not locally verified
DEM1A,~1 m,airborne laser,17,115998,51710,https://cyberjapandata.gsi.go.jp/xyz/dem1a_png/17/115998/51710.png,138.5980225,35.462907,138.600769,35.4651441,candidate URL generated from official GSI tile scheme; existence/coverage not locally verified
DEM1A,~1 m,airborne laser,17,115998,51711,https://cyberjapandata.gsi.go.jp/xyz/dem1a_png/17/115998/51711.png,138.5980225,35.46067,138.600769,35.462907,candidate URL generated from official GSI tile scheme; existence/coverage not locally verified
DEM1A,~1 m,airborne laser,17,115998,51712,https://cyberjapandata.gsi.go.jp/xyz/dem1a_png/17/115998/51712.png,138.5980225,35.4584328,138.600769,35.46067,candidate URL generated from official GSI tile scheme; existence/coverage not locally verified
DEM1A,~1 m,airborne laser,17,115998,51713,https://cyberjapandata.gsi.go.jp/xyz/dem1a_png/17/115998/51713.png,138.5980225,35.4561956,138.600769,35.4584328,candidate URL generated from official GSI tile scheme; existence/coverage not locally verified
DEM1A,~1 m,airborne laser,17,115998,51714,https://cyberjapandata.gsi.go.jp/xyz/dem1a_png/17/115998/51714.png,138.5980225,35.4539583,138.600769,35.4561956,candidate URL generated from official GSI tile scheme; existence/coverage not locally verified
DEM1A,~1 m,airborne laser,17,115998,51715,https://cyberjapandata.gsi.go.jp/xyz/dem1a_png/17/115998/51715.png,138.5980225,35.4517209,138.600769,35.4539583,candidate URL generated from official GSI tile scheme; existence/coverage not locally verified
DEM1A,~1 m,airborne laser,17,115998,51716,https://cyberjapandata.gsi.go.jp/xyz/dem1a_png/17/115998/51716.png,138.5980225,35.4494835,138.600769,35.4517209,candidate URL generated from official GSI tile scheme; existence/coverage not locally verified
DEM1A,~1 m,airborne laser,17,115998,51717,https://cyberjapandata.gsi.go.jp/xyz/dem1a_png/17/115998/51717.png,138.5980225,35.4472461,138.600769,35.4494835,candidate URL generated from official GSI tile scheme; existence/coverage not locally verified
DEM1A,~1 m,airborne laser,17,115998,51718,https://cyberjapandata.gsi.go.jp/xyz/dem1a_png/17/115998/51718.png,138.5980225,35.4450085,138.600769,35.4472461,candidate URL generated from official GSI tile scheme; existence/coverage not locally verified
DEM1A,~1 m,airborne laser,17,115998,51719,https://cyberjapandata.gsi.go.jp/xyz/dem1a_png/17/115998/51719.png,138.5980225,35.4427709,138.600769,35.4450085,candidate URL generated from official GSI tile scheme; existence/coverage not locally verified
DEM1A,~1 m,airborne laser,17,115998,51720,https://cyberjapandata.gsi.go.jp/xyz/dem1a_png/17/115998/51720.png,138.5980225,35.4405333,138.600769,35.4427709,candidate URL generated from official GSI tile scheme; existence/coverage not locally verified
DEM1A,~1 m,airborne laser,17,115998,51721,https://cyberjapandata.gsi.go.jp/xyz/dem1a_png/17/115998/51721.png,138.5980225,35.4382955,138.600769,35.4405333,candidate URL generated from official GSI tile scheme; existence/coverage not locally verified
DEM1A,~1 m,airborne laser,17,115998,51722,https://cyberjapandata.gsi.go.jp/xyz/dem1a_png/17/115998/51722.png,138.5980225,35.4360578,138.600769,35.4382955,candidate URL generated from official GSI tile scheme; existence/coverage not locally verified
DEM1A,~1 m,airborne laser,17,115998,51723,https://cyberjapandata.gsi.go.jp/xyz/dem1a_png/17/115998/51723.png,138.5980225,35.4338199,138.600769,35.4360578,candidate URL generated from official GSI tile scheme; existence/coverage not locally verified
DEM1A,~1 m,airborne laser,17,115998,51724,https://cyberjapandata.gsi.go.jp/xyz/dem1a_png/17/115998/51724.png,138.5980225,35.431582,138.600769,35.4338199,candidate URL generated from official GSI tile scheme; existence/coverage not locally verified
DEM1A,~1 m,airborne laser,17,115998,51725,https://cyberjapandata.gsi.go.jp/xyz/dem1a_png/17/115998/51725.png,138.5980225,35.429344,138.600769,35.431582,candidate URL generated from official GSI tile scheme; existence/coverage not locally verified
DEM1A,~1 m,airborne laser,17,115999,51680,https://cyberjapandata.gsi.go.jp/xyz/dem1a_png/17/115999/51680.png,138.600769,35.5299911,138.6035156,35.5322262,candidate URL generated from official GSI tile scheme; existence/coverage not locally verified
DEM1A,~1 m,airborne laser,17,115999,51681,https://cyberjapandata.gsi.go.jp/xyz/dem1a_png/17/115999/51681.png,138.600769,35.5277558,138.6035156,35.5299911,candidate URL generated from official GSI tile scheme; existence/coverage not locally verified
DEM1A,~1 m,airborne laser,17,115999,51682,https://cyberjapandata.gsi.go.jp/xyz/dem1a_png/17/115999/51682.png,138.600769,35.5255205,138.6035156,35.5277558,candidate URL generated from official GSI tile scheme; existence/coverage not locally verified
DEM1A,~1 m,airborne laser,17,115999,51683,https://cyberjapandata.gsi.go.jp/xyz/dem1a_png/17/115999/51683.png,138.600769,35.5232852,138.6035156,35.5255205,candidate URL generated from official GSI tile scheme; existence/coverage not locally verified
DEM1A,~1 m,airborne laser,17,115999,51684,https://cyberjapandata.gsi.go.jp/xyz/dem1a_png/17/115999/51684.png,138.600769,35.5210498,138.6035156,35.5232852,candidate URL generated from official GSI tile scheme; existence/coverage not locally verified
DEM1A,~1 m,airborne laser,17,115999,51685,https://cyberjapandata.gsi.go.jp/xyz/dem1a_png/17/115999/51685.png,138.600769,35.5188143,138.6035156,35.5210498,candidate URL generated from official GSI tile scheme; existence/coverage not locally verified
DEM1A,~1 m,airborne laser,17,115999,51686,https://cyberjapandata.gsi.go.jp/xyz/dem1a_png/17/115999/51686.png,138.600769,35.5165787,138.6035156,35.5188143,candidate URL generated from official GSI tile scheme; existence/coverage not locally verified
DEM1A,~1 m,airborne laser,17,115999,51687,https://cyberjapandata.gsi.go.jp/xyz/dem1a_png/17/115999/51687.png,138.600769,35.5143431,138.6035156,35.5165787,candidate URL generated from official GSI tile scheme; existence/coverage not locally verified
DEM1A,~1 m,airborne laser,17,115999,51688,https://cyberjapandata.gsi.go.jp/xyz/dem1a_png/17/115999/51688.png,138.600769,35.5121075,138.6035156,35.5143431,candidate URL generated from official GSI tile scheme; existence/coverage not locally verified
DEM1A,~1 m,airborne laser,17,115999,51689,https://cyberjapandata.gsi.go.jp/xyz/dem1a_png/17/115999/51689.png,138.600769,35.5098717,138.6035156,35.5121075,candidate URL generated from official GSI tile scheme; existence/coverage not locally verified
DEM1A,~1 m,airborne laser,17,115999,51690,https://cyberjapandata.gsi.go.jp/xyz/dem1a_png/17/115999/51690.png,138.600769,35.5076359,138.6035156,35.5098717,candidate URL generated from official GSI tile scheme; existence/coverage not locally verified
DEM1A,~1 m,airborne laser,17,115999,51691,https://cyberjapandata.gsi.go.jp/xyz/dem1a_png/17/115999/51691.png,138.600769,35.5054001,138.6035156,35.5076359,candidate URL generated from official GSI tile scheme; existence/coverage not locally verified
DEM1A,~1 m,airborne laser,17,115999,51692,https://cyberjapandata.gsi.go.jp/xyz/dem1a_png/17/115999/51692.png,138.600769,35.5031642,138.6035156,35.5054001,candidate URL generated from official GSI tile scheme; existence/coverage not locally verified
DEM1A,~1 m,airborne laser,17,115999,51693,https://cyberjapandata.gsi.go.jp/xyz/dem1a_png/17/115999/51693.png,138.600769,35.5009282,138.6035156,35.5031642,candidate URL generated from official GSI tile scheme; existence/coverage not locally verified
DEM1A,~1 m,airborne laser,17,115999,51694,https://cyberjapandata.gsi.go.jp/xyz/dem1a_png/17/115999/51694.png,138.600769,35.4986922,138.6035156,35.5009282,candidate URL generated from official GSI tile scheme; existence/coverage not locally verified
DEM1A,~1 m,airborne laser,17,115999,51695,https://cyberjapandata.gsi.go.jp/xyz/dem1a_png/17/115999/51695.png,138.600769,35.4964561,138.6035156,35.4986922,candidate URL generated from official GSI tile scheme; existence/coverage not locally verified
DEM1A,~1 m,airborne laser,17,115999,51696,https://cyberjapandata.gsi.go.jp/xyz/dem1a_png/17/115999/51696.png,138.600769,35.4942199,138.6035156,35.4964561,candidate URL generated from official GSI tile scheme; existence/coverage not locally verified
DEM1A,~1 m,airborne laser,17,115999,51697,https://cyberjapandata.gsi.go.jp/xyz/dem1a_png/17/115999/51697.png,138.600769,35.4919837,138.6035156,35.4942199,candidate URL generated from official GSI tile scheme; existence/coverage not locally verified
DEM1A,~1 m,airborne laser,17,115999,51698,https://cyberjapandata.gsi.go.jp/xyz/dem1a_png/17/115999/51698.png,138.600769,35.4897474,138.6035156,35.4919837,candidate URL generated from official GSI tile scheme; existence/coverage not locally verified
DEM1A,~1 m,airborne laser,17,115999,51699,https://cyberjapandata.gsi.go.jp/xyz/dem1a_png/17/115999/51699.png,138.600769,35.487511,138.6035156,35.4897474,candidate URL generated from official GSI tile scheme; existence/coverage not locally verified
DEM1A,~1 m,airborne laser,17,115999,51700,https://cyberjapandata.gsi.go.jp/xyz/dem1a_png/17/115999/51700.png,138.600769,35.4852746,138.6035156,35.487511,candidate URL generated from official GSI tile scheme; existence/coverage not locally verified
DEM1A,~1 m,airborne laser,17,115999,51701,https://cyberjapandata.gsi.go.jp/xyz/dem1a_png/17/115999/51701.png,138.600769,35.4830381,138.6035156,35.4852746,candidate URL generated from official GSI tile scheme; existence/coverage not locally verified
DEM1A,~1 m,airborne laser,17,115999,51702,https://cyberjapandata.gsi.go.jp/xyz/dem1a_png/17/115999/51702.png,138.600769,35.4808016,138.6035156,35.4830381,candidate URL generated from official GSI tile scheme; existence/coverage not locally verified
DEM1A,~1 m,airborne laser,17,115999,51703,https://cyberjapandata.gsi.go.jp/xyz/dem1a_png/17/115999/51703.png,138.600769,35.478565,138.6035156,35.4808016,candidate URL generated from official GSI tile scheme; existence/coverage not locally verified
DEM1A,~1 m,airborne laser,17,115999,51704,https://cyberjapandata.gsi.go.jp/xyz/dem1a_png/17/115999/51704.png,138.600769,35.4763283,138.6035156,35.478565,candidate URL generated from official GSI tile scheme; existence/coverage not locally verified
DEM1A,~1 m,airborne laser,17,115999,51705,https://cyberjapandata.gsi.go.jp/xyz/dem1a_png/17/115999/51705.png,138.600769,35.4740916,138.6035156,35.4763283,candidate URL generated from official GSI tile scheme; existence/coverage not locally verified
DEM1A,~1 m,airborne laser,17,115999,51706,https://cyberjapandata.gsi.go.jp/xyz/dem1a_png/17/115999/51706.png,138.600769,35.4718548,138.6035156,35.4740916,candidate URL generated from official GSI tile scheme; existence/coverage not locally verified
DEM1A,~1 m,airborne laser,17,115999,51707,https://cyberjapandata.gsi.go.jp/xyz/dem1a_png/17/115999/51707.png,138.600769,35.469618,138.6035156,35.4718548,candidate URL generated from official GSI tile scheme; existence/coverage not locally verified
DEM1A,~1 m,airborne laser,17,115999,51708,https://cyberjapandata.gsi.go.jp/xyz/dem1a_png/17/115999/51708.png,138.600769,35.4673811,138.6035156,35.469618,candidate URL generated from official GSI tile scheme; existence/coverage not locally verified
DEM1A,~1 m,airborne laser,17,115999,51709,https://cyberjapandata.gsi.go.jp/xyz/dem1a_png/17/115999/51709.png,138.600769,35.4651441,138.6035156,35.4673811,candidate URL generated from official GSI tile scheme; existence/coverage not locally verified
DEM1A,~1 m,airborne laser,17,115999,51710,https://cyberjapandata.gsi.go.jp/xyz/dem1a_png/17/115999/51710.png,138.600769,35.462907,138.6035156,35.4651441,candidate URL generated from official GSI tile scheme; existence/coverage not locally verified
DEM1A,~1 m,airborne laser,17,115999,51711,https://cyberjapandata.gsi.go.jp/xyz/dem1a_png/17/115999/51711.png,138.600769,35.46067,138.6035156,35.462907,candidate URL generated from official GSI tile scheme; existence/coverage not locally verified
DEM1A,~1 m,airborne laser,17,115999,51712,https://cyberjapandata.gsi.go.jp/xyz/dem1a_png/17/115999/51712.png,138.600769,35.4584328,138.6035156,35.46067,candidate URL generated from official GSI tile scheme; existence/coverage not locally verified
DEM1A,~1 m,airborne laser,17,115999,51713,https://cyberjapandata.gsi.go.jp/xyz/dem1a_png/17/115999/51713.png,138.600769,35.4561956,138.6035156,35.4584328,candidate URL generated from official GSI tile scheme; existence/coverage not locally verified
DEM1A,~1 m,airborne laser,17,115999,51714,https://cyberjapandata.gsi.go.jp/xyz/dem1a_png/17/115999/51714.png,138.600769,35.4539583,138.6035156,35.4561956,candidate URL generated from official GSI tile scheme; existence/coverage not locally verified
DEM1A,~1 m,airborne laser,17,115999,51715,https://cyberjapandata.gsi.go.jp/xyz/dem1a_png/17/115999/51715.png,138.600769,35.4517209,138.6035156,35.4539583,candidate URL generated from official GSI tile scheme; existence/coverage not locally verified
DEM1A,~1 m,airborne laser,17,115999,51716,https://cyberjapandata.gsi.go.jp/xyz/dem1a_png/17/115999/51716.png,138.600769,35.4494835,138.6035156,35.4517209,candidate URL generated from official GSI tile scheme; existence/coverage not locally verified
DEM1A,~1 m,airborne laser,17,115999,51717,https://cyberjapandata.gsi.go.jp/xyz/dem1a_png/17/115999/51717.png,138.600769,35.4472461,138.6035156,35.4494835,candidate URL generated from official GSI tile scheme; existence/coverage not locally verified
DEM1A,~1 m,airborne laser,17,115999,51718,https://cyberjapandata.gsi.go.jp/xyz/dem1a_png/17/115999/51718.png,138.600769,35.4450085,138.6035156,35.4472461,candidate URL generated from official GSI tile scheme; existence/coverage not locally verified
DEM1A,~1 m,airborne laser,17,115999,51719,https://cyberjapandata.gsi.go.jp/xyz/dem1a_png/17/115999/51719.png,138.600769,35.4427709,138.6035156,35.4450085,candidate URL generated from official GSI tile scheme; existence/coverage not locally verified
DEM1A,~1 m,airborne laser,17,115999,51720,https://cyberjapandata.gsi.go.jp/xyz/dem1a_png/17/115999/51720.png,138.600769,35.4405333,138.6035156,35.4427709,candidate URL generated from official GSI tile scheme; existence/coverage not locally verified
DEM1A,~1 m,airborne laser,17,115999,51721,https://cyberjapandata.gsi.go.jp/xyz/dem1a_png/17/115999/51721.png,138.600769,35.4382955,138.6035156,35.4405333,candidate URL generated from official GSI tile scheme; existence/coverage not locally verified
DEM1A,~1 m,airborne laser,17,115999,51722,https://cyberjapandata.gsi.go.jp/xyz/dem1a_png/17/115999/51722.png,138.600769,35.4360578,138.6035156,35.4382955,candidate URL generated from official GSI tile scheme; existence/coverage not locally verified
DEM1A,~1 m,airborne laser,17,115999,51723,https://cyberjapandata.gsi.go.jp/xyz/dem1a_png/17/115999/51723.png,138.600769,35.4338199,138.6035156,35.4360578,candidate URL generated from official GSI tile scheme; existence/coverage not locally verified
DEM1A,~1 m,airborne laser,17,115999,51724,https://cyberjapandata.gsi.go.jp/xyz/dem1a_png/17/115999/51724.png,138.600769,35.431582,138.6035156,35.4338199,candidate URL generated from official GSI tile scheme; existence/coverage not locally verified
DEM1A,~1 m,airborne laser,17,115999,51725,https://cyberjapandata.gsi.go.jp/xyz/dem1a_png/17/115999/51725.png,138.600769,35.429344,138.6035156,35.431582,candidate URL generated from official GSI tile scheme; existence/coverage not locally verified
DEM1A,~1 m,airborne laser,17,116000,51680,https://cyberjapandata.gsi.go.jp/xyz/dem1a_png/17/116000/51680.png,138.6035156,35.5299911,138.6062622,35.5322262,candidate URL generated from official GSI tile scheme; existence/coverage not locally verified
DEM1A,~1 m,airborne laser,17,116000,51681,https://cyberjapandata.gsi.go.jp/xyz/dem1a_png/17/116000/51681.png,138.6035156,35.5277558,138.6062622,35.5299911,candidate URL generated from official GSI tile scheme; existence/coverage not locally verified
DEM1A,~1 m,airborne laser,17,116000,51682,https://cyberjapandata.gsi.go.jp/xyz/dem1a_png/17/116000/51682.png,138.6035156,35.5255205,138.6062622,35.5277558,candidate URL generated from official GSI tile scheme; existence/coverage not locally verified
DEM1A,~1 m,airborne laser,17,116000,51683,https://cyberjapandata.gsi.go.jp/xyz/dem1a_png/17/116000/51683.png,138.6035156,35.5232852,138.6062622,35.5255205,candidate URL generated from official GSI tile scheme; existence/coverage not locally verified
DEM1A,~1 m,airborne laser,17,116000,51684,https://cyberjapandata.gsi.go.jp/xyz/dem1a_png/17/116000/51684.png,138.6035156,35.5210498,138.6062622,35.5232852,candidate URL generated from official GSI tile scheme; existence/coverage not locally verified
DEM1A,~1 m,airborne laser,17,116000,51685,https://cyberjapandata.gsi.go.jp/xyz/dem1a_png/17/116000/51685.png,138.6035156,35.5188143,138.6062622,35.5210498,candidate URL generated from official GSI tile scheme; existence/coverage not locally verified
DEM1A,~1 m,airborne laser,17,116000,51686,https://cyberjapandata.gsi.go.jp/xyz/dem1a_png/17/116000/51686.png,138.6035156,35.5165787,138.6062622,35.5188143,candidate URL generated from official GSI tile scheme; existence/coverage not locally verified
DEM1A,~1 m,airborne laser,17,116000,51687,https://cyberjapandata.gsi.go.jp/xyz/dem1a_png/17/116000/51687.png,138.6035156,35.5143431,138.6062622,35.5165787,candidate URL generated from official GSI tile scheme; existence/coverage not locally verified
DEM1A,~1 m,airborne laser,17,116000,51688,https://cyberjapandata.gsi.go.jp/xyz/dem1a_png/17/116000/51688.png,138.6035156,35.5121075,138.6062622,35.5143431,candidate URL generated from official GSI tile scheme; existence/coverage not locally verified
DEM1A,~1 m,airborne laser,17,116000,51689,https://cyberjapandata.gsi.go.jp/xyz/dem1a_png/17/116000/51689.png,138.6035156,35.5098717,138.6062622,35.5121075,candidate URL generated from official GSI tile scheme; existence/coverage not locally verified
DEM1A,~1 m,airborne laser,17,116000,51690,https://cyberjapandata.gsi.go.jp/xyz/dem1a_png/17/116000/51690.png,138.6035156,35.5076359,138.6062622,35.5098717,candidate URL generated from official GSI tile scheme; existence/coverage not locally verified
DEM1A,~1 m,airborne laser,17,116000,51691,https://cyberjapandata.gsi.go.jp/xyz/dem1a_png/17/116000/51691.png,138.6035156,35.5054001,138.6062622,35.5076359,candidate URL generated from official GSI tile scheme; existence/coverage not locally verified
DEM1A,~1 m,airborne laser,17,116000,51692,https://cyberjapandata.gsi.go.jp/xyz/dem1a_png/17/116000/51692.png,138.6035156,35.5031642,138.6062622,35.5054001,candidate URL generated from official GSI tile scheme; existence/coverage not locally verified
DEM1A,~1 m,airborne laser,17,116000,51693,https://cyberjapandata.gsi.go.jp/xyz/dem1a_png/17/116000/51693.png,138.6035156,35.5009282,138.6062622,35.5031642,candidate URL generated from official GSI tile scheme; existence/coverage not locally verified
DEM1A,~1 m,airborne laser,17,116000,51694,https://cyberjapandata.gsi.go.jp/xyz/dem1a_png/17/116000/51694.png,138.6035156,35.4986922,138.6062622,35.5009282,candidate URL generated from official GSI tile scheme; existence/coverage not locally verified
DEM1A,~1 m,airborne laser,17,116000,51695,https://cyberjapandata.gsi.go.jp/xyz/dem1a_png/17/116000/51695.png,138.6035156,35.4964561,138.6062622,35.4986922,candidate URL generated from official GSI tile scheme; existence/coverage not locally verified
DEM1A,~1 m,airborne laser,17,116000,51696,https://cyberjapandata.gsi.go.jp/xyz/dem1a_png/17/116000/51696.png,138.6035156,35.4942199,138.6062622,35.4964561,candidate URL generated from official GSI tile scheme; existence/coverage not locally verified
DEM1A,~1 m,airborne laser,17,116000,51697,https://cyberjapandata.gsi.go.jp/xyz/dem1a_png/17/116000/51697.png,138.6035156,35.4919837,138.6062622,35.4942199,candidate URL generated from official GSI tile scheme; existence/coverage not locally verified
DEM1A,~1 m,airborne laser,17,116000,51698,https://cyberjapandata.gsi.go.jp/xyz/dem1a_png/17/116000/51698.png,138.6035156,35.4897474,138.6062622,35.4919837,candidate URL generated from official GSI tile scheme; existence/coverage not locally verified
DEM1A,~1 m,airborne laser,17,116000,51699,https://cyberjapandata.gsi.go.jp/xyz/dem1a_png/17/116000/51699.png,138.6035156,35.487511,138.6062622,35.4897474,candidate URL generated from official GSI tile scheme; existence/coverage not locally verified
DEM1A,~1 m,airborne laser,17,116000,51700,https://cyberjapandata.gsi.go.jp/xyz/dem1a_png/17/116000/51700.png,138.6035156,35.4852746,138.6062622,35.487511,candidate URL generated from official GSI tile scheme; existence/coverage not locally verified
DEM1A,~1 m,airborne laser,17,116000,51701,https://cyberjapandata.gsi.go.jp/xyz/dem1a_png/17/116000/51701.png,138.6035156,35.4830381,138.6062622,35.4852746,candidate URL generated from official GSI tile scheme; existence/coverage not locally verified
DEM1A,~1 m,airborne laser,17,116000,51702,https://cyberjapandata.gsi.go.jp/xyz/dem1a_png/17/116000/51702.png,138.6035156,35.4808016,138.6062622,35.4830381,candidate URL generated from official GSI tile scheme; existence/coverage not locally verified
DEM1A,~1 m,airborne laser,17,116000,51703,https://cyberjapandata.gsi.go.jp/xyz/dem1a_png/17/116000/51703.png,138.6035156,35.478565,138.6062622,35.4808016,candidate URL generated from official GSI tile scheme; existence/coverage not locally verified
DEM1A,~1 m,airborne laser,17,116000,51704,https://cyberjapandata.gsi.go.jp/xyz/dem1a_png/17/116000/51704.png,138.6035156,35.4763283,138.6062622,35.478565,candidate URL generated from official GSI tile scheme; existence/coverage not locally verified
DEM1A,~1 m,airborne laser,17,116000,51705,https://cyberjapandata.gsi.go.jp/xyz/dem1a_png/17/116000/51705.png,138.6035156,35.4740916,138.6062622,35.4763283,candidate URL generated from official GSI tile scheme; existence/coverage not locally verified
DEM1A,~1 m,airborne laser,17,116000,51706,https://cyberjapandata.gsi.go.jp/xyz/dem1a_png/17/116000/51706.png,138.6035156,35.4718548,138.6062622,35.4740916,candidate URL generated from official GSI tile scheme; existence/coverage not locally verified
DEM1A,~1 m,airborne laser,17,116000,51707,https://cyberjapandata.gsi.go.jp/xyz/dem1a_png/17/116000/51707.png,138.6035156,35.469618,138.6062622,35.4718548,candidate URL generated from official GSI tile scheme; existence/coverage not locally verified
DEM1A,~1 m,airborne laser,17,116000,51708,https://cyberjapandata.gsi.go.jp/xyz/dem1a_png/17/116000/51708.png,138.6035156,35.4673811,138.6062622,35.469618,candidate URL generated from official GSI tile scheme; existence/coverage not locally verified
DEM1A,~1 m,airborne laser,17,116000,51709,https://cyberjapandata.gsi.go.jp/xyz/dem1a_png/17/116000/51709.png,138.6035156,35.4651441,138.6062622,35.4673811,candidate URL generated from official GSI tile scheme; existence/coverage not locally verified
DEM1A,~1 m,airborne laser,17,116000,51710,https://cyberjapandata.gsi.go.jp/xyz/dem1a_png/17/116000/51710.png,138.6035156,35.462907,138.6062622,35.4651441,candidate URL generated from official GSI tile scheme; existence/coverage not locally verified
DEM1A,~1 m,airborne laser,17,116000,51711,https://cyberjapandata.gsi.go.jp/xyz/dem1a_png/17/116000/51711.png,138.6035156,35.46067,138.6062622,35.462907,candidate URL generated from official GSI tile scheme; existence/coverage not locally verified
DEM1A,~1 m,airborne laser,17,116000,51712,https://cyberjapandata.gsi.go.jp/xyz/dem1a_png/17/116000/51712.png,138.6035156,35.4584328,138.6062622,35.46067,candidate URL generated from official GSI tile scheme; existence/coverage not locally verified
DEM1A,~1 m,airborne laser,17,116000,51713,https://cyberjapandata.gsi.go.jp/xyz/dem1a_png/17/116000/51713.png,138.6035156,35.4561956,138.6062622,35.4584328,candidate URL generated from official GSI tile scheme; existence/coverage not locally verified
DEM1A,~1 m,airborne laser,17,116000,51714,https://cyberjapandata.gsi.go.jp/xyz/dem1a_png/17/116000/51714.png,138.6035156,35.4539583,138.6062622,35.4561956,candidate URL generated from official GSI tile scheme; existence/coverage not locally verified
DEM1A,~1 m,airborne laser,17,116000,51715,https://cyberjapandata.gsi.go.jp/xyz/dem1a_png/17/116000/51715.png,138.6035156,35.4517209,138.6062622,35.4539583,candidate URL generated from official GSI tile scheme; existence/coverage not locally verified
DEM1A,~1 m,airborne laser,17,116000,51716,https://cyberjapandata.gsi.go.jp/xyz/dem1a_png/17/116000/51716.png,138.6035156,35.4494835,138.6062622,35.4517209,candidate URL generated from official GSI tile scheme; existence/coverage not locally verified
DEM1A,~1 m,airborne laser,17,116000,51717,https://cyberjapandata.gsi.go.jp/xyz/dem1a_png/17/116000/51717.png,138.6035156,35.4472461,138.6062622,35.4494835,candidate URL generated from official GSI tile scheme; existence/coverage not locally verified
DEM1A,~1 m,airborne laser,17,116000,51718,https://cyberjapandata.gsi.go.jp/xyz/dem1a_png/17/116000/51718.png,138.6035156,35.4450085,138.6062622,35.4472461,candidate URL generated from official GSI tile scheme; existence/coverage not locally verified
DEM1A,~1 m,airborne laser,17,116000,51719,https://cyberjapandata.gsi.go.jp/xyz/dem1a_png/17/116000/51719.png,138.6035156,35.4427709,138.6062622,35.4450085,candidate URL generated from official GSI tile scheme; existence/coverage not locally verified
DEM1A,~1 m,airborne laser,17,116000,51720,https://cyberjapandata.gsi.go.jp/xyz/dem1a_png/17/116000/51720.png,138.6035156,35.4405333,138.6062622,35.4427709,candidate URL generated from official GSI tile scheme; existence/coverage not locally verified
DEM1A,~1 m,airborne laser,17,116000,51721,https://cyberjapandata.gsi.go.jp/xyz/dem1a_png/17/116000/51721.png,138.6035156,35.4382955,138.6062622,35.4405333,candidate URL generated from official GSI tile scheme; existence/coverage not locally verified
DEM1A,~1 m,airborne laser,17,116000,51722,https://cyberjapandata.gsi.go.jp/xyz/dem1a_png/17/116000/51722.png,138.6035156,35.4360578,138.6062622,35.4382955,candidate URL generated from official GSI tile scheme; existence/coverage not locally verified
DEM1A,~1 m,airborne laser,17,116000,51723,https://cyberjapandata.gsi.go.jp/xyz/dem1a_png/17/116000/51723.png,138.6035156,35.4338199,138.6062622,35.4360578,candidate URL generated from official GSI tile scheme; existence/coverage not locally verified
DEM1A,~1 m,airborne laser,17,116000,51724,https://cyberjapandata.gsi.go.jp/xyz/dem1a_png/17/116000/51724.png,138.6035156,35.431582,138.6062622,35.4338199,candidate URL generated from official GSI tile scheme; existence/coverage not locally verified
DEM1A,~1 m,airborne laser,17,116000,51725,https://cyberjapandata.gsi.go.jp/xyz/dem1a_png/17/116000/51725.png,138.6035156,35.429344,138.6062622,35.431582,candidate URL generated from official GSI tile scheme; existence/coverage not locally verified
DEM1A,~1 m,airborne laser,17,116001,51680,https://cyberjapandata.gsi.go.jp/xyz/dem1a_png/17/116001/51680.png,138.6062622,35.5299911,138.6090088,35.5322262,candidate URL generated from official GSI tile scheme; existence/coverage not locally verified
DEM1A,~1 m,airborne laser,17,116001,51681,https://cyberjapandata.gsi.go.jp/xyz/dem1a_png/17/116001/51681.png,138.6062622,35.5277558,138.6090088,35.5299911,candidate URL generated from official GSI tile scheme; existence/coverage not locally verified
DEM1A,~1 m,airborne laser,17,116001,51682,https://cyberjapandata.gsi.go.jp/xyz/dem1a_png/17/116001/51682.png,138.6062622,35.5255205,138.6090088,35.5277558,candidate URL generated from official GSI tile scheme; existence/coverage not locally verified
DEM1A,~1 m,airborne laser,17,116001,51683,https://cyberjapandata.gsi.go.jp/xyz/dem1a_png/17/116001/51683.png,138.6062622,35.5232852,138.6090088,35.5255205,candidate URL generated from official GSI tile scheme; existence/coverage not locally verified
DEM1A,~1 m,airborne laser,17,116001,51684,https://cyberjapandata.gsi.go.jp/xyz/dem1a_png/17/116001/51684.png,138.6062622,35.5210498,138.6090088,35.5232852,candidate URL generated from official GSI tile scheme; existence/coverage not locally verified
DEM1A,~1 m,airborne laser,17,116001,51685,https://cyberjapandata.gsi.go.jp/xyz/dem1a_png/17/116001/51685.png,138.6062622,35.5188143,138.6090088,35.5210498,candidate URL generated from official GSI tile scheme; existence/coverage not locally verified
DEM1A,~1 m,airborne laser,17,116001,51686,https://cyberjapandata.gsi.go.jp/xyz/dem1a_png/17/116001/51686.png,138.6062622,35.5165787,138.6090088,35.5188143,candidate URL generated from official GSI tile scheme; existence/coverage not locally verified
DEM1A,~1 m,airborne laser,17,116001,51687,https://cyberjapandata.gsi.go.jp/xyz/dem1a_png/17/116001/51687.png,138.6062622,35.5143431,138.6090088,35.5165787,candidate URL generated from official GSI tile scheme; existence/coverage not locally verified
DEM1A,~1 m,airborne laser,17,116001,51688,https://cyberjapandata.gsi.go.jp/xyz/dem1a_png/17/116001/51688.png,138.6062622,35.5121075,138.6090088,35.5143431,candidate URL generated from official GSI tile scheme; existence/coverage not locally verified
DEM1A,~1 m,airborne laser,17,116001,51689,https://cyberjapandata.gsi.go.jp/xyz/dem1a_png/17/116001/51689.png,138.6062622,35.5098717,138.6090088,35.5121075,candidate URL generated from official GSI tile scheme; existence/coverage not locally verified
DEM1A,~1 m,airborne laser,17,116001,51690,https://cyberjapandata.gsi.go.jp/xyz/dem1a_png/17/116001/51690.png,138.6062622,35.5076359,138.6090088,35.5098717,candidate URL generated from official GSI tile scheme; existence/coverage not locally verified
DEM1A,~1 m,airborne laser,17,116001,51691,https://cyberjapandata.gsi.go.jp/xyz/dem1a_png/17/116001/51691.png,138.6062622,35.5054001,138.6090088,35.5076359,candidate URL generated from official GSI tile scheme; existence/coverage not locally verified
DEM1A,~1 m,airborne laser,17,116001,51692,https://cyberjapandata.gsi.go.jp/xyz/dem1a_png/17/116001/51692.png,138.6062622,35.5031642,138.6090088,35.5054001,candidate URL generated from official GSI tile scheme; existence/coverage not locally verified
DEM1A,~1 m,airborne laser,17,116001,51693,https://cyberjapandata.gsi.go.jp/xyz/dem1a_png/17/116001/51693.png,138.6062622,35.5009282,138.6090088,35.5031642,candidate URL generated from official GSI tile scheme; existence/coverage not locally verified
DEM1A,~1 m,airborne laser,17,116001,51694,https://cyberjapandata.gsi.go.jp/xyz/dem1a_png/17/116001/51694.png,138.6062622,35.4986922,138.6090088,35.5009282,candidate URL generated from official GSI tile scheme; existence/coverage not locally verified
DEM1A,~1 m,airborne laser,17,116001,51695,https://cyberjapandata.gsi.go.jp/xyz/dem1a_png/17/116001/51695.png,138.6062622,35.4964561,138.6090088,35.4986922,candidate URL generated from official GSI tile scheme; existence/coverage not locally verified
DEM1A,~1 m,airborne laser,17,116001,51696,https://cyberjapandata.gsi.go.jp/xyz/dem1a_png/17/116001/51696.png,138.6062622,35.4942199,138.6090088,35.4964561,candidate URL generated from official GSI tile scheme; existence/coverage not locally verified
DEM1A,~1 m,airborne laser,17,116001,51697,https://cyberjapandata.gsi.go.jp/xyz/dem1a_png/17/116001/51697.png,138.6062622,35.4919837,138.6090088,35.4942199,candidate URL generated from official GSI tile scheme; existence/coverage not locally verified
DEM1A,~1 m,airborne laser,17,116001,51698,https://cyberjapandata.gsi.go.jp/xyz/dem1a_png/17/116001/51698.png,138.6062622,35.4897474,138.6090088,35.4919837,candidate URL generated from official GSI tile scheme; existence/coverage not locally verified
DEM1A,~1 m,airborne laser,17,116001,51699,https://cyberjapandata.gsi.go.jp/xyz/dem1a_png/17/116001/51699.png,138.6062622,35.487511,138.6090088,35.4897474,candidate URL generated from official GSI tile scheme; existence/coverage not locally verified
DEM1A,~1 m,airborne laser,17,116001,51700,https://cyberjapandata.gsi.go.jp/xyz/dem1a_png/17/116001/51700.png,138.6062622,35.4852746,138.6090088,35.487511,candidate URL generated from official GSI tile scheme; existence/coverage not locally verified
DEM1A,~1 m,airborne laser,17,116001,51701,https://cyberjapandata.gsi.go.jp/xyz/dem1a_png/17/116001/51701.png,138.6062622,35.4830381,138.6090088,35.4852746,candidate URL generated from official GSI tile scheme; existence/coverage not locally verified
DEM1A,~1 m,airborne laser,17,116001,51702,https://cyberjapandata.gsi.go.jp/xyz/dem1a_png/17/116001/51702.png,138.6062622,35.4808016,138.6090088,35.4830381,candidate URL generated from official GSI tile scheme; existence/coverage not locally verified
DEM1A,~1 m,airborne laser,17,116001,51703,https://cyberjapandata.gsi.go.jp/xyz/dem1a_png/17/116001/51703.png,138.6062622,35.478565,138.6090088,35.4808016,candidate URL generated from official GSI tile scheme; existence/coverage not locally verified
DEM1A,~1 m,airborne laser,17,116001,51704,https://cyberjapandata.gsi.go.jp/xyz/dem1a_png/17/116001/51704.png,138.6062622,35.4763283,138.6090088,35.478565,candidate URL generated from official GSI tile scheme; existence/coverage not locally verified
DEM1A,~1 m,airborne laser,17,116001,51705,https://cyberjapandata.gsi.go.jp/xyz/dem1a_png/17/116001/51705.png,138.6062622,35.4740916,138.6090088,35.4763283,candidate URL generated from official GSI tile scheme; existence/coverage not locally verified
DEM1A,~1 m,airborne laser,17,116001,51706,https://cyberjapandata.gsi.go.jp/xyz/dem1a_png/17/116001/51706.png,138.6062622,35.4718548,138.6090088,35.4740916,candidate URL generated from official GSI tile scheme; existence/coverage not locally verified
DEM1A,~1 m,airborne laser,17,116001,51707,https://cyberjapandata.gsi.go.jp/xyz/dem1a_png/17/116001/51707.png,138.6062622,35.469618,138.6090088,35.4718548,candidate URL generated from official GSI tile scheme; existence/coverage not locally verified
DEM1A,~1 m,airborne laser,17,116001,51708,https://cyberjapandata.gsi.go.jp/xyz/dem1a_png/17/116001/51708.png,138.6062622,35.4673811,138.6090088,35.469618,candidate URL generated from official GSI tile scheme; existence/coverage not locally verified
DEM1A,~1 m,airborne laser,17,116001,51709,https://cyberjapandata.gsi.go.jp/xyz/dem1a_png/17/116001/51709.png,138.6062622,35.4651441,138.6090088,35.4673811,candidate URL generated from official GSI tile scheme; existence/coverage not locally verified
DEM1A,~1 m,airborne laser,17,116001,51710,https://cyberjapandata.gsi.go.jp/xyz/dem1a_png/17/116001/51710.png,138.6062622,35.462907,138.6090088,35.4651441,candidate URL generated from official GSI tile scheme; existence/coverage not locally verified
DEM1A,~1 m,airborne laser,17,116001,51711,https://cyberjapandata.gsi.go.jp/xyz/dem1a_png/17/116001/51711.png,138.6062622,35.46067,138.6090088,35.462907,candidate URL generated from official GSI tile scheme; existence/coverage not locally verified
DEM1A,~1 m,airborne laser,17,116001,51712,https://cyberjapandata.gsi.go.jp/xyz/dem1a_png/17/116001/51712.png,138.6062622,35.4584328,138.6090088,35.46067,candidate URL generated from official GSI tile scheme; existence/coverage not locally verified
DEM1A,~1 m,airborne laser,17,116001,51713,https://cyberjapandata.gsi.go.jp/xyz/dem1a_png/17/116001/51713.png,138.6062622,35.4561956,138.6090088,35.4584328,candidate URL generated from official GSI tile scheme; existence/coverage not locally verified
DEM1A,~1 m,airborne laser,17,116001,51714,https://cyberjapandata.gsi.go.jp/xyz/dem1a_png/17/116001/51714.png,138.6062622,35.4539583,138.6090088,35.4561956,candidate URL generated from official GSI tile scheme; existence/coverage not locally verified
DEM1A,~1 m,airborne laser,17,116001,51715,https://cyberjapandata.gsi.go.jp/xyz/dem1a_png/17/116001/51715.png,138.6062622,35.4517209,138.6090088,35.4539583,candidate URL generated from official GSI tile scheme; existence/coverage not locally verified
DEM1A,~1 m,airborne laser,17,116001,51716,https://cyberjapandata.gsi.go.jp/xyz/dem1a_png/17/116001/51716.png,138.6062622,35.4494835,138.6090088,35.4517209,candidate URL generated from official GSI tile scheme; existence/coverage not locally verified
DEM1A,~1 m,airborne laser,17,116001,51717,https://cyberjapandata.gsi.go.jp/xyz/dem1a_png/17/116001/51717.png,138.6062622,35.4472461,138.6090088,35.4494835,candidate URL generated from official GSI tile scheme; existence/coverage not locally verified
DEM1A,~1 m,airborne laser,17,116001,51718,https://cyberjapandata.gsi.go.jp/xyz/dem1a_png/17/116001/51718.png,138.6062622,35.4450085,138.6090088,35.4472461,candidate URL generated from official GSI tile scheme; existence/coverage not locally verified
DEM1A,~1 m,airborne laser,17,116001,51719,https://cyberjapandata.gsi.go.jp/xyz/dem1a_png/17/116001/51719.png,138.6062622,35.4427709,138.6090088,35.4450085,candidate URL generated from official GSI tile scheme; existence/coverage not locally verified
DEM1A,~1 m,airborne laser,17,116001,51720,https://cyberjapandata.gsi.go.jp/xyz/dem1a_png/17/116001/51720.png,138.6062622,35.4405333,138.6090088,35.4427709,candidate URL generated from official GSI tile scheme; existence/coverage not locally verified
DEM1A,~1 m,airborne laser,17,116001,51721,https://cyberjapandata.gsi.go.jp/xyz/dem1a_png/17/116001/51721.png,138.6062622,35.4382955,138.6090088,35.4405333,candidate URL generated from official GSI tile scheme; existence/coverage not locally verified
DEM1A,~1 m,airborne laser,17,116001,51722,https://cyberjapandata.gsi.go.jp/xyz/dem1a_png/17/116001/51722.png,138.6062622,35.4360578,138.6090088,35.4382955,candidate URL generated from official GSI tile scheme; existence/coverage not locally verified
DEM1A,~1 m,airborne laser,17,116001,51723,https://cyberjapandata.gsi.go.jp/xyz/dem1a_png/17/116001/51723.png,138.6062622,35.4338199,138.6090088,35.4360578,candidate URL generated from official GSI tile scheme; existence/coverage not locally verified
DEM1A,~1 m,airborne laser,17,116001,51724,https://cyberjapandata.gsi.go.jp/xyz/dem1a_png/17/116001/51724.png,138.6062622,35.431582,138.6090088,35.4338199,candidate URL generated from official GSI tile scheme; existence/coverage not locally verified
DEM1A,~1 m,airborne laser,17,116001,51725,https://cyberjapandata.gsi.go.jp/xyz/dem1a_png/17/116001/51725.png,138.6062622,35.429344,138.6090088,35.431582,candidate URL generated from official GSI tile scheme; existence/coverage not locally verified
DEM1A,~1 m,airborne laser,17,116002,51680,https://cyberjapandata.gsi.go.jp/xyz/dem1a_png/17/116002/51680.png,138.6090088,35.5299911,138.6117554,35.5322262,candidate URL generated from official GSI tile scheme; existence/coverage not locally verified
DEM1A,~1 m,airborne laser,17,116002,51681,https://cyberjapandata.gsi.go.jp/xyz/dem1a_png/17/116002/51681.png,138.6090088,35.5277558,138.6117554,35.5299911,candidate URL generated from official GSI tile scheme; existence/coverage not locally verified
DEM1A,~1 m,airborne laser,17,116002,51682,https://cyberjapandata.gsi.go.jp/xyz/dem1a_png/17/116002/51682.png,138.6090088,35.5255205,138.6117554,35.5277558,candidate URL generated from official GSI tile scheme; existence/coverage not locally verified
DEM1A,~1 m,airborne laser,17,116002,51683,https://cyberjapandata.gsi.go.jp/xyz/dem1a_png/17/116002/51683.png,138.6090088,35.5232852,138.6117554,35.5255205,candidate URL generated from official GSI tile scheme; existence/coverage not locally verified
DEM1A,~1 m,airborne laser,17,116002,51684,https://cyberjapandata.gsi.go.jp/xyz/dem1a_png/17/116002/51684.png,138.6090088,35.5210498,138.6117554,35.5232852,candidate URL generated from official GSI tile scheme; existence/coverage not locally verified
DEM1A,~1 m,airborne laser,17,116002,51685,https://cyberjapandata.gsi.go.jp/xyz/dem1a_png/17/116002/51685.png,138.6090088,35.5188143,138.6117554,35.5210498,candidate URL generated from official GSI tile scheme; existence/coverage not locally verified
DEM1A,~1 m,airborne laser,17,116002,51686,https://cyberjapandata.gsi.go.jp/xyz/dem1a_png/17/116002/51686.png,138.6090088,35.5165787,138.6117554,35.5188143,candidate URL generated from official GSI tile scheme; existence/coverage not locally verified
DEM1A,~1 m,airborne laser,17,116002,51687,https://cyberjapandata.gsi.go.jp/xyz/dem1a_png/17/116002/51687.png,138.6090088,35.5143431,138.6117554,35.5165787,candidate URL generated from official GSI tile scheme; existence/coverage not locally verified
DEM1A,~1 m,airborne laser,17,116002,51688,https://cyberjapandata.gsi.go.jp/xyz/dem1a_png/17/116002/51688.png,138.6090088,35.5121075,138.6117554,35.5143431,candidate URL generated from official GSI tile scheme; existence/coverage not locally verified
DEM1A,~1 m,airborne laser,17,116002,51689,https://cyberjapandata.gsi.go.jp/xyz/dem1a_png/17/116002/51689.png,138.6090088,35.5098717,138.6117554,35.5121075,candidate URL generated from official GSI tile scheme; existence/coverage not locally verified
DEM1A,~1 m,airborne laser,17,116002,51690,https://cyberjapandata.gsi.go.jp/xyz/dem1a_png/17/116002/51690.png,138.6090088,35.5076359,138.6117554,35.5098717,candidate URL generated from official GSI tile scheme; existence/coverage not locally verified
DEM1A,~1 m,airborne laser,17,116002,51691,https://cyberjapandata.gsi.go.jp/xyz/dem1a_png/17/116002/51691.png,138.6090088,35.5054001,138.6117554,35.5076359,candidate URL generated from official GSI tile scheme; existence/coverage not locally verified
DEM1A,~1 m,airborne laser,17,116002,51692,https://cyberjapandata.gsi.go.jp/xyz/dem1a_png/17/116002/51692.png,138.6090088,35.5031642,138.6117554,35.5054001,candidate URL generated from official GSI tile scheme; existence/coverage not locally verified
DEM1A,~1 m,airborne laser,17,116002,51693,https://cyberjapandata.gsi.go.jp/xyz/dem1a_png/17/116002/51693.png,138.6090088,35.5009282,138.6117554,35.5031642,candidate URL generated from official GSI tile scheme; existence/coverage not locally verified
DEM1A,~1 m,airborne laser,17,116002,51694,https://cyberjapandata.gsi.go.jp/xyz/dem1a_png/17/116002/51694.png,138.6090088,35.4986922,138.6117554,35.5009282,candidate URL generated from official GSI tile scheme; existence/coverage not locally verified
DEM1A,~1 m,airborne laser,17,116002,51695,https://cyberjapandata.gsi.go.jp/xyz/dem1a_png/17/116002/51695.png,138.6090088,35.4964561,138.6117554,35.4986922,candidate URL generated from official GSI tile scheme; existence/coverage not locally verified
DEM1A,~1 m,airborne laser,17,116002,51696,https://cyberjapandata.gsi.go.jp/xyz/dem1a_png/17/116002/51696.png,138.6090088,35.4942199,138.6117554,35.4964561,candidate URL generated from official GSI tile scheme; existence/coverage not locally verified
DEM1A,~1 m,airborne laser,17,116002,51697,https://cyberjapandata.gsi.go.jp/xyz/dem1a_png/17/116002/51697.png,138.6090088,35.4919837,138.6117554,35.4942199,candidate URL generated from official GSI tile scheme; existence/coverage not locally verified
DEM1A,~1 m,airborne laser,17,116002,51698,https://cyberjapandata.gsi.go.jp/xyz/dem1a_png/17/116002/51698.png,138.6090088,35.4897474,138.6117554,35.4919837,candidate URL generated from official GSI tile scheme; existence/coverage not locally verified
DEM1A,~1 m,airborne laser,17,116002,51699,https://cyberjapandata.gsi.go.jp/xyz/dem1a_png/17/116002/51699.png,138.6090088,35.487511,138.6117554,35.4897474,candidate URL generated from official GSI tile scheme; existence/coverage not locally verified
DEM1A,~1 m,airborne laser,17,116002,51700,https://cyberjapandata.gsi.go.jp/xyz/dem1a_png/17/116002/51700.png,138.6090088,35.4852746,138.6117554,35.487511,candidate URL generated from official GSI tile scheme; existence/coverage not locally verified
DEM1A,~1 m,airborne laser,17,116002,51701,https://cyberjapandata.gsi.go.jp/xyz/dem1a_png/17/116002/51701.png,138.6090088,35.4830381,138.6117554,35.4852746,candidate URL generated from official GSI tile scheme; existence/coverage not locally verified
DEM1A,~1 m,airborne laser,17,116002,51702,https://cyberjapandata.gsi.go.jp/xyz/dem1a_png/17/116002/51702.png,138.6090088,35.4808016,138.6117554,35.4830381,candidate URL generated from official GSI tile scheme; existence/coverage not locally verified
DEM1A,~1 m,airborne laser,17,116002,51703,https://cyberjapandata.gsi.go.jp/xyz/dem1a_png/17/116002/51703.png,138.6090088,35.478565,138.6117554,35.4808016,candidate URL generated from official GSI tile scheme; existence/coverage not locally verified
DEM1A,~1 m,airborne laser,17,116002,51704,https://cyberjapandata.gsi.go.jp/xyz/dem1a_png/17/116002/51704.png,138.6090088,35.4763283,138.6117554,35.478565,candidate URL generated from official GSI tile scheme; existence/coverage not locally verified
DEM1A,~1 m,airborne laser,17,116002,51705,https://cyberjapandata.gsi.go.jp/xyz/dem1a_png/17/116002/51705.png,138.6090088,35.4740916,138.6117554,35.4763283,candidate URL generated from official GSI tile scheme; existence/coverage not locally verified
DEM1A,~1 m,airborne laser,17,116002,51706,https://cyberjapandata.gsi.go.jp/xyz/dem1a_png/17/116002/51706.png,138.6090088,35.4718548,138.6117554,35.4740916,candidate URL generated from official GSI tile scheme; existence/coverage not locally verified
DEM1A,~1 m,airborne laser,17,116002,51707,https://cyberjapandata.gsi.go.jp/xyz/dem1a_png/17/116002/51707.png,138.6090088,35.469618,138.6117554,35.4718548,candidate URL generated from official GSI tile scheme; existence/coverage not locally verified
DEM1A,~1 m,airborne laser,17,116002,51708,https://cyberjapandata.gsi.go.jp/xyz/dem1a_png/17/116002/51708.png,138.6090088,35.4673811,138.6117554,35.469618,candidate URL generated from official GSI tile scheme; existence/coverage not locally verified
DEM1A,~1 m,airborne laser,17,116002,51709,https://cyberjapandata.gsi.go.jp/xyz/dem1a_png/17/116002/51709.png,138.6090088,35.4651441,138.6117554,35.4673811,candidate URL generated from official GSI tile scheme; existence/coverage not locally verified
DEM1A,~1 m,airborne laser,17,116002,51710,https://cyberjapandata.gsi.go.jp/xyz/dem1a_png/17/116002/51710.png,138.6090088,35.462907,138.6117554,35.4651441,candidate URL generated from official GSI tile scheme; existence/coverage not locally verified
DEM1A,~1 m,airborne laser,17,116002,51711,https://cyberjapandata.gsi.go.jp/xyz/dem1a_png/17/116002/51711.png,138.6090088,35.46067,138.6117554,35.462907,candidate URL generated from official GSI tile scheme; existence/coverage not locally verified
DEM1A,~1 m,airborne laser,17,116002,51712,https://cyberjapandata.gsi.go.jp/xyz/dem1a_png/17/116002/51712.png,138.6090088,35.4584328,138.6117554,35.46067,candidate URL generated from official GSI tile scheme; existence/coverage not locally verified
DEM1A,~1 m,airborne laser,17,116002,51713,https://cyberjapandata.gsi.go.jp/xyz/dem1a_png/17/116002/51713.png,138.6090088,35.4561956,138.6117554,35.4584328,candidate URL generated from official GSI tile scheme; existence/coverage not locally verified
DEM1A,~1 m,airborne laser,17,116002,51714,https://cyberjapandata.gsi.go.jp/xyz/dem1a_png/17/116002/51714.png,138.6090088,35.4539583,138.6117554,35.4561956,candidate URL generated from official GSI tile scheme; existence/coverage not locally verified
DEM1A,~1 m,airborne laser,17,116002,51715,https://cyberjapandata.gsi.go.jp/xyz/dem1a_png/17/116002/51715.png,138.6090088,35.4517209,138.6117554,35.4539583,candidate URL generated from official GSI tile scheme; existence/coverage not locally verified
DEM1A,~1 m,airborne laser,17,116002,51716,https://cyberjapandata.gsi.go.jp/xyz/dem1a_png/17/116002/51716.png,138.6090088,35.4494835,138.6117554,35.4517209,candidate URL generated from official GSI tile scheme; existence/coverage not locally verified
DEM1A,~1 m,airborne laser,17,116002,51717,https://cyberjapandata.gsi.go.jp/xyz/dem1a_png/17/116002/51717.png,138.6090088,35.4472461,138.6117554,35.4494835,candidate URL generated from official GSI tile scheme; existence/coverage not locally verified
DEM1A,~1 m,airborne laser,17,116002,51718,https://cyberjapandata.gsi.go.jp/xyz/dem1a_png/17/116002/51718.png,138.6090088,35.4450085,138.6117554,35.4472461,candidate URL generated from official GSI tile scheme; existence/coverage not locally verified
DEM1A,~1 m,airborne laser,17,116002,51719,https://cyberjapandata.gsi.go.jp/xyz/dem1a_png/17/116002/51719.png,138.6090088,35.4427709,138.6117554,35.4450085,candidate URL generated from official GSI tile scheme; existence/coverage not locally verified
DEM1A,~1 m,airborne laser,17,116002,51720,https://cyberjapandata.gsi.go.jp/xyz/dem1a_png/17/116002/51720.png,138.6090088,35.4405333,138.6117554,35.4427709,candidate URL generated from official GSI tile scheme; existence/coverage not locally verified
DEM1A,~1 m,airborne laser,17,116002,51721,https://cyberjapandata.gsi.go.jp/xyz/dem1a_png/17/116002/51721.png,138.6090088,35.4382955,138.6117554,35.4405333,candidate URL generated from official GSI tile scheme; existence/coverage not locally verified
DEM1A,~1 m,airborne laser,17,116002,51722,https://cyberjapandata.gsi.go.jp/xyz/dem1a_png/17/116002/51722.png,138.6090088,35.4360578,138.6117554,35.4382955,candidate URL generated from official GSI tile scheme; existence/coverage not locally verified
DEM1A,~1 m,airborne laser,17,116002,51723,https://cyberjapandata.gsi.go.jp/xyz/dem1a_png/17/116002/51723.png,138.6090088,35.4338199,138.6117554,35.4360578,candidate URL generated from official GSI tile scheme; existence/coverage not locally verified
DEM1A,~1 m,airborne laser,17,116002,51724,https://cyberjapandata.gsi.go.jp/xyz/dem1a_png/17/116002/51724.png,138.6090088,35.431582,138.6117554,35.4338199,candidate URL generated from official GSI tile scheme; existence/coverage not locally verified
DEM1A,~1 m,airborne laser,17,116002,51725,https://cyberjapandata.gsi.go.jp/xyz/dem1a_png/17/116002/51725.png,138.6090088,35.429344,138.6117554,35.431582,candidate URL generated from official GSI tile scheme; existence/coverage not locally verified
DEM1A,~1 m,airborne laser,17,116003,51680,https://cyberjapandata.gsi.go.jp/xyz/dem1a_png/17/116003/51680.png,138.6117554,35.5299911,138.614502,35.5322262,candidate URL generated from official GSI tile scheme; existence/coverage not locally verified
DEM1A,~1 m,airborne laser,17,116003,51681,https://cyberjapandata.gsi.go.jp/xyz/dem1a_png/17/116003/51681.png,138.6117554,35.5277558,138.614502,35.5299911,candidate URL generated from official GSI tile scheme; existence/coverage not locally verified
DEM1A,~1 m,airborne laser,17,116003,51682,https://cyberjapandata.gsi.go.jp/xyz/dem1a_png/17/116003/51682.png,138.6117554,35.5255205,138.614502,35.5277558,candidate URL generated from official GSI tile scheme; existence/coverage not locally verified
DEM1A,~1 m,airborne laser,17,116003,51683,https://cyberjapandata.gsi.go.jp/xyz/dem1a_png/17/116003/51683.png,138.6117554,35.5232852,138.614502,35.5255205,candidate URL generated from official GSI tile scheme; existence/coverage not locally verified
DEM1A,~1 m,airborne laser,17,116003,51684,https://cyberjapandata.gsi.go.jp/xyz/dem1a_png/17/116003/51684.png,138.6117554,35.5210498,138.614502,35.5232852,candidate URL generated from official GSI tile scheme; existence/coverage not locally verified
DEM1A,~1 m,airborne laser,17,116003,51685,https://cyberjapandata.gsi.go.jp/xyz/dem1a_png/17/116003/51685.png,138.6117554,35.5188143,138.614502,35.5210498,candidate URL generated from official GSI tile scheme; existence/coverage not locally verified
DEM1A,~1 m,airborne laser,17,116003,51686,https://cyberjapandata.gsi.go.jp/xyz/dem1a_png/17/116003/51686.png,138.6117554,35.5165787,138.614502,35.5188143,candidate URL generated from official GSI tile scheme; existence/coverage not locally verified
DEM1A,~1 m,airborne laser,17,116003,51687,https://cyberjapandata.gsi.go.jp/xyz/dem1a_png/17/116003/51687.png,138.6117554,35.5143431,138.614502,35.5165787,candidate URL generated from official GSI tile scheme; existence/coverage not locally verified
DEM1A,~1 m,airborne laser,17,116003,51688,https://cyberjapandata.gsi.go.jp/xyz/dem1a_png/17/116003/51688.png,138.6117554,35.5121075,138.614502,35.5143431,candidate URL generated from official GSI tile scheme; existence/coverage not locally verified
DEM1A,~1 m,airborne laser,17,116003,51689,https://cyberjapandata.gsi.go.jp/xyz/dem1a_png/17/116003/51689.png,138.6117554,35.5098717,138.614502,35.5121075,candidate URL generated from official GSI tile scheme; existence/coverage not locally verified
DEM1A,~1 m,airborne laser,17,116003,51690,https://cyberjapandata.gsi.go.jp/xyz/dem1a_png/17/116003/51690.png,138.6117554,35.5076359,138.614502,35.5098717,candidate URL generated from official GSI tile scheme; existence/coverage not locally verified
DEM1A,~1 m,airborne laser,17,116003,51691,https://cyberjapandata.gsi.go.jp/xyz/dem1a_png/17/116003/51691.png,138.6117554,35.5054001,138.614502,35.5076359,candidate URL generated from official GSI tile scheme; existence/coverage not locally verified
DEM1A,~1 m,airborne laser,17,116003,51692,https://cyberjapandata.gsi.go.jp/xyz/dem1a_png/17/116003/51692.png,138.6117554,35.5031642,138.614502,35.5054001,candidate URL generated from official GSI tile scheme; existence/coverage not locally verified
DEM1A,~1 m,airborne laser,17,116003,51693,https://cyberjapandata.gsi.go.jp/xyz/dem1a_png/17/116003/51693.png,138.6117554,35.5009282,138.614502,35.5031642,candidate URL generated from official GSI tile scheme; existence/coverage not locally verified
DEM1A,~1 m,airborne laser,17,116003,51694,https://cyberjapandata.gsi.go.jp/xyz/dem1a_png/17/116003/51694.png,138.6117554,35.4986922,138.614502,35.5009282,candidate URL generated from official GSI tile scheme; existence/coverage not locally verified
DEM1A,~1 m,airborne laser,17,116003,51695,https://cyberjapandata.gsi.go.jp/xyz/dem1a_png/17/116003/51695.png,138.6117554,35.4964561,138.614502,35.4986922,candidate URL generated from official GSI tile scheme; existence/coverage not locally verified
DEM1A,~1 m,airborne laser,17,116003,51696,https://cyberjapandata.gsi.go.jp/xyz/dem1a_png/17/116003/51696.png,138.6117554,35.4942199,138.614502,35.4964561,candidate URL generated from official GSI tile scheme; existence/coverage not locally verified
DEM1A,~1 m,airborne laser,17,116003,51697,https://cyberjapandata.gsi.go.jp/xyz/dem1a_png/17/116003/51697.png,138.6117554,35.4919837,138.614502,35.4942199,candidate URL generated from official GSI tile scheme; existence/coverage not locally verified
DEM1A,~1 m,airborne laser,17,116003,51698,https://cyberjapandata.gsi.go.jp/xyz/dem1a_png/17/116003/51698.png,138.6117554,35.4897474,138.614502,35.4919837,candidate URL generated from official GSI tile scheme; existence/coverage not locally verified
DEM1A,~1 m,airborne laser,17,116003,51699,https://cyberjapandata.gsi.go.jp/xyz/dem1a_png/17/116003/51699.png,138.6117554,35.487511,138.614502,35.4897474,candidate URL generated from official GSI tile scheme; existence/coverage not locally verified
DEM1A,~1 m,airborne laser,17,116003,51700,https://cyberjapandata.gsi.go.jp/xyz/dem1a_png/17/116003/51700.png,138.6117554,35.4852746,138.614502,35.487511,candidate URL generated from official GSI tile scheme; existence/coverage not locally verified
DEM1A,~1 m,airborne laser,17,116003,51701,https://cyberjapandata.gsi.go.jp/xyz/dem1a_png/17/116003/51701.png,138.6117554,35.4830381,138.614502,35.4852746,candidate URL generated from official GSI tile scheme; existence/coverage not locally verified
DEM1A,~1 m,airborne laser,17,116003,51702,https://cyberjapandata.gsi.go.jp/xyz/dem1a_png/17/116003/51702.png,138.6117554,35.4808016,138.614502,35.4830381,candidate URL generated from official GSI tile scheme; existence/coverage not locally verified
DEM1A,~1 m,airborne laser,17,116003,51703,https://cyberjapandata.gsi.go.jp/xyz/dem1a_png/17/116003/51703.png,138.6117554,35.478565,138.614502,35.4808016,candidate URL generated from official GSI tile scheme; existence/coverage not locally verified
DEM1A,~1 m,airborne laser,17,116003,51704,https://cyberjapandata.gsi.go.jp/xyz/dem1a_png/17/116003/51704.png,138.6117554,35.4763283,138.614502,35.478565,candidate URL generated from official GSI tile scheme; existence/coverage not locally verified
DEM1A,~1 m,airborne laser,17,116003,51705,https://cyberjapandata.gsi.go.jp/xyz/dem1a_png/17/116003/51705.png,138.6117554,35.4740916,138.614502,35.4763283,candidate URL generated from official GSI tile scheme; existence/coverage not locally verified
DEM1A,~1 m,airborne laser,17,116003,51706,https://cyberjapandata.gsi.go.jp/xyz/dem1a_png/17/116003/51706.png,138.6117554,35.4718548,138.614502,35.4740916,candidate URL generated from official GSI tile scheme; existence/coverage not locally verified
DEM1A,~1 m,airborne laser,17,116003,51707,https://cyberjapandata.gsi.go.jp/xyz/dem1a_png/17/116003/51707.png,138.6117554,35.469618,138.614502,35.4718548,candidate URL generated from official GSI tile scheme; existence/coverage not locally verified
DEM1A,~1 m,airborne laser,17,116003,51708,https://cyberjapandata.gsi.go.jp/xyz/dem1a_png/17/116003/51708.png,138.6117554,35.4673811,138.614502,35.469618,candidate URL generated from official GSI tile scheme; existence/coverage not locally verified
DEM1A,~1 m,airborne laser,17,116003,51709,https://cyberjapandata.gsi.go.jp/xyz/dem1a_png/17/116003/51709.png,138.6117554,35.4651441,138.614502,35.4673811,candidate URL generated from official GSI tile scheme; existence/coverage not locally verified
DEM1A,~1 m,airborne laser,17,116003,51710,https://cyberjapandata.gsi.go.jp/xyz/dem1a_png/17/116003/51710.png,138.6117554,35.462907,138.614502,35.4651441,candidate URL generated from official GSI tile scheme; existence/coverage not locally verified
DEM1A,~1 m,airborne laser,17,116003,51711,https://cyberjapandata.gsi.go.jp/xyz/dem1a_png/17/116003/51711.png,138.6117554,35.46067,138.614502,35.462907,candidate URL generated from official GSI tile scheme; existence/coverage not locally verified
DEM1A,~1 m,airborne laser,17,116003,51712,https://cyberjapandata.gsi.go.jp/xyz/dem1a_png/17/116003/51712.png,138.6117554,35.4584328,138.614502,35.46067,candidate URL generated from official GSI tile scheme; existence/coverage not locally verified
DEM1A,~1 m,airborne laser,17,116003,51713,https://cyberjapandata.gsi.go.jp/xyz/dem1a_png/17/116003/51713.png,138.6117554,35.4561956,138.614502,35.4584328,candidate URL generated from official GSI tile scheme; existence/coverage not locally verified
DEM1A,~1 m,airborne laser,17,116003,51714,https://cyberjapandata.gsi.go.jp/xyz/dem1a_png/17/116003/51714.png,138.6117554,35.4539583,138.614502,35.4561956,candidate URL generated from official GSI tile scheme; existence/coverage not locally verified
DEM1A,~1 m,airborne laser,17,116003,51715,https://cyberjapandata.gsi.go.jp/xyz/dem1a_png/17/116003/51715.png,138.6117554,35.4517209,138.614502,35.4539583,candidate URL generated from official GSI tile scheme; existence/coverage not locally verified
DEM1A,~1 m,airborne laser,17,116003,51716,https://cyberjapandata.gsi.go.jp/xyz/dem1a_png/17/116003/51716.png,138.6117554,35.4494835,138.614502,35.4517209,candidate URL generated from official GSI tile scheme; existence/coverage not locally verified
DEM1A,~1 m,airborne laser,17,116003,51717,https://cyberjapandata.gsi.go.jp/xyz/dem1a_png/17/116003/51717.png,138.6117554,35.4472461,138.614502,35.4494835,candidate URL generated from official GSI tile scheme; existence/coverage not locally verified
DEM1A,~1 m,airborne laser,17,116003,51718,https://cyberjapandata.gsi.go.jp/xyz/dem1a_png/17/116003/51718.png,138.6117554,35.4450085,138.614502,35.4472461,candidate URL generated from official GSI tile scheme; existence/coverage not locally verified
DEM1A,~1 m,airborne laser,17,116003,51719,https://cyberjapandata.gsi.go.jp/xyz/dem1a_png/17/116003/51719.png,138.6117554,35.4427709,138.614502,35.4450085,candidate URL generated from official GSI tile scheme; existence/coverage not locally verified
DEM1A,~1 m,airborne laser,17,116003,51720,https://cyberjapandata.gsi.go.jp/xyz/dem1a_png/17/116003/51720.png,138.6117554,35.4405333,138.614502,35.4427709,candidate URL generated from official GSI tile scheme; existence/coverage not locally verified
DEM1A,~1 m,airborne laser,17,116003,51721,https://cyberjapandata.gsi.go.jp/xyz/dem1a_png/17/116003/51721.png,138.6117554,35.4382955,138.614502,35.4405333,candidate URL generated from official GSI tile scheme; existence/coverage not locally verified
DEM1A,~1 m,airborne laser,17,116003,51722,https://cyberjapandata.gsi.go.jp/xyz/dem1a_png/17/116003/51722.png,138.6117554,35.4360578,138.614502,35.4382955,candidate URL generated from official GSI tile scheme; existence/coverage not locally verified
DEM1A,~1 m,airborne laser,17,116003,51723,https://cyberjapandata.gsi.go.jp/xyz/dem1a_png/17/116003/51723.png,138.6117554,35.4338199,138.614502,35.4360578,candidate URL generated from official GSI tile scheme; existence/coverage not locally verified
DEM1A,~1 m,airborne laser,17,116003,51724,https://cyberjapandata.gsi.go.jp/xyz/dem1a_png/17/116003/51724.png,138.6117554,35.431582,138.614502,35.4338199,candidate URL generated from official GSI tile scheme; existence/coverage not locally verified
DEM1A,~1 m,airborne laser,17,116003,51725,https://cyberjapandata.gsi.go.jp/xyz/dem1a_png/17/116003/51725.png,138.6117554,35.429344,138.614502,35.431582,candidate URL generated from official GSI tile scheme; existence/coverage not locally verified
DEM1A,~1 m,airborne laser,17,116004,51680,https://cyberjapandata.gsi.go.jp/xyz/dem1a_png/17/116004/51680.png,138.614502,35.5299911,138.6172485,35.5322262,candidate URL generated from official GSI tile scheme; existence/coverage not locally verified
DEM1A,~1 m,airborne laser,17,116004,51681,https://cyberjapandata.gsi.go.jp/xyz/dem1a_png/17/116004/51681.png,138.614502,35.5277558,138.6172485,35.5299911,candidate URL generated from official GSI tile scheme; existence/coverage not locally verified
DEM1A,~1 m,airborne laser,17,116004,51682,https://cyberjapandata.gsi.go.jp/xyz/dem1a_png/17/116004/51682.png,138.614502,35.5255205,138.6172485,35.5277558,candidate URL generated from official GSI tile scheme; existence/coverage not locally verified
DEM1A,~1 m,airborne laser,17,116004,51683,https://cyberjapandata.gsi.go.jp/xyz/dem1a_png/17/116004/51683.png,138.614502,35.5232852,138.6172485,35.5255205,candidate URL generated from official GSI tile scheme; existence/coverage not locally verified
DEM1A,~1 m,airborne laser,17,116004,51684,https://cyberjapandata.gsi.go.jp/xyz/dem1a_png/17/116004/51684.png,138.614502,35.5210498,138.6172485,35.5232852,candidate URL generated from official GSI tile scheme; existence/coverage not locally verified
DEM1A,~1 m,airborne laser,17,116004,51685,https://cyberjapandata.gsi.go.jp/xyz/dem1a_png/17/116004/51685.png,138.614502,35.5188143,138.6172485,35.5210498,candidate URL generated from official GSI tile scheme; existence/coverage not locally verified
DEM1A,~1 m,airborne laser,17,116004,51686,https://cyberjapandata.gsi.go.jp/xyz/dem1a_png/17/116004/51686.png,138.614502,35.5165787,138.6172485,35.5188143,candidate URL generated from official GSI tile scheme; existence/coverage not locally verified
DEM1A,~1 m,airborne laser,17,116004,51687,https://cyberjapandata.gsi.go.jp/xyz/dem1a_png/17/116004/51687.png,138.614502,35.5143431,138.6172485,35.5165787,candidate URL generated from official GSI tile scheme; existence/coverage not locally verified
DEM1A,~1 m,airborne laser,17,116004,51688,https://cyberjapandata.gsi.go.jp/xyz/dem1a_png/17/116004/51688.png,138.614502,35.5121075,138.6172485,35.5143431,candidate URL generated from official GSI tile scheme; existence/coverage not locally verified
DEM1A,~1 m,airborne laser,17,116004,51689,https://cyberjapandata.gsi.go.jp/xyz/dem1a_png/17/116004/51689.png,138.614502,35.5098717,138.6172485,35.5121075,candidate URL generated from official GSI tile scheme; existence/coverage not locally verified
DEM1A,~1 m,airborne laser,17,116004,51690,https://cyberjapandata.gsi.go.jp/xyz/dem1a_png/17/116004/51690.png,138.614502,35.5076359,138.6172485,35.5098717,candidate URL generated from official GSI tile scheme; existence/coverage not locally verified
DEM1A,~1 m,airborne laser,17,116004,51691,https://cyberjapandata.gsi.go.jp/xyz/dem1a_png/17/116004/51691.png,138.614502,35.5054001,138.6172485,35.5076359,candidate URL generated from official GSI tile scheme; existence/coverage not locally verified
DEM1A,~1 m,airborne laser,17,116004,51692,https://cyberjapandata.gsi.go.jp/xyz/dem1a_png/17/116004/51692.png,138.614502,35.5031642,138.6172485,35.5054001,candidate URL generated from official GSI tile scheme; existence/coverage not locally verified
DEM1A,~1 m,airborne laser,17,116004,51693,https://cyberjapandata.gsi.go.jp/xyz/dem1a_png/17/116004/51693.png,138.614502,35.5009282,138.6172485,35.5031642,candidate URL generated from official GSI tile scheme; existence/coverage not locally verified
DEM1A,~1 m,airborne laser,17,116004,51694,https://cyberjapandata.gsi.go.jp/xyz/dem1a_png/17/116004/51694.png,138.614502,35.4986922,138.6172485,35.5009282,candidate URL generated from official GSI tile scheme; existence/coverage not locally verified
DEM1A,~1 m,airborne laser,17,116004,51695,https://cyberjapandata.gsi.go.jp/xyz/dem1a_png/17/116004/51695.png,138.614502,35.4964561,138.6172485,35.4986922,candidate URL generated from official GSI tile scheme; existence/coverage not locally verified
DEM1A,~1 m,airborne laser,17,116004,51696,https://cyberjapandata.gsi.go.jp/xyz/dem1a_png/17/116004/51696.png,138.614502,35.4942199,138.6172485,35.4964561,candidate URL generated from official GSI tile scheme; existence/coverage not locally verified
DEM1A,~1 m,airborne laser,17,116004,51697,https://cyberjapandata.gsi.go.jp/xyz/dem1a_png/17/116004/51697.png,138.614502,35.4919837,138.6172485,35.4942199,candidate URL generated from official GSI tile scheme; existence/coverage not locally verified
DEM1A,~1 m,airborne laser,17,116004,51698,https://cyberjapandata.gsi.go.jp/xyz/dem1a_png/17/116004/51698.png,138.614502,35.4897474,138.6172485,35.4919837,candidate URL generated from official GSI tile scheme; existence/coverage not locally verified
DEM1A,~1 m,airborne laser,17,116004,51699,https://cyberjapandata.gsi.go.jp/xyz/dem1a_png/17/116004/51699.png,138.614502,35.487511,138.6172485,35.4897474,candidate URL generated from official GSI tile scheme; existence/coverage not locally verified
DEM1A,~1 m,airborne laser,17,116004,51700,https://cyberjapandata.gsi.go.jp/xyz/dem1a_png/17/116004/51700.png,138.614502,35.4852746,138.6172485,35.487511,candidate URL generated from official GSI tile scheme; existence/coverage not locally verified
DEM1A,~1 m,airborne laser,17,116004,51701,https://cyberjapandata.gsi.go.jp/xyz/dem1a_png/17/116004/51701.png,138.614502,35.4830381,138.6172485,35.4852746,candidate URL generated from official GSI tile scheme; existence/coverage not locally verified
DEM1A,~1 m,airborne laser,17,116004,51702,https://cyberjapandata.gsi.go.jp/xyz/dem1a_png/17/116004/51702.png,138.614502,35.4808016,138.6172485,35.4830381,candidate URL generated from official GSI tile scheme; existence/coverage not locally verified
DEM1A,~1 m,airborne laser,17,116004,51703,https://cyberjapandata.gsi.go.jp/xyz/dem1a_png/17/116004/51703.png,138.614502,35.478565,138.6172485,35.4808016,candidate URL generated from official GSI tile scheme; existence/coverage not locally verified
DEM1A,~1 m,airborne laser,17,116004,51704,https://cyberjapandata.gsi.go.jp/xyz/dem1a_png/17/116004/51704.png,138.614502,35.4763283,138.6172485,35.478565,candidate URL generated from official GSI tile scheme; existence/coverage not locally verified
DEM1A,~1 m,airborne laser,17,116004,51705,https://cyberjapandata.gsi.go.jp/xyz/dem1a_png/17/116004/51705.png,138.614502,35.4740916,138.6172485,35.4763283,candidate URL generated from official GSI tile scheme; existence/coverage not locally verified
DEM1A,~1 m,airborne laser,17,116004,51706,https://cyberjapandata.gsi.go.jp/xyz/dem1a_png/17/116004/51706.png,138.614502,35.4718548,138.6172485,35.4740916,candidate URL generated from official GSI tile scheme; existence/coverage not locally verified
DEM1A,~1 m,airborne laser,17,116004,51707,https://cyberjapandata.gsi.go.jp/xyz/dem1a_png/17/116004/51707.png,138.614502,35.469618,138.6172485,35.4718548,candidate URL generated from official GSI tile scheme; existence/coverage not locally verified
DEM1A,~1 m,airborne laser,17,116004,51708,https://cyberjapandata.gsi.go.jp/xyz/dem1a_png/17/116004/51708.png,138.614502,35.4673811,138.6172485,35.469618,candidate URL generated from official GSI tile scheme; existence/coverage not locally verified
DEM1A,~1 m,airborne laser,17,116004,51709,https://cyberjapandata.gsi.go.jp/xyz/dem1a_png/17/116004/51709.png,138.614502,35.4651441,138.6172485,35.4673811,candidate URL generated from official GSI tile scheme; existence/coverage not locally verified
DEM1A,~1 m,airborne laser,17,116004,51710,https://cyberjapandata.gsi.go.jp/xyz/dem1a_png/17/116004/51710.png,138.614502,35.462907,138.6172485,35.4651441,candidate URL generated from official GSI tile scheme; existence/coverage not locally verified
DEM1A,~1 m,airborne laser,17,116004,51711,https://cyberjapandata.gsi.go.jp/xyz/dem1a_png/17/116004/51711.png,138.614502,35.46067,138.6172485,35.462907,candidate URL generated from official GSI tile scheme; existence/coverage not locally verified
DEM1A,~1 m,airborne laser,17,116004,51712,https://cyberjapandata.gsi.go.jp/xyz/dem1a_png/17/116004/51712.png,138.614502,35.4584328,138.6172485,35.46067,candidate URL generated from official GSI tile scheme; existence/coverage not locally verified
DEM1A,~1 m,airborne laser,17,116004,51713,https://cyberjapandata.gsi.go.jp/xyz/dem1a_png/17/116004/51713.png,138.614502,35.4561956,138.6172485,35.4584328,candidate URL generated from official GSI tile scheme; existence/coverage not locally verified
DEM1A,~1 m,airborne laser,17,116004,51714,https://cyberjapandata.gsi.go.jp/xyz/dem1a_png/17/116004/51714.png,138.614502,35.4539583,138.6172485,35.4561956,candidate URL generated from official GSI tile scheme; existence/coverage not locally verified
DEM1A,~1 m,airborne laser,17,116004,51715,https://cyberjapandata.gsi.go.jp/xyz/dem1a_png/17/116004/51715.png,138.614502,35.4517209,138.6172485,35.4539583,candidate URL generated from official GSI tile scheme; existence/coverage not locally verified
DEM1A,~1 m,airborne laser,17,116004,51716,https://cyberjapandata.gsi.go.jp/xyz/dem1a_png/17/116004/51716.png,138.614502,35.4494835,138.6172485,35.4517209,candidate URL generated from official GSI tile scheme; existence/coverage not locally verified
DEM1A,~1 m,airborne laser,17,116004,51717,https://cyberjapandata.gsi.go.jp/xyz/dem1a_png/17/116004/51717.png,138.614502,35.4472461,138.6172485,35.4494835,candidate URL generated from official GSI tile scheme; existence/coverage not locally verified
DEM1A,~1 m,airborne laser,17,116004,51718,https://cyberjapandata.gsi.go.jp/xyz/dem1a_png/17/116004/51718.png,138.614502,35.4450085,138.6172485,35.4472461,candidate URL generated from official GSI tile scheme; existence/coverage not locally verified
DEM1A,~1 m,airborne laser,17,116004,51719,https://cyberjapandata.gsi.go.jp/xyz/dem1a_png/17/116004/51719.png,138.614502,35.4427709,138.6172485,35.4450085,candidate URL generated from official GSI tile scheme; existence/coverage not locally verified
DEM1A,~1 m,airborne laser,17,116004,51720,https://cyberjapandata.gsi.go.jp/xyz/dem1a_png/17/116004/51720.png,138.614502,35.4405333,138.6172485,35.4427709,candidate URL generated from official GSI tile scheme; existence/coverage not locally verified
DEM1A,~1 m,airborne laser,17,116004,51721,https://cyberjapandata.gsi.go.jp/xyz/dem1a_png/17/116004/51721.png,138.614502,35.4382955,138.6172485,35.4405333,candidate URL generated from official GSI tile scheme; existence/coverage not locally verified
DEM1A,~1 m,airborne laser,17,116004,51722,https://cyberjapandata.gsi.go.jp/xyz/dem1a_png/17/116004/51722.png,138.614502,35.4360578,138.6172485,35.4382955,candidate URL generated from official GSI tile scheme; existence/coverage not locally verified
DEM1A,~1 m,airborne laser,17,116004,51723,https://cyberjapandata.gsi.go.jp/xyz/dem1a_png/17/116004/51723.png,138.614502,35.4338199,138.6172485,35.4360578,candidate URL generated from official GSI tile scheme; existence/coverage not locally verified
DEM1A,~1 m,airborne laser,17,116004,51724,https://cyberjapandata.gsi.go.jp/xyz/dem1a_png/17/116004/51724.png,138.614502,35.431582,138.6172485,35.4338199,candidate URL generated from official GSI tile scheme; existence/coverage not locally verified
DEM1A,~1 m,airborne laser,17,116004,51725,https://cyberjapandata.gsi.go.jp/xyz/dem1a_png/17/116004/51725.png,138.614502,35.429344,138.6172485,35.431582,candidate URL generated from official GSI tile scheme; existence/coverage not locally verified
DEM1A,~1 m,airborne laser,17,116005,51680,https://cyberjapandata.gsi.go.jp/xyz/dem1a_png/17/116005/51680.png,138.6172485,35.5299911,138.6199951,35.5322262,candidate URL generated from official GSI tile scheme; existence/coverage not locally verified
DEM1A,~1 m,airborne laser,17,116005,51681,https://cyberjapandata.gsi.go.jp/xyz/dem1a_png/17/116005/51681.png,138.6172485,35.5277558,138.6199951,35.5299911,candidate URL generated from official GSI tile scheme; existence/coverage not locally verified
DEM1A,~1 m,airborne laser,17,116005,51682,https://cyberjapandata.gsi.go.jp/xyz/dem1a_png/17/116005/51682.png,138.6172485,35.5255205,138.6199951,35.5277558,candidate URL generated from official GSI tile scheme; existence/coverage not locally verified
DEM1A,~1 m,airborne laser,17,116005,51683,https://cyberjapandata.gsi.go.jp/xyz/dem1a_png/17/116005/51683.png,138.6172485,35.5232852,138.6199951,35.5255205,candidate URL generated from official GSI tile scheme; existence/coverage not locally verified
DEM1A,~1 m,airborne laser,17,116005,51684,https://cyberjapandata.gsi.go.jp/xyz/dem1a_png/17/116005/51684.png,138.6172485,35.5210498,138.6199951,35.5232852,candidate URL generated from official GSI tile scheme; existence/coverage not locally verified
DEM1A,~1 m,airborne laser,17,116005,51685,https://cyberjapandata.gsi.go.jp/xyz/dem1a_png/17/116005/51685.png,138.6172485,35.5188143,138.6199951,35.5210498,candidate URL generated from official GSI tile scheme; existence/coverage not locally verified
DEM1A,~1 m,airborne laser,17,116005,51686,https://cyberjapandata.gsi.go.jp/xyz/dem1a_png/17/116005/51686.png,138.6172485,35.5165787,138.6199951,35.5188143,candidate URL generated from official GSI tile scheme; existence/coverage not locally verified
DEM1A,~1 m,airborne laser,17,116005,51687,https://cyberjapandata.gsi.go.jp/xyz/dem1a_png/17/116005/51687.png,138.6172485,35.5143431,138.6199951,35.5165787,candidate URL generated from official GSI tile scheme; existence/coverage not locally verified
DEM1A,~1 m,airborne laser,17,116005,51688,https://cyberjapandata.gsi.go.jp/xyz/dem1a_png/17/116005/51688.png,138.6172485,35.5121075,138.6199951,35.5143431,candidate URL generated from official GSI tile scheme; existence/coverage not locally verified
DEM1A,~1 m,airborne laser,17,116005,51689,https://cyberjapandata.gsi.go.jp/xyz/dem1a_png/17/116005/51689.png,138.6172485,35.5098717,138.6199951,35.5121075,candidate URL generated from official GSI tile scheme; existence/coverage not locally verified
DEM1A,~1 m,airborne laser,17,116005,51690,https://cyberjapandata.gsi.go.jp/xyz/dem1a_png/17/116005/51690.png,138.6172485,35.5076359,138.6199951,35.5098717,candidate URL generated from official GSI tile scheme; existence/coverage not locally verified
DEM1A,~1 m,airborne laser,17,116005,51691,https://cyberjapandata.gsi.go.jp/xyz/dem1a_png/17/116005/51691.png,138.6172485,35.5054001,138.6199951,35.5076359,candidate URL generated from official GSI tile scheme; existence/coverage not locally verified
DEM1A,~1 m,airborne laser,17,116005,51692,https://cyberjapandata.gsi.go.jp/xyz/dem1a_png/17/116005/51692.png,138.6172485,35.5031642,138.6199951,35.5054001,candidate URL generated from official GSI tile scheme; existence/coverage not locally verified
DEM1A,~1 m,airborne laser,17,116005,51693,https://cyberjapandata.gsi.go.jp/xyz/dem1a_png/17/116005/51693.png,138.6172485,35.5009282,138.6199951,35.5031642,candidate URL generated from official GSI tile scheme; existence/coverage not locally verified
DEM1A,~1 m,airborne laser,17,116005,51694,https://cyberjapandata.gsi.go.jp/xyz/dem1a_png/17/116005/51694.png,138.6172485,35.4986922,138.6199951,35.5009282,candidate URL generated from official GSI tile scheme; existence/coverage not locally verified
DEM1A,~1 m,airborne laser,17,116005,51695,https://cyberjapandata.gsi.go.jp/xyz/dem1a_png/17/116005/51695.png,138.6172485,35.4964561,138.6199951,35.4986922,candidate URL generated from official GSI tile scheme; existence/coverage not locally verified
DEM1A,~1 m,airborne laser,17,116005,51696,https://cyberjapandata.gsi.go.jp/xyz/dem1a_png/17/116005/51696.png,138.6172485,35.4942199,138.6199951,35.4964561,candidate URL generated from official GSI tile scheme; existence/coverage not locally verified
DEM1A,~1 m,airborne laser,17,116005,51697,https://cyberjapandata.gsi.go.jp/xyz/dem1a_png/17/116005/51697.png,138.6172485,35.4919837,138.6199951,35.4942199,candidate URL generated from official GSI tile scheme; existence/coverage not locally verified
DEM1A,~1 m,airborne laser,17,116005,51698,https://cyberjapandata.gsi.go.jp/xyz/dem1a_png/17/116005/51698.png,138.6172485,35.4897474,138.6199951,35.4919837,candidate URL generated from official GSI tile scheme; existence/coverage not locally verified
DEM1A,~1 m,airborne laser,17,116005,51699,https://cyberjapandata.gsi.go.jp/xyz/dem1a_png/17/116005/51699.png,138.6172485,35.487511,138.6199951,35.4897474,candidate URL generated from official GSI tile scheme; existence/coverage not locally verified
DEM1A,~1 m,airborne laser,17,116005,51700,https://cyberjapandata.gsi.go.jp/xyz/dem1a_png/17/116005/51700.png,138.6172485,35.4852746,138.6199951,35.487511,candidate URL generated from official GSI tile scheme; existence/coverage not locally verified
DEM1A,~1 m,airborne laser,17,116005,51701,https://cyberjapandata.gsi.go.jp/xyz/dem1a_png/17/116005/51701.png,138.6172485,35.4830381,138.6199951,35.4852746,candidate URL generated from official GSI tile scheme; existence/coverage not locally verified
DEM1A,~1 m,airborne laser,17,116005,51702,https://cyberjapandata.gsi.go.jp/xyz/dem1a_png/17/116005/51702.png,138.6172485,35.4808016,138.6199951,35.4830381,candidate URL generated from official GSI tile scheme; existence/coverage not locally verified
DEM1A,~1 m,airborne laser,17,116005,51703,https://cyberjapandata.gsi.go.jp/xyz/dem1a_png/17/116005/51703.png,138.6172485,35.478565,138.6199951,35.4808016,candidate URL generated from official GSI tile scheme; existence/coverage not locally verified
DEM1A,~1 m,airborne laser,17,116005,51704,https://cyberjapandata.gsi.go.jp/xyz/dem1a_png/17/116005/51704.png,138.6172485,35.4763283,138.6199951,35.478565,candidate URL generated from official GSI tile scheme; existence/coverage not locally verified
DEM1A,~1 m,airborne laser,17,116005,51705,https://cyberjapandata.gsi.go.jp/xyz/dem1a_png/17/116005/51705.png,138.6172485,35.4740916,138.6199951,35.4763283,candidate URL generated from official GSI tile scheme; existence/coverage not locally verified
DEM1A,~1 m,airborne laser,17,116005,51706,https://cyberjapandata.gsi.go.jp/xyz/dem1a_png/17/116005/51706.png,138.6172485,35.4718548,138.6199951,35.4740916,candidate URL generated from official GSI tile scheme; existence/coverage not locally verified
DEM1A,~1 m,airborne laser,17,116005,51707,https://cyberjapandata.gsi.go.jp/xyz/dem1a_png/17/116005/51707.png,138.6172485,35.469618,138.6199951,35.4718548,candidate URL generated from official GSI tile scheme; existence/coverage not locally verified
DEM1A,~1 m,airborne laser,17,116005,51708,https://cyberjapandata.gsi.go.jp/xyz/dem1a_png/17/116005/51708.png,138.6172485,35.4673811,138.6199951,35.469618,candidate URL generated from official GSI tile scheme; existence/coverage not locally verified
DEM1A,~1 m,airborne laser,17,116005,51709,https://cyberjapandata.gsi.go.jp/xyz/dem1a_png/17/116005/51709.png,138.6172485,35.4651441,138.6199951,35.4673811,candidate URL generated from official GSI tile scheme; existence/coverage not locally verified
DEM1A,~1 m,airborne laser,17,116005,51710,https://cyberjapandata.gsi.go.jp/xyz/dem1a_png/17/116005/51710.png,138.6172485,35.462907,138.6199951,35.4651441,candidate URL generated from official GSI tile scheme; existence/coverage not locally verified
DEM1A,~1 m,airborne laser,17,116005,51711,https://cyberjapandata.gsi.go.jp/xyz/dem1a_png/17/116005/51711.png,138.6172485,35.46067,138.6199951,35.462907,candidate URL generated from official GSI tile scheme; existence/coverage not locally verified
DEM1A,~1 m,airborne laser,17,116005,51712,https://cyberjapandata.gsi.go.jp/xyz/dem1a_png/17/116005/51712.png,138.6172485,35.4584328,138.6199951,35.46067,candidate URL generated from official GSI tile scheme; existence/coverage not locally verified
DEM1A,~1 m,airborne laser,17,116005,51713,https://cyberjapandata.gsi.go.jp/xyz/dem1a_png/17/116005/51713.png,138.6172485,35.4561956,138.6199951,35.4584328,candidate URL generated from official GSI tile scheme; existence/coverage not locally verified
DEM1A,~1 m,airborne laser,17,116005,51714,https://cyberjapandata.gsi.go.jp/xyz/dem1a_png/17/116005/51714.png,138.6172485,35.4539583,138.6199951,35.4561956,candidate URL generated from official GSI tile scheme; existence/coverage not locally verified
DEM1A,~1 m,airborne laser,17,116005,51715,https://cyberjapandata.gsi.go.jp/xyz/dem1a_png/17/116005/51715.png,138.6172485,35.4517209,138.6199951,35.4539583,candidate URL generated from official GSI tile scheme; existence/coverage not locally verified
DEM1A,~1 m,airborne laser,17,116005,51716,https://cyberjapandata.gsi.go.jp/xyz/dem1a_png/17/116005/51716.png,138.6172485,35.4494835,138.6199951,35.4517209,candidate URL generated from official GSI tile scheme; existence/coverage not locally verified
DEM1A,~1 m,airborne laser,17,116005,51717,https://cyberjapandata.gsi.go.jp/xyz/dem1a_png/17/116005/51717.png,138.6172485,35.4472461,138.6199951,35.4494835,candidate URL generated from official GSI tile scheme; existence/coverage not locally verified
DEM1A,~1 m,airborne laser,17,116005,51718,https://cyberjapandata.gsi.go.jp/xyz/dem1a_png/17/116005/51718.png,138.6172485,35.4450085,138.6199951,35.4472461,candidate URL generated from official GSI tile scheme; existence/coverage not locally verified
DEM1A,~1 m,airborne laser,17,116005,51719,https://cyberjapandata.gsi.go.jp/xyz/dem1a_png/17/116005/51719.png,138.6172485,35.4427709,138.6199951,35.4450085,candidate URL generated from official GSI tile scheme; existence/coverage not locally verified
DEM1A,~1 m,airborne laser,17,116005,51720,https://cyberjapandata.gsi.go.jp/xyz/dem1a_png/17/116005/51720.png,138.6172485,35.4405333,138.6199951,35.4427709,candidate URL generated from official GSI tile scheme; existence/coverage not locally verified
DEM1A,~1 m,airborne laser,17,116005,51721,https://cyberjapandata.gsi.go.jp/xyz/dem1a_png/17/116005/51721.png,138.6172485,35.4382955,138.6199951,35.4405333,candidate URL generated from official GSI tile scheme; existence/coverage not locally verified
DEM1A,~1 m,airborne laser,17,116005,51722,https://cyberjapandata.gsi.go.jp/xyz/dem1a_png/17/116005/51722.png,138.6172485,35.4360578,138.6199951,35.4382955,candidate URL generated from official GSI tile scheme; existence/coverage not locally verified
DEM1A,~1 m,airborne laser,17,116005,51723,https://cyberjapandata.gsi.go.jp/xyz/dem1a_png/17/116005/51723.png,138.6172485,35.4338199,138.6199951,35.4360578,candidate URL generated from official GSI tile scheme; existence/coverage not locally verified
DEM1A,~1 m,airborne laser,17,116005,51724,https://cyberjapandata.gsi.go.jp/xyz/dem1a_png/17/116005/51724.png,138.6172485,35.431582,138.6199951,35.4338199,candidate URL generated from official GSI tile scheme; existence/coverage not locally verified
DEM1A,~1 m,airborne laser,17,116005,51725,https://cyberjapandata.gsi.go.jp/xyz/dem1a_png/17/116005/51725.png,138.6172485,35.429344,138.6199951,35.431582,candidate URL generated from official GSI tile scheme; existence/coverage not locally verified
DEM1A,~1 m,airborne laser,17,116006,51680,https://cyberjapandata.gsi.go.jp/xyz/dem1a_png/17/116006/51680.png,138.6199951,35.5299911,138.6227417,35.5322262,candidate URL generated from official GSI tile scheme; existence/coverage not locally verified
DEM1A,~1 m,airborne laser,17,116006,51681,https://cyberjapandata.gsi.go.jp/xyz/dem1a_png/17/116006/51681.png,138.6199951,35.5277558,138.6227417,35.5299911,candidate URL generated from official GSI tile scheme; existence/coverage not locally verified
DEM1A,~1 m,airborne laser,17,116006,51682,https://cyberjapandata.gsi.go.jp/xyz/dem1a_png/17/116006/51682.png,138.6199951,35.5255205,138.6227417,35.5277558,candidate URL generated from official GSI tile scheme; existence/coverage not locally verified
DEM1A,~1 m,airborne laser,17,116006,51683,https://cyberjapandata.gsi.go.jp/xyz/dem1a_png/17/116006/51683.png,138.6199951,35.5232852,138.6227417,35.5255205,candidate URL generated from official GSI tile scheme; existence/coverage not locally verified
DEM1A,~1 m,airborne laser,17,116006,51684,https://cyberjapandata.gsi.go.jp/xyz/dem1a_png/17/116006/51684.png,138.6199951,35.5210498,138.6227417,35.5232852,candidate URL generated from official GSI tile scheme; existence/coverage not locally verified
DEM1A,~1 m,airborne laser,17,116006,51685,https://cyberjapandata.gsi.go.jp/xyz/dem1a_png/17/116006/51685.png,138.6199951,35.5188143,138.6227417,35.5210498,candidate URL generated from official GSI tile scheme; existence/coverage not locally verified
DEM1A,~1 m,airborne laser,17,116006,51686,https://cyberjapandata.gsi.go.jp/xyz/dem1a_png/17/116006/51686.png,138.6199951,35.5165787,138.6227417,35.5188143,candidate URL generated from official GSI tile scheme; existence/coverage not locally verified
DEM1A,~1 m,airborne laser,17,116006,51687,https://cyberjapandata.gsi.go.jp/xyz/dem1a_png/17/116006/51687.png,138.6199951,35.5143431,138.6227417,35.5165787,candidate URL generated from official GSI tile scheme; existence/coverage not locally verified
DEM1A,~1 m,airborne laser,17,116006,51688,https://cyberjapandata.gsi.go.jp/xyz/dem1a_png/17/116006/51688.png,138.6199951,35.5121075,138.6227417,35.5143431,candidate URL generated from official GSI tile scheme; existence/coverage not locally verified
DEM1A,~1 m,airborne laser,17,116006,51689,https://cyberjapandata.gsi.go.jp/xyz/dem1a_png/17/116006/51689.png,138.6199951,35.5098717,138.6227417,35.5121075,candidate URL generated from official GSI tile scheme; existence/coverage not locally verified
DEM1A,~1 m,airborne laser,17,116006,51690,https://cyberjapandata.gsi.go.jp/xyz/dem1a_png/17/116006/51690.png,138.6199951,35.5076359,138.6227417,35.5098717,candidate URL generated from official GSI tile scheme; existence/coverage not locally verified
DEM1A,~1 m,airborne laser,17,116006,51691,https://cyberjapandata.gsi.go.jp/xyz/dem1a_png/17/116006/51691.png,138.6199951,35.5054001,138.6227417,35.5076359,candidate URL generated from official GSI tile scheme; existence/coverage not locally verified
DEM1A,~1 m,airborne laser,17,116006,51692,https://cyberjapandata.gsi.go.jp/xyz/dem1a_png/17/116006/51692.png,138.6199951,35.5031642,138.6227417,35.5054001,candidate URL generated from official GSI tile scheme; existence/coverage not locally verified
DEM1A,~1 m,airborne laser,17,116006,51693,https://cyberjapandata.gsi.go.jp/xyz/dem1a_png/17/116006/51693.png,138.6199951,35.5009282,138.6227417,35.5031642,candidate URL generated from official GSI tile scheme; existence/coverage not locally verified
DEM1A,~1 m,airborne laser,17,116006,51694,https://cyberjapandata.gsi.go.jp/xyz/dem1a_png/17/116006/51694.png,138.6199951,35.4986922,138.6227417,35.5009282,candidate URL generated from official GSI tile scheme; existence/coverage not locally verified
DEM1A,~1 m,airborne laser,17,116006,51695,https://cyberjapandata.gsi.go.jp/xyz/dem1a_png/17/116006/51695.png,138.6199951,35.4964561,138.6227417,35.4986922,candidate URL generated from official GSI tile scheme; existence/coverage not locally verified
DEM1A,~1 m,airborne laser,17,116006,51696,https://cyberjapandata.gsi.go.jp/xyz/dem1a_png/17/116006/51696.png,138.6199951,35.4942199,138.6227417,35.4964561,candidate URL generated from official GSI tile scheme; existence/coverage not locally verified
DEM1A,~1 m,airborne laser,17,116006,51697,https://cyberjapandata.gsi.go.jp/xyz/dem1a_png/17/116006/51697.png,138.6199951,35.4919837,138.6227417,35.4942199,candidate URL generated from official GSI tile scheme; existence/coverage not locally verified
DEM1A,~1 m,airborne laser,17,116006,51698,https://cyberjapandata.gsi.go.jp/xyz/dem1a_png/17/116006/51698.png,138.6199951,35.4897474,138.6227417,35.4919837,candidate URL generated from official GSI tile scheme; existence/coverage not locally verified
DEM1A,~1 m,airborne laser,17,116006,51699,https://cyberjapandata.gsi.go.jp/xyz/dem1a_png/17/116006/51699.png,138.6199951,35.487511,138.6227417,35.4897474,candidate URL generated from official GSI tile scheme; existence/coverage not locally verified
DEM1A,~1 m,airborne laser,17,116006,51700,https://cyberjapandata.gsi.go.jp/xyz/dem1a_png/17/116006/51700.png,138.6199951,35.4852746,138.6227417,35.487511,candidate URL generated from official GSI tile scheme; existence/coverage not locally verified
DEM1A,~1 m,airborne laser,17,116006,51701,https://cyberjapandata.gsi.go.jp/xyz/dem1a_png/17/116006/51701.png,138.6199951,35.4830381,138.6227417,35.4852746,candidate URL generated from official GSI tile scheme; existence/coverage not locally verified
DEM1A,~1 m,airborne laser,17,116006,51702,https://cyberjapandata.gsi.go.jp/xyz/dem1a_png/17/116006/51702.png,138.6199951,35.4808016,138.6227417,35.4830381,candidate URL generated from official GSI tile scheme; existence/coverage not locally verified
DEM1A,~1 m,airborne laser,17,116006,51703,https://cyberjapandata.gsi.go.jp/xyz/dem1a_png/17/116006/51703.png,138.6199951,35.478565,138.6227417,35.4808016,candidate URL generated from official GSI tile scheme; existence/coverage not locally verified
DEM1A,~1 m,airborne laser,17,116006,51704,https://cyberjapandata.gsi.go.jp/xyz/dem1a_png/17/116006/51704.png,138.6199951,35.4763283,138.6227417,35.478565,candidate URL generated from official GSI tile scheme; existence/coverage not locally verified
DEM1A,~1 m,airborne laser,17,116006,51705,https://cyberjapandata.gsi.go.jp/xyz/dem1a_png/17/116006/51705.png,138.6199951,35.4740916,138.6227417,35.4763283,candidate URL generated from official GSI tile scheme; existence/coverage not locally verified
DEM1A,~1 m,airborne laser,17,116006,51706,https://cyberjapandata.gsi.go.jp/xyz/dem1a_png/17/116006/51706.png,138.6199951,35.4718548,138.6227417,35.4740916,candidate URL generated from official GSI tile scheme; existence/coverage not locally verified
DEM1A,~1 m,airborne laser,17,116006,51707,https://cyberjapandata.gsi.go.jp/xyz/dem1a_png/17/116006/51707.png,138.6199951,35.469618,138.6227417,35.4718548,candidate URL generated from official GSI tile scheme; existence/coverage not locally verified
DEM1A,~1 m,airborne laser,17,116006,51708,https://cyberjapandata.gsi.go.jp/xyz/dem1a_png/17/116006/51708.png,138.6199951,35.4673811,138.6227417,35.469618,candidate URL generated from official GSI tile scheme; existence/coverage not locally verified
DEM1A,~1 m,airborne laser,17,116006,51709,https://cyberjapandata.gsi.go.jp/xyz/dem1a_png/17/116006/51709.png,138.6199951,35.4651441,138.6227417,35.4673811,candidate URL generated from official GSI tile scheme; existence/coverage not locally verified
DEM1A,~1 m,airborne laser,17,116006,51710,https://cyberjapandata.gsi.go.jp/xyz/dem1a_png/17/116006/51710.png,138.6199951,35.462907,138.6227417,35.4651441,candidate URL generated from official GSI tile scheme; existence/coverage not locally verified
DEM1A,~1 m,airborne laser,17,116006,51711,https://cyberjapandata.gsi.go.jp/xyz/dem1a_png/17/116006/51711.png,138.6199951,35.46067,138.6227417,35.462907,candidate URL generated from official GSI tile scheme; existence/coverage not locally verified
DEM1A,~1 m,airborne laser,17,116006,51712,https://cyberjapandata.gsi.go.jp/xyz/dem1a_png/17/116006/51712.png,138.6199951,35.4584328,138.6227417,35.46067,candidate URL generated from official GSI tile scheme; existence/coverage not locally verified
DEM1A,~1 m,airborne laser,17,116006,51713,https://cyberjapandata.gsi.go.jp/xyz/dem1a_png/17/116006/51713.png,138.6199951,35.4561956,138.6227417,35.4584328,candidate URL generated from official GSI tile scheme; existence/coverage not locally verified
DEM1A,~1 m,airborne laser,17,116006,51714,https://cyberjapandata.gsi.go.jp/xyz/dem1a_png/17/116006/51714.png,138.6199951,35.4539583,138.6227417,35.4561956,candidate URL generated from official GSI tile scheme; existence/coverage not locally verified
DEM1A,~1 m,airborne laser,17,116006,51715,https://cyberjapandata.gsi.go.jp/xyz/dem1a_png/17/116006/51715.png,138.6199951,35.4517209,138.6227417,35.4539583,candidate URL generated from official GSI tile scheme; existence/coverage not locally verified
DEM1A,~1 m,airborne laser,17,116006,51716,https://cyberjapandata.gsi.go.jp/xyz/dem1a_png/17/116006/51716.png,138.6199951,35.4494835,138.6227417,35.4517209,candidate URL generated from official GSI tile scheme; existence/coverage not locally verified
DEM1A,~1 m,airborne laser,17,116006,51717,https://cyberjapandata.gsi.go.jp/xyz/dem1a_png/17/116006/51717.png,138.6199951,35.4472461,138.6227417,35.4494835,candidate URL generated from official GSI tile scheme; existence/coverage not locally verified
DEM1A,~1 m,airborne laser,17,116006,51718,https://cyberjapandata.gsi.go.jp/xyz/dem1a_png/17/116006/51718.png,138.6199951,35.4450085,138.6227417,35.4472461,candidate URL generated from official GSI tile scheme; existence/coverage not locally verified
DEM1A,~1 m,airborne laser,17,116006,51719,https://cyberjapandata.gsi.go.jp/xyz/dem1a_png/17/116006/51719.png,138.6199951,35.4427709,138.6227417,35.4450085,candidate URL generated from official GSI tile scheme; existence/coverage not locally verified
DEM1A,~1 m,airborne laser,17,116006,51720,https://cyberjapandata.gsi.go.jp/xyz/dem1a_png/17/116006/51720.png,138.6199951,35.4405333,138.6227417,35.4427709,candidate URL generated from official GSI tile scheme; existence/coverage not locally verified
DEM1A,~1 m,airborne laser,17,116006,51721,https://cyberjapandata.gsi.go.jp/xyz/dem1a_png/17/116006/51721.png,138.6199951,35.4382955,138.6227417,35.4405333,candidate URL generated from official GSI tile scheme; existence/coverage not locally verified
DEM1A,~1 m,airborne laser,17,116006,51722,https://cyberjapandata.gsi.go.jp/xyz/dem1a_png/17/116006/51722.png,138.6199951,35.4360578,138.6227417,35.4382955,candidate URL generated from official GSI tile scheme; existence/coverage not locally verified
DEM1A,~1 m,airborne laser,17,116006,51723,https://cyberjapandata.gsi.go.jp/xyz/dem1a_png/17/116006/51723.png,138.6199951,35.4338199,138.6227417,35.4360578,candidate URL generated from official GSI tile scheme; existence/coverage not locally verified
DEM1A,~1 m,airborne laser,17,116006,51724,https://cyberjapandata.gsi.go.jp/xyz/dem1a_png/17/116006/51724.png,138.6199951,35.431582,138.6227417,35.4338199,candidate URL generated from official GSI tile scheme; existence/coverage not locally verified
DEM1A,~1 m,airborne laser,17,116006,51725,https://cyberjapandata.gsi.go.jp/xyz/dem1a_png/17/116006/51725.png,138.6199951,35.429344,138.6227417,35.431582,candidate URL generated from official GSI tile scheme; existence/coverage not locally verified
DEM1A,~1 m,airborne laser,17,116007,51680,https://cyberjapandata.gsi.go.jp/xyz/dem1a_png/17/116007/51680.png,138.6227417,35.5299911,138.6254883,35.5322262,candidate URL generated from official GSI tile scheme; existence/coverage not locally verified
DEM1A,~1 m,airborne laser,17,116007,51681,https://cyberjapandata.gsi.go.jp/xyz/dem1a_png/17/116007/51681.png,138.6227417,35.5277558,138.6254883,35.5299911,candidate URL generated from official GSI tile scheme; existence/coverage not locally verified
DEM1A,~1 m,airborne laser,17,116007,51682,https://cyberjapandata.gsi.go.jp/xyz/dem1a_png/17/116007/51682.png,138.6227417,35.5255205,138.6254883,35.5277558,candidate URL generated from official GSI tile scheme; existence/coverage not locally verified
DEM1A,~1 m,airborne laser,17,116007,51683,https://cyberjapandata.gsi.go.jp/xyz/dem1a_png/17/116007/51683.png,138.6227417,35.5232852,138.6254883,35.5255205,candidate URL generated from official GSI tile scheme; existence/coverage not locally verified
DEM1A,~1 m,airborne laser,17,116007,51684,https://cyberjapandata.gsi.go.jp/xyz/dem1a_png/17/116007/51684.png,138.6227417,35.5210498,138.6254883,35.5232852,candidate URL generated from official GSI tile scheme; existence/coverage not locally verified
DEM1A,~1 m,airborne laser,17,116007,51685,https://cyberjapandata.gsi.go.jp/xyz/dem1a_png/17/116007/51685.png,138.6227417,35.5188143,138.6254883,35.5210498,candidate URL generated from official GSI tile scheme; existence/coverage not locally verified
DEM1A,~1 m,airborne laser,17,116007,51686,https://cyberjapandata.gsi.go.jp/xyz/dem1a_png/17/116007/51686.png,138.6227417,35.5165787,138.6254883,35.5188143,candidate URL generated from official GSI tile scheme; existence/coverage not locally verified
DEM1A,~1 m,airborne laser,17,116007,51687,https://cyberjapandata.gsi.go.jp/xyz/dem1a_png/17/116007/51687.png,138.6227417,35.5143431,138.6254883,35.5165787,candidate URL generated from official GSI tile scheme; existence/coverage not locally verified
DEM1A,~1 m,airborne laser,17,116007,51688,https://cyberjapandata.gsi.go.jp/xyz/dem1a_png/17/116007/51688.png,138.6227417,35.5121075,138.6254883,35.5143431,candidate URL generated from official GSI tile scheme; existence/coverage not locally verified
DEM1A,~1 m,airborne laser,17,116007,51689,https://cyberjapandata.gsi.go.jp/xyz/dem1a_png/17/116007/51689.png,138.6227417,35.5098717,138.6254883,35.5121075,candidate URL generated from official GSI tile scheme; existence/coverage not locally verified
DEM1A,~1 m,airborne laser,17,116007,51690,https://cyberjapandata.gsi.go.jp/xyz/dem1a_png/17/116007/51690.png,138.6227417,35.5076359,138.6254883,35.5098717,candidate URL generated from official GSI tile scheme; existence/coverage not locally verified
DEM1A,~1 m,airborne laser,17,116007,51691,https://cyberjapandata.gsi.go.jp/xyz/dem1a_png/17/116007/51691.png,138.6227417,35.5054001,138.6254883,35.5076359,candidate URL generated from official GSI tile scheme; existence/coverage not locally verified
DEM1A,~1 m,airborne laser,17,116007,51692,https://cyberjapandata.gsi.go.jp/xyz/dem1a_png/17/116007/51692.png,138.6227417,35.5031642,138.6254883,35.5054001,candidate URL generated from official GSI tile scheme; existence/coverage not locally verified
DEM1A,~1 m,airborne laser,17,116007,51693,https://cyberjapandata.gsi.go.jp/xyz/dem1a_png/17/116007/51693.png,138.6227417,35.5009282,138.6254883,35.5031642,candidate URL generated from official GSI tile scheme; existence/coverage not locally verified
DEM1A,~1 m,airborne laser,17,116007,51694,https://cyberjapandata.gsi.go.jp/xyz/dem1a_png/17/116007/51694.png,138.6227417,35.4986922,138.6254883,35.5009282,candidate URL generated from official GSI tile scheme; existence/coverage not locally verified
DEM1A,~1 m,airborne laser,17,116007,51695,https://cyberjapandata.gsi.go.jp/xyz/dem1a_png/17/116007/51695.png,138.6227417,35.4964561,138.6254883,35.4986922,candidate URL generated from official GSI tile scheme; existence/coverage not locally verified
DEM1A,~1 m,airborne laser,17,116007,51696,https://cyberjapandata.gsi.go.jp/xyz/dem1a_png/17/116007/51696.png,138.6227417,35.4942199,138.6254883,35.4964561,candidate URL generated from official GSI tile scheme; existence/coverage not locally verified
DEM1A,~1 m,airborne laser,17,116007,51697,https://cyberjapandata.gsi.go.jp/xyz/dem1a_png/17/116007/51697.png,138.6227417,35.4919837,138.6254883,35.4942199,candidate URL generated from official GSI tile scheme; existence/coverage not locally verified
DEM1A,~1 m,airborne laser,17,116007,51698,https://cyberjapandata.gsi.go.jp/xyz/dem1a_png/17/116007/51698.png,138.6227417,35.4897474,138.6254883,35.4919837,candidate URL generated from official GSI tile scheme; existence/coverage not locally verified
DEM1A,~1 m,airborne laser,17,116007,51699,https://cyberjapandata.gsi.go.jp/xyz/dem1a_png/17/116007/51699.png,138.6227417,35.487511,138.6254883,35.4897474,candidate URL generated from official GSI tile scheme; existence/coverage not locally verified
DEM1A,~1 m,airborne laser,17,116007,51700,https://cyberjapandata.gsi.go.jp/xyz/dem1a_png/17/116007/51700.png,138.6227417,35.4852746,138.6254883,35.487511,candidate URL generated from official GSI tile scheme; existence/coverage not locally verified
DEM1A,~1 m,airborne laser,17,116007,51701,https://cyberjapandata.gsi.go.jp/xyz/dem1a_png/17/116007/51701.png,138.6227417,35.4830381,138.6254883,35.4852746,candidate URL generated from official GSI tile scheme; existence/coverage not locally verified
DEM1A,~1 m,airborne laser,17,116007,51702,https://cyberjapandata.gsi.go.jp/xyz/dem1a_png/17/116007/51702.png,138.6227417,35.4808016,138.6254883,35.4830381,candidate URL generated from official GSI tile scheme; existence/coverage not locally verified
DEM1A,~1 m,airborne laser,17,116007,51703,https://cyberjapandata.gsi.go.jp/xyz/dem1a_png/17/116007/51703.png,138.6227417,35.478565,138.6254883,35.4808016,candidate URL generated from official GSI tile scheme; existence/coverage not locally verified
DEM1A,~1 m,airborne laser,17,116007,51704,https://cyberjapandata.gsi.go.jp/xyz/dem1a_png/17/116007/51704.png,138.6227417,35.4763283,138.6254883,35.478565,candidate URL generated from official GSI tile scheme; existence/coverage not locally verified
DEM1A,~1 m,airborne laser,17,116007,51705,https://cyberjapandata.gsi.go.jp/xyz/dem1a_png/17/116007/51705.png,138.6227417,35.4740916,138.6254883,35.4763283,candidate URL generated from official GSI tile scheme; existence/coverage not locally verified
DEM1A,~1 m,airborne laser,17,116007,51706,https://cyberjapandata.gsi.go.jp/xyz/dem1a_png/17/116007/51706.png,138.6227417,35.4718548,138.6254883,35.4740916,candidate URL generated from official GSI tile scheme; existence/coverage not locally verified
DEM1A,~1 m,airborne laser,17,116007,51707,https://cyberjapandata.gsi.go.jp/xyz/dem1a_png/17/116007/51707.png,138.6227417,35.469618,138.6254883,35.4718548,candidate URL generated from official GSI tile scheme; existence/coverage not locally verified
DEM1A,~1 m,airborne laser,17,116007,51708,https://cyberjapandata.gsi.go.jp/xyz/dem1a_png/17/116007/51708.png,138.6227417,35.4673811,138.6254883,35.469618,candidate URL generated from official GSI tile scheme; existence/coverage not locally verified
DEM1A,~1 m,airborne laser,17,116007,51709,https://cyberjapandata.gsi.go.jp/xyz/dem1a_png/17/116007/51709.png,138.6227417,35.4651441,138.6254883,35.4673811,candidate URL generated from official GSI tile scheme; existence/coverage not locally verified
DEM1A,~1 m,airborne laser,17,116007,51710,https://cyberjapandata.gsi.go.jp/xyz/dem1a_png/17/116007/51710.png,138.6227417,35.462907,138.6254883,35.4651441,candidate URL generated from official GSI tile scheme; existence/coverage not locally verified
DEM1A,~1 m,airborne laser,17,116007,51711,https://cyberjapandata.gsi.go.jp/xyz/dem1a_png/17/116007/51711.png,138.6227417,35.46067,138.6254883,35.462907,candidate URL generated from official GSI tile scheme; existence/coverage not locally verified
DEM1A,~1 m,airborne laser,17,116007,51712,https://cyberjapandata.gsi.go.jp/xyz/dem1a_png/17/116007/51712.png,138.6227417,35.4584328,138.6254883,35.46067,candidate URL generated from official GSI tile scheme; existence/coverage not locally verified
DEM1A,~1 m,airborne laser,17,116007,51713,https://cyberjapandata.gsi.go.jp/xyz/dem1a_png/17/116007/51713.png,138.6227417,35.4561956,138.6254883,35.4584328,candidate URL generated from official GSI tile scheme; existence/coverage not locally verified
DEM1A,~1 m,airborne laser,17,116007,51714,https://cyberjapandata.gsi.go.jp/xyz/dem1a_png/17/116007/51714.png,138.6227417,35.4539583,138.6254883,35.4561956,candidate URL generated from official GSI tile scheme; existence/coverage not locally verified
DEM1A,~1 m,airborne laser,17,116007,51715,https://cyberjapandata.gsi.go.jp/xyz/dem1a_png/17/116007/51715.png,138.6227417,35.4517209,138.6254883,35.4539583,candidate URL generated from official GSI tile scheme; existence/coverage not locally verified
DEM1A,~1 m,airborne laser,17,116007,51716,https://cyberjapandata.gsi.go.jp/xyz/dem1a_png/17/116007/51716.png,138.6227417,35.4494835,138.6254883,35.4517209,candidate URL generated from official GSI tile scheme; existence/coverage not locally verified
DEM1A,~1 m,airborne laser,17,116007,51717,https://cyberjapandata.gsi.go.jp/xyz/dem1a_png/17/116007/51717.png,138.6227417,35.4472461,138.6254883,35.4494835,candidate URL generated from official GSI tile scheme; existence/coverage not locally verified
DEM1A,~1 m,airborne laser,17,116007,51718,https://cyberjapandata.gsi.go.jp/xyz/dem1a_png/17/116007/51718.png,138.6227417,35.4450085,138.6254883,35.4472461,candidate URL generated from official GSI tile scheme; existence/coverage not locally verified
DEM1A,~1 m,airborne laser,17,116007,51719,https://cyberjapandata.gsi.go.jp/xyz/dem1a_png/17/116007/51719.png,138.6227417,35.4427709,138.6254883,35.4450085,candidate URL generated from official GSI tile scheme; existence/coverage not locally verified
DEM1A,~1 m,airborne laser,17,116007,51720,https://cyberjapandata.gsi.go.jp/xyz/dem1a_png/17/116007/51720.png,138.6227417,35.4405333,138.6254883,35.4427709,candidate URL generated from official GSI tile scheme; existence/coverage not locally verified
DEM1A,~1 m,airborne laser,17,116007,51721,https://cyberjapandata.gsi.go.jp/xyz/dem1a_png/17/116007/51721.png,138.6227417,35.4382955,138.6254883,35.4405333,candidate URL generated from official GSI tile scheme; existence/coverage not locally verified
DEM1A,~1 m,airborne laser,17,116007,51722,https://cyberjapandata.gsi.go.jp/xyz/dem1a_png/17/116007/51722.png,138.6227417,35.4360578,138.6254883,35.4382955,candidate URL generated from official GSI tile scheme; existence/coverage not locally verified
DEM1A,~1 m,airborne laser,17,116007,51723,https://cyberjapandata.gsi.go.jp/xyz/dem1a_png/17/116007/51723.png,138.6227417,35.4338199,138.6254883,35.4360578,candidate URL generated from official GSI tile scheme; existence/coverage not locally verified
DEM1A,~1 m,airborne laser,17,116007,51724,https://cyberjapandata.gsi.go.jp/xyz/dem1a_png/17/116007/51724.png,138.6227417,35.431582,138.6254883,35.4338199,candidate URL generated from official GSI tile scheme; existence/coverage not locally verified
DEM1A,~1 m,airborne laser,17,116007,51725,https://cyberjapandata.gsi.go.jp/xyz/dem1a_png/17/116007/51725.png,138.6227417,35.429344,138.6254883,35.431582,candidate URL generated from official GSI tile scheme; existence/coverage not locally verified
DEM1A,~1 m,airborne laser,17,116008,51680,https://cyberjapandata.gsi.go.jp/xyz/dem1a_png/17/116008/51680.png,138.6254883,35.5299911,138.6282349,35.5322262,candidate URL generated from official GSI tile scheme; existence/coverage not locally verified
DEM1A,~1 m,airborne laser,17,116008,51681,https://cyberjapandata.gsi.go.jp/xyz/dem1a_png/17/116008/51681.png,138.6254883,35.5277558,138.6282349,35.5299911,candidate URL generated from official GSI tile scheme; existence/coverage not locally verified
DEM1A,~1 m,airborne laser,17,116008,51682,https://cyberjapandata.gsi.go.jp/xyz/dem1a_png/17/116008/51682.png,138.6254883,35.5255205,138.6282349,35.5277558,candidate URL generated from official GSI tile scheme; existence/coverage not locally verified
DEM1A,~1 m,airborne laser,17,116008,51683,https://cyberjapandata.gsi.go.jp/xyz/dem1a_png/17/116008/51683.png,138.6254883,35.5232852,138.6282349,35.5255205,candidate URL generated from official GSI tile scheme; existence/coverage not locally verified
DEM1A,~1 m,airborne laser,17,116008,51684,https://cyberjapandata.gsi.go.jp/xyz/dem1a_png/17/116008/51684.png,138.6254883,35.5210498,138.6282349,35.5232852,candidate URL generated from official GSI tile scheme; existence/coverage not locally verified
DEM1A,~1 m,airborne laser,17,116008,51685,https://cyberjapandata.gsi.go.jp/xyz/dem1a_png/17/116008/51685.png,138.6254883,35.5188143,138.6282349,35.5210498,candidate URL generated from official GSI tile scheme; existence/coverage not locally verified
DEM1A,~1 m,airborne laser,17,116008,51686,https://cyberjapandata.gsi.go.jp/xyz/dem1a_png/17/116008/51686.png,138.6254883,35.5165787,138.6282349,35.5188143,candidate URL generated from official GSI tile scheme; existence/coverage not locally verified
DEM1A,~1 m,airborne laser,17,116008,51687,https://cyberjapandata.gsi.go.jp/xyz/dem1a_png/17/116008/51687.png,138.6254883,35.5143431,138.6282349,35.5165787,candidate URL generated from official GSI tile scheme; existence/coverage not locally verified
DEM1A,~1 m,airborne laser,17,116008,51688,https://cyberjapandata.gsi.go.jp/xyz/dem1a_png/17/116008/51688.png,138.6254883,35.5121075,138.6282349,35.5143431,candidate URL generated from official GSI tile scheme; existence/coverage not locally verified
DEM1A,~1 m,airborne laser,17,116008,51689,https://cyberjapandata.gsi.go.jp/xyz/dem1a_png/17/116008/51689.png,138.6254883,35.5098717,138.6282349,35.5121075,candidate URL generated from official GSI tile scheme; existence/coverage not locally verified
DEM1A,~1 m,airborne laser,17,116008,51690,https://cyberjapandata.gsi.go.jp/xyz/dem1a_png/17/116008/51690.png,138.6254883,35.5076359,138.6282349,35.5098717,candidate URL generated from official GSI tile scheme; existence/coverage not locally verified
DEM1A,~1 m,airborne laser,17,116008,51691,https://cyberjapandata.gsi.go.jp/xyz/dem1a_png/17/116008/51691.png,138.6254883,35.5054001,138.6282349,35.5076359,candidate URL generated from official GSI tile scheme; existence/coverage not locally verified
DEM1A,~1 m,airborne laser,17,116008,51692,https://cyberjapandata.gsi.go.jp/xyz/dem1a_png/17/116008/51692.png,138.6254883,35.5031642,138.6282349,35.5054001,candidate URL generated from official GSI tile scheme; existence/coverage not locally verified
DEM1A,~1 m,airborne laser,17,116008,51693,https://cyberjapandata.gsi.go.jp/xyz/dem1a_png/17/116008/51693.png,138.6254883,35.5009282,138.6282349,35.5031642,candidate URL generated from official GSI tile scheme; existence/coverage not locally verified
DEM1A,~1 m,airborne laser,17,116008,51694,https://cyberjapandata.gsi.go.jp/xyz/dem1a_png/17/116008/51694.png,138.6254883,35.4986922,138.6282349,35.5009282,candidate URL generated from official GSI tile scheme; existence/coverage not locally verified
DEM1A,~1 m,airborne laser,17,116008,51695,https://cyberjapandata.gsi.go.jp/xyz/dem1a_png/17/116008/51695.png,138.6254883,35.4964561,138.6282349,35.4986922,candidate URL generated from official GSI tile scheme; existence/coverage not locally verified
DEM1A,~1 m,airborne laser,17,116008,51696,https://cyberjapandata.gsi.go.jp/xyz/dem1a_png/17/116008/51696.png,138.6254883,35.4942199,138.6282349,35.4964561,candidate URL generated from official GSI tile scheme; existence/coverage not locally verified
DEM1A,~1 m,airborne laser,17,116008,51697,https://cyberjapandata.gsi.go.jp/xyz/dem1a_png/17/116008/51697.png,138.6254883,35.4919837,138.6282349,35.4942199,candidate URL generated from official GSI tile scheme; existence/coverage not locally verified
DEM1A,~1 m,airborne laser,17,116008,51698,https://cyberjapandata.gsi.go.jp/xyz/dem1a_png/17/116008/51698.png,138.6254883,35.4897474,138.6282349,35.4919837,candidate URL generated from official GSI tile scheme; existence/coverage not locally verified
DEM1A,~1 m,airborne laser,17,116008,51699,https://cyberjapandata.gsi.go.jp/xyz/dem1a_png/17/116008/51699.png,138.6254883,35.487511,138.6282349,35.4897474,candidate URL generated from official GSI tile scheme; existence/coverage not locally verified
DEM1A,~1 m,airborne laser,17,116008,51700,https://cyberjapandata.gsi.go.jp/xyz/dem1a_png/17/116008/51700.png,138.6254883,35.4852746,138.6282349,35.487511,candidate URL generated from official GSI tile scheme; existence/coverage not locally verified
DEM1A,~1 m,airborne laser,17,116008,51701,https://cyberjapandata.gsi.go.jp/xyz/dem1a_png/17/116008/51701.png,138.6254883,35.4830381,138.6282349,35.4852746,candidate URL generated from official GSI tile scheme; existence/coverage not locally verified
DEM1A,~1 m,airborne laser,17,116008,51702,https://cyberjapandata.gsi.go.jp/xyz/dem1a_png/17/116008/51702.png,138.6254883,35.4808016,138.6282349,35.4830381,candidate URL generated from official GSI tile scheme; existence/coverage not locally verified
DEM1A,~1 m,airborne laser,17,116008,51703,https://cyberjapandata.gsi.go.jp/xyz/dem1a_png/17/116008/51703.png,138.6254883,35.478565,138.6282349,35.4808016,candidate URL generated from official GSI tile scheme; existence/coverage not locally verified
DEM1A,~1 m,airborne laser,17,116008,51704,https://cyberjapandata.gsi.go.jp/xyz/dem1a_png/17/116008/51704.png,138.6254883,35.4763283,138.6282349,35.478565,candidate URL generated from official GSI tile scheme; existence/coverage not locally verified
DEM1A,~1 m,airborne laser,17,116008,51705,https://cyberjapandata.gsi.go.jp/xyz/dem1a_png/17/116008/51705.png,138.6254883,35.4740916,138.6282349,35.4763283,candidate URL generated from official GSI tile scheme; existence/coverage not locally verified
DEM1A,~1 m,airborne laser,17,116008,51706,https://cyberjapandata.gsi.go.jp/xyz/dem1a_png/17/116008/51706.png,138.6254883,35.4718548,138.6282349,35.4740916,candidate URL generated from official GSI tile scheme; existence/coverage not locally verified
DEM1A,~1 m,airborne laser,17,116008,51707,https://cyberjapandata.gsi.go.jp/xyz/dem1a_png/17/116008/51707.png,138.6254883,35.469618,138.6282349,35.4718548,candidate URL generated from official GSI tile scheme; existence/coverage not locally verified
DEM1A,~1 m,airborne laser,17,116008,51708,https://cyberjapandata.gsi.go.jp/xyz/dem1a_png/17/116008/51708.png,138.6254883,35.4673811,138.6282349,35.469618,candidate URL generated from official GSI tile scheme; existence/coverage not locally verified
DEM1A,~1 m,airborne laser,17,116008,51709,https://cyberjapandata.gsi.go.jp/xyz/dem1a_png/17/116008/51709.png,138.6254883,35.4651441,138.6282349,35.4673811,candidate URL generated from official GSI tile scheme; existence/coverage not locally verified
DEM1A,~1 m,airborne laser,17,116008,51710,https://cyberjapandata.gsi.go.jp/xyz/dem1a_png/17/116008/51710.png,138.6254883,35.462907,138.6282349,35.4651441,candidate URL generated from official GSI tile scheme; existence/coverage not locally verified
DEM1A,~1 m,airborne laser,17,116008,51711,https://cyberjapandata.gsi.go.jp/xyz/dem1a_png/17/116008/51711.png,138.6254883,35.46067,138.6282349,35.462907,candidate URL generated from official GSI tile scheme; existence/coverage not locally verified
DEM1A,~1 m,airborne laser,17,116008,51712,https://cyberjapandata.gsi.go.jp/xyz/dem1a_png/17/116008/51712.png,138.6254883,35.4584328,138.6282349,35.46067,candidate URL generated from official GSI tile scheme; existence/coverage not locally verified
DEM1A,~1 m,airborne laser,17,116008,51713,https://cyberjapandata.gsi.go.jp/xyz/dem1a_png/17/116008/51713.png,138.6254883,35.4561956,138.6282349,35.4584328,candidate URL generated from official GSI tile scheme; existence/coverage not locally verified
DEM1A,~1 m,airborne laser,17,116008,51714,https://cyberjapandata.gsi.go.jp/xyz/dem1a_png/17/116008/51714.png,138.6254883,35.4539583,138.6282349,35.4561956,candidate URL generated from official GSI tile scheme; existence/coverage not locally verified
DEM1A,~1 m,airborne laser,17,116008,51715,https://cyberjapandata.gsi.go.jp/xyz/dem1a_png/17/116008/51715.png,138.6254883,35.4517209,138.6282349,35.4539583,candidate URL generated from official GSI tile scheme; existence/coverage not locally verified
DEM1A,~1 m,airborne laser,17,116008,51716,https://cyberjapandata.gsi.go.jp/xyz/dem1a_png/17/116008/51716.png,138.6254883,35.4494835,138.6282349,35.4517209,candidate URL generated from official GSI tile scheme; existence/coverage not locally verified
DEM1A,~1 m,airborne laser,17,116008,51717,https://cyberjapandata.gsi.go.jp/xyz/dem1a_png/17/116008/51717.png,138.6254883,35.4472461,138.6282349,35.4494835,candidate URL generated from official GSI tile scheme; existence/coverage not locally verified
DEM1A,~1 m,airborne laser,17,116008,51718,https://cyberjapandata.gsi.go.jp/xyz/dem1a_png/17/116008/51718.png,138.6254883,35.4450085,138.6282349,35.4472461,candidate URL generated from official GSI tile scheme; existence/coverage not locally verified
DEM1A,~1 m,airborne laser,17,116008,51719,https://cyberjapandata.gsi.go.jp/xyz/dem1a_png/17/116008/51719.png,138.6254883,35.4427709,138.6282349,35.4450085,candidate URL generated from official GSI tile scheme; existence/coverage not locally verified
DEM1A,~1 m,airborne laser,17,116008,51720,https://cyberjapandata.gsi.go.jp/xyz/dem1a_png/17/116008/51720.png,138.6254883,35.4405333,138.6282349,35.4427709,candidate URL generated from official GSI tile scheme; existence/coverage not locally verified
DEM1A,~1 m,airborne laser,17,116008,51721,https://cyberjapandata.gsi.go.jp/xyz/dem1a_png/17/116008/51721.png,138.6254883,35.4382955,138.6282349,35.4405333,candidate URL generated from official GSI tile scheme; existence/coverage not locally verified
DEM1A,~1 m,airborne laser,17,116008,51722,https://cyberjapandata.gsi.go.jp/xyz/dem1a_png/17/116008/51722.png,138.6254883,35.4360578,138.6282349,35.4382955,candidate URL generated from official GSI tile scheme; existence/coverage not locally verified
DEM1A,~1 m,airborne laser,17,116008,51723,https://cyberjapandata.gsi.go.jp/xyz/dem1a_png/17/116008/51723.png,138.6254883,35.4338199,138.6282349,35.4360578,candidate URL generated from official GSI tile scheme; existence/coverage not locally verified
DEM1A,~1 m,airborne laser,17,116008,51724,https://cyberjapandata.gsi.go.jp/xyz/dem1a_png/17/116008/51724.png,138.6254883,35.431582,138.6282349,35.4338199,candidate URL generated from official GSI tile scheme; existence/coverage not locally verified
DEM1A,~1 m,airborne laser,17,116008,51725,https://cyberjapandata.gsi.go.jp/xyz/dem1a_png/17/116008/51725.png,138.6254883,35.429344,138.6282349,35.431582,candidate URL generated from official GSI tile scheme; existence/coverage not locally verified
DEM1A,~1 m,airborne laser,17,116009,51680,https://cyberjapandata.gsi.go.jp/xyz/dem1a_png/17/116009/51680.png,138.6282349,35.5299911,138.6309814,35.5322262,candidate URL generated from official GSI tile scheme; existence/coverage not locally verified
DEM1A,~1 m,airborne laser,17,116009,51681,https://cyberjapandata.gsi.go.jp/xyz/dem1a_png/17/116009/51681.png,138.6282349,35.5277558,138.6309814,35.5299911,candidate URL generated from official GSI tile scheme; existence/coverage not locally verified
DEM1A,~1 m,airborne laser,17,116009,51682,https://cyberjapandata.gsi.go.jp/xyz/dem1a_png/17/116009/51682.png,138.6282349,35.5255205,138.6309814,35.5277558,candidate URL generated from official GSI tile scheme; existence/coverage not locally verified
DEM1A,~1 m,airborne laser,17,116009,51683,https://cyberjapandata.gsi.go.jp/xyz/dem1a_png/17/116009/51683.png,138.6282349,35.5232852,138.6309814,35.5255205,candidate URL generated from official GSI tile scheme; existence/coverage not locally verified
DEM1A,~1 m,airborne laser,17,116009,51684,https://cyberjapandata.gsi.go.jp/xyz/dem1a_png/17/116009/51684.png,138.6282349,35.5210498,138.6309814,35.5232852,candidate URL generated from official GSI tile scheme; existence/coverage not locally verified
DEM1A,~1 m,airborne laser,17,116009,51685,https://cyberjapandata.gsi.go.jp/xyz/dem1a_png/17/116009/51685.png,138.6282349,35.5188143,138.6309814,35.5210498,candidate URL generated from official GSI tile scheme; existence/coverage not locally verified
DEM1A,~1 m,airborne laser,17,116009,51686,https://cyberjapandata.gsi.go.jp/xyz/dem1a_png/17/116009/51686.png,138.6282349,35.5165787,138.6309814,35.5188143,candidate URL generated from official GSI tile scheme; existence/coverage not locally verified
DEM1A,~1 m,airborne laser,17,116009,51687,https://cyberjapandata.gsi.go.jp/xyz/dem1a_png/17/116009/51687.png,138.6282349,35.5143431,138.6309814,35.5165787,candidate URL generated from official GSI tile scheme; existence/coverage not locally verified
DEM1A,~1 m,airborne laser,17,116009,51688,https://cyberjapandata.gsi.go.jp/xyz/dem1a_png/17/116009/51688.png,138.6282349,35.5121075,138.6309814,35.5143431,candidate URL generated from official GSI tile scheme; existence/coverage not locally verified
DEM1A,~1 m,airborne laser,17,116009,51689,https://cyberjapandata.gsi.go.jp/xyz/dem1a_png/17/116009/51689.png,138.6282349,35.5098717,138.6309814,35.5121075,candidate URL generated from official GSI tile scheme; existence/coverage not locally verified
DEM1A,~1 m,airborne laser,17,116009,51690,https://cyberjapandata.gsi.go.jp/xyz/dem1a_png/17/116009/51690.png,138.6282349,35.5076359,138.6309814,35.5098717,candidate URL generated from official GSI tile scheme; existence/coverage not locally verified
DEM1A,~1 m,airborne laser,17,116009,51691,https://cyberjapandata.gsi.go.jp/xyz/dem1a_png/17/116009/51691.png,138.6282349,35.5054001,138.6309814,35.5076359,candidate URL generated from official GSI tile scheme; existence/coverage not locally verified
DEM1A,~1 m,airborne laser,17,116009,51692,https://cyberjapandata.gsi.go.jp/xyz/dem1a_png/17/116009/51692.png,138.6282349,35.5031642,138.6309814,35.5054001,candidate URL generated from official GSI tile scheme; existence/coverage not locally verified
DEM1A,~1 m,airborne laser,17,116009,51693,https://cyberjapandata.gsi.go.jp/xyz/dem1a_png/17/116009/51693.png,138.6282349,35.5009282,138.6309814,35.5031642,candidate URL generated from official GSI tile scheme; existence/coverage not locally verified
DEM1A,~1 m,airborne laser,17,116009,51694,https://cyberjapandata.gsi.go.jp/xyz/dem1a_png/17/116009/51694.png,138.6282349,35.4986922,138.6309814,35.5009282,candidate URL generated from official GSI tile scheme; existence/coverage not locally verified
DEM1A,~1 m,airborne laser,17,116009,51695,https://cyberjapandata.gsi.go.jp/xyz/dem1a_png/17/116009/51695.png,138.6282349,35.4964561,138.6309814,35.4986922,candidate URL generated from official GSI tile scheme; existence/coverage not locally verified
DEM1A,~1 m,airborne laser,17,116009,51696,https://cyberjapandata.gsi.go.jp/xyz/dem1a_png/17/116009/51696.png,138.6282349,35.4942199,138.6309814,35.4964561,candidate URL generated from official GSI tile scheme; existence/coverage not locally verified
DEM1A,~1 m,airborne laser,17,116009,51697,https://cyberjapandata.gsi.go.jp/xyz/dem1a_png/17/116009/51697.png,138.6282349,35.4919837,138.6309814,35.4942199,candidate URL generated from official GSI tile scheme; existence/coverage not locally verified
DEM1A,~1 m,airborne laser,17,116009,51698,https://cyberjapandata.gsi.go.jp/xyz/dem1a_png/17/116009/51698.png,138.6282349,35.4897474,138.6309814,35.4919837,candidate URL generated from official GSI tile scheme; existence/coverage not locally verified
DEM1A,~1 m,airborne laser,17,116009,51699,https://cyberjapandata.gsi.go.jp/xyz/dem1a_png/17/116009/51699.png,138.6282349,35.487511,138.6309814,35.4897474,candidate URL generated from official GSI tile scheme; existence/coverage not locally verified
DEM1A,~1 m,airborne laser,17,116009,51700,https://cyberjapandata.gsi.go.jp/xyz/dem1a_png/17/116009/51700.png,138.6282349,35.4852746,138.6309814,35.487511,candidate URL generated from official GSI tile scheme; existence/coverage not locally verified
DEM1A,~1 m,airborne laser,17,116009,51701,https://cyberjapandata.gsi.go.jp/xyz/dem1a_png/17/116009/51701.png,138.6282349,35.4830381,138.6309814,35.4852746,candidate URL generated from official GSI tile scheme; existence/coverage not locally verified
DEM1A,~1 m,airborne laser,17,116009,51702,https://cyberjapandata.gsi.go.jp/xyz/dem1a_png/17/116009/51702.png,138.6282349,35.4808016,138.6309814,35.4830381,candidate URL generated from official GSI tile scheme; existence/coverage not locally verified
DEM1A,~1 m,airborne laser,17,116009,51703,https://cyberjapandata.gsi.go.jp/xyz/dem1a_png/17/116009/51703.png,138.6282349,35.478565,138.6309814,35.4808016,candidate URL generated from official GSI tile scheme; existence/coverage not locally verified
DEM1A,~1 m,airborne laser,17,116009,51704,https://cyberjapandata.gsi.go.jp/xyz/dem1a_png/17/116009/51704.png,138.6282349,35.4763283,138.6309814,35.478565,candidate URL generated from official GSI tile scheme; existence/coverage not locally verified
DEM1A,~1 m,airborne laser,17,116009,51705,https://cyberjapandata.gsi.go.jp/xyz/dem1a_png/17/116009/51705.png,138.6282349,35.4740916,138.6309814,35.4763283,candidate URL generated from official GSI tile scheme; existence/coverage not locally verified
DEM1A,~1 m,airborne laser,17,116009,51706,https://cyberjapandata.gsi.go.jp/xyz/dem1a_png/17/116009/51706.png,138.6282349,35.4718548,138.6309814,35.4740916,candidate URL generated from official GSI tile scheme; existence/coverage not locally verified
DEM1A,~1 m,airborne laser,17,116009,51707,https://cyberjapandata.gsi.go.jp/xyz/dem1a_png/17/116009/51707.png,138.6282349,35.469618,138.6309814,35.4718548,candidate URL generated from official GSI tile scheme; existence/coverage not locally verified
DEM1A,~1 m,airborne laser,17,116009,51708,https://cyberjapandata.gsi.go.jp/xyz/dem1a_png/17/116009/51708.png,138.6282349,35.4673811,138.6309814,35.469618,candidate URL generated from official GSI tile scheme; existence/coverage not locally verified
DEM1A,~1 m,airborne laser,17,116009,51709,https://cyberjapandata.gsi.go.jp/xyz/dem1a_png/17/116009/51709.png,138.6282349,35.4651441,138.6309814,35.4673811,candidate URL generated from official GSI tile scheme; existence/coverage not locally verified
DEM1A,~1 m,airborne laser,17,116009,51710,https://cyberjapandata.gsi.go.jp/xyz/dem1a_png/17/116009/51710.png,138.6282349,35.462907,138.6309814,35.4651441,candidate URL generated from official GSI tile scheme; existence/coverage not locally verified
DEM1A,~1 m,airborne laser,17,116009,51711,https://cyberjapandata.gsi.go.jp/xyz/dem1a_png/17/116009/51711.png,138.6282349,35.46067,138.6309814,35.462907,candidate URL generated from official GSI tile scheme; existence/coverage not locally verified
DEM1A,~1 m,airborne laser,17,116009,51712,https://cyberjapandata.gsi.go.jp/xyz/dem1a_png/17/116009/51712.png,138.6282349,35.4584328,138.6309814,35.46067,candidate URL generated from official GSI tile scheme; existence/coverage not locally verified
DEM1A,~1 m,airborne laser,17,116009,51713,https://cyberjapandata.gsi.go.jp/xyz/dem1a_png/17/116009/51713.png,138.6282349,35.4561956,138.6309814,35.4584328,candidate URL generated from official GSI tile scheme; existence/coverage not locally verified
DEM1A,~1 m,airborne laser,17,116009,51714,https://cyberjapandata.gsi.go.jp/xyz/dem1a_png/17/116009/51714.png,138.6282349,35.4539583,138.6309814,35.4561956,candidate URL generated from official GSI tile scheme; existence/coverage not locally verified
DEM1A,~1 m,airborne laser,17,116009,51715,https://cyberjapandata.gsi.go.jp/xyz/dem1a_png/17/116009/51715.png,138.6282349,35.4517209,138.6309814,35.4539583,candidate URL generated from official GSI tile scheme; existence/coverage not locally verified
DEM1A,~1 m,airborne laser,17,116009,51716,https://cyberjapandata.gsi.go.jp/xyz/dem1a_png/17/116009/51716.png,138.6282349,35.4494835,138.6309814,35.4517209,candidate URL generated from official GSI tile scheme; existence/coverage not locally verified
DEM1A,~1 m,airborne laser,17,116009,51717,https://cyberjapandata.gsi.go.jp/xyz/dem1a_png/17/116009/51717.png,138.6282349,35.4472461,138.6309814,35.4494835,candidate URL generated from official GSI tile scheme; existence/coverage not locally verified
DEM1A,~1 m,airborne laser,17,116009,51718,https://cyberjapandata.gsi.go.jp/xyz/dem1a_png/17/116009/51718.png,138.6282349,35.4450085,138.6309814,35.4472461,candidate URL generated from official GSI tile scheme; existence/coverage not locally verified
DEM1A,~1 m,airborne laser,17,116009,51719,https://cyberjapandata.gsi.go.jp/xyz/dem1a_png/17/116009/51719.png,138.6282349,35.4427709,138.6309814,35.4450085,candidate URL generated from official GSI tile scheme; existence/coverage not locally verified
DEM1A,~1 m,airborne laser,17,116009,51720,https://cyberjapandata.gsi.go.jp/xyz/dem1a_png/17/116009/51720.png,138.6282349,35.4405333,138.6309814,35.4427709,candidate URL generated from official GSI tile scheme; existence/coverage not locally verified
DEM1A,~1 m,airborne laser,17,116009,51721,https://cyberjapandata.gsi.go.jp/xyz/dem1a_png/17/116009/51721.png,138.6282349,35.4382955,138.6309814,35.4405333,candidate URL generated from official GSI tile scheme; existence/coverage not locally verified
DEM1A,~1 m,airborne laser,17,116009,51722,https://cyberjapandata.gsi.go.jp/xyz/dem1a_png/17/116009/51722.png,138.6282349,35.4360578,138.6309814,35.4382955,candidate URL generated from official GSI tile scheme; existence/coverage not locally verified
DEM1A,~1 m,airborne laser,17,116009,51723,https://cyberjapandata.gsi.go.jp/xyz/dem1a_png/17/116009/51723.png,138.6282349,35.4338199,138.6309814,35.4360578,candidate URL generated from official GSI tile scheme; existence/coverage not locally verified
DEM1A,~1 m,airborne laser,17,116009,51724,https://cyberjapandata.gsi.go.jp/xyz/dem1a_png/17/116009/51724.png,138.6282349,35.431582,138.6309814,35.4338199,candidate URL generated from official GSI tile scheme; existence/coverage not locally verified
DEM1A,~1 m,airborne laser,17,116009,51725,https://cyberjapandata.gsi.go.jp/xyz/dem1a_png/17/116009/51725.png,138.6282349,35.429344,138.6309814,35.431582,candidate URL generated from official GSI tile scheme; existence/coverage not locally verified
DEM1A,~1 m,airborne laser,17,116010,51680,https://cyberjapandata.gsi.go.jp/xyz/dem1a_png/17/116010/51680.png,138.6309814,35.5299911,138.633728,35.5322262,candidate URL generated from official GSI tile scheme; existence/coverage not locally verified
DEM1A,~1 m,airborne laser,17,116010,51681,https://cyberjapandata.gsi.go.jp/xyz/dem1a_png/17/116010/51681.png,138.6309814,35.5277558,138.633728,35.5299911,candidate URL generated from official GSI tile scheme; existence/coverage not locally verified
DEM1A,~1 m,airborne laser,17,116010,51682,https://cyberjapandata.gsi.go.jp/xyz/dem1a_png/17/116010/51682.png,138.6309814,35.5255205,138.633728,35.5277558,candidate URL generated from official GSI tile scheme; existence/coverage not locally verified
DEM1A,~1 m,airborne laser,17,116010,51683,https://cyberjapandata.gsi.go.jp/xyz/dem1a_png/17/116010/51683.png,138.6309814,35.5232852,138.633728,35.5255205,candidate URL generated from official GSI tile scheme; existence/coverage not locally verified
DEM1A,~1 m,airborne laser,17,116010,51684,https://cyberjapandata.gsi.go.jp/xyz/dem1a_png/17/116010/51684.png,138.6309814,35.5210498,138.633728,35.5232852,candidate URL generated from official GSI tile scheme; existence/coverage not locally verified
DEM1A,~1 m,airborne laser,17,116010,51685,https://cyberjapandata.gsi.go.jp/xyz/dem1a_png/17/116010/51685.png,138.6309814,35.5188143,138.633728,35.5210498,candidate URL generated from official GSI tile scheme; existence/coverage not locally verified
DEM1A,~1 m,airborne laser,17,116010,51686,https://cyberjapandata.gsi.go.jp/xyz/dem1a_png/17/116010/51686.png,138.6309814,35.5165787,138.633728,35.5188143,candidate URL generated from official GSI tile scheme; existence/coverage not locally verified
DEM1A,~1 m,airborne laser,17,116010,51687,https://cyberjapandata.gsi.go.jp/xyz/dem1a_png/17/116010/51687.png,138.6309814,35.5143431,138.633728,35.5165787,candidate URL generated from official GSI tile scheme; existence/coverage not locally verified
DEM1A,~1 m,airborne laser,17,116010,51688,https://cyberjapandata.gsi.go.jp/xyz/dem1a_png/17/116010/51688.png,138.6309814,35.5121075,138.633728,35.5143431,candidate URL generated from official GSI tile scheme; existence/coverage not locally verified
DEM1A,~1 m,airborne laser,17,116010,51689,https://cyberjapandata.gsi.go.jp/xyz/dem1a_png/17/116010/51689.png,138.6309814,35.5098717,138.633728,35.5121075,candidate URL generated from official GSI tile scheme; existence/coverage not locally verified
DEM1A,~1 m,airborne laser,17,116010,51690,https://cyberjapandata.gsi.go.jp/xyz/dem1a_png/17/116010/51690.png,138.6309814,35.5076359,138.633728,35.5098717,candidate URL generated from official GSI tile scheme; existence/coverage not locally verified
DEM1A,~1 m,airborne laser,17,116010,51691,https://cyberjapandata.gsi.go.jp/xyz/dem1a_png/17/116010/51691.png,138.6309814,35.5054001,138.633728,35.5076359,candidate URL generated from official GSI tile scheme; existence/coverage not locally verified
DEM1A,~1 m,airborne laser,17,116010,51692,https://cyberjapandata.gsi.go.jp/xyz/dem1a_png/17/116010/51692.png,138.6309814,35.5031642,138.633728,35.5054001,candidate URL generated from official GSI tile scheme; existence/coverage not locally verified
DEM1A,~1 m,airborne laser,17,116010,51693,https://cyberjapandata.gsi.go.jp/xyz/dem1a_png/17/116010/51693.png,138.6309814,35.5009282,138.633728,35.5031642,candidate URL generated from official GSI tile scheme; existence/coverage not locally verified
DEM1A,~1 m,airborne laser,17,116010,51694,https://cyberjapandata.gsi.go.jp/xyz/dem1a_png/17/116010/51694.png,138.6309814,35.4986922,138.633728,35.5009282,candidate URL generated from official GSI tile scheme; existence/coverage not locally verified
DEM1A,~1 m,airborne laser,17,116010,51695,https://cyberjapandata.gsi.go.jp/xyz/dem1a_png/17/116010/51695.png,138.6309814,35.4964561,138.633728,35.4986922,candidate URL generated from official GSI tile scheme; existence/coverage not locally verified
DEM1A,~1 m,airborne laser,17,116010,51696,https://cyberjapandata.gsi.go.jp/xyz/dem1a_png/17/116010/51696.png,138.6309814,35.4942199,138.633728,35.4964561,candidate URL generated from official GSI tile scheme; existence/coverage not locally verified
DEM1A,~1 m,airborne laser,17,116010,51697,https://cyberjapandata.gsi.go.jp/xyz/dem1a_png/17/116010/51697.png,138.6309814,35.4919837,138.633728,35.4942199,candidate URL generated from official GSI tile scheme; existence/coverage not locally verified
DEM1A,~1 m,airborne laser,17,116010,51698,https://cyberjapandata.gsi.go.jp/xyz/dem1a_png/17/116010/51698.png,138.6309814,35.4897474,138.633728,35.4919837,candidate URL generated from official GSI tile scheme; existence/coverage not locally verified
DEM1A,~1 m,airborne laser,17,116010,51699,https://cyberjapandata.gsi.go.jp/xyz/dem1a_png/17/116010/51699.png,138.6309814,35.487511,138.633728,35.4897474,candidate URL generated from official GSI tile scheme; existence/coverage not locally verified
DEM1A,~1 m,airborne laser,17,116010,51700,https://cyberjapandata.gsi.go.jp/xyz/dem1a_png/17/116010/51700.png,138.6309814,35.4852746,138.633728,35.487511,candidate URL generated from official GSI tile scheme; existence/coverage not locally verified
DEM1A,~1 m,airborne laser,17,116010,51701,https://cyberjapandata.gsi.go.jp/xyz/dem1a_png/17/116010/51701.png,138.6309814,35.4830381,138.633728,35.4852746,candidate URL generated from official GSI tile scheme; existence/coverage not locally verified
DEM1A,~1 m,airborne laser,17,116010,51702,https://cyberjapandata.gsi.go.jp/xyz/dem1a_png/17/116010/51702.png,138.6309814,35.4808016,138.633728,35.4830381,candidate URL generated from official GSI tile scheme; existence/coverage not locally verified
DEM1A,~1 m,airborne laser,17,116010,51703,https://cyberjapandata.gsi.go.jp/xyz/dem1a_png/17/116010/51703.png,138.6309814,35.478565,138.633728,35.4808016,candidate URL generated from official GSI tile scheme; existence/coverage not locally verified
DEM1A,~1 m,airborne laser,17,116010,51704,https://cyberjapandata.gsi.go.jp/xyz/dem1a_png/17/116010/51704.png,138.6309814,35.4763283,138.633728,35.478565,candidate URL generated from official GSI tile scheme; existence/coverage not locally verified
DEM1A,~1 m,airborne laser,17,116010,51705,https://cyberjapandata.gsi.go.jp/xyz/dem1a_png/17/116010/51705.png,138.6309814,35.4740916,138.633728,35.4763283,candidate URL generated from official GSI tile scheme; existence/coverage not locally verified
DEM1A,~1 m,airborne laser,17,116010,51706,https://cyberjapandata.gsi.go.jp/xyz/dem1a_png/17/116010/51706.png,138.6309814,35.4718548,138.633728,35.4740916,candidate URL generated from official GSI tile scheme; existence/coverage not locally verified
DEM1A,~1 m,airborne laser,17,116010,51707,https://cyberjapandata.gsi.go.jp/xyz/dem1a_png/17/116010/51707.png,138.6309814,35.469618,138.633728,35.4718548,candidate URL generated from official GSI tile scheme; existence/coverage not locally verified
DEM1A,~1 m,airborne laser,17,116010,51708,https://cyberjapandata.gsi.go.jp/xyz/dem1a_png/17/116010/51708.png,138.6309814,35.4673811,138.633728,35.469618,candidate URL generated from official GSI tile scheme; existence/coverage not locally verified
DEM1A,~1 m,airborne laser,17,116010,51709,https://cyberjapandata.gsi.go.jp/xyz/dem1a_png/17/116010/51709.png,138.6309814,35.4651441,138.633728,35.4673811,candidate URL generated from official GSI tile scheme; existence/coverage not locally verified
DEM1A,~1 m,airborne laser,17,116010,51710,https://cyberjapandata.gsi.go.jp/xyz/dem1a_png/17/116010/51710.png,138.6309814,35.462907,138.633728,35.4651441,candidate URL generated from official GSI tile scheme; existence/coverage not locally verified
DEM1A,~1 m,airborne laser,17,116010,51711,https://cyberjapandata.gsi.go.jp/xyz/dem1a_png/17/116010/51711.png,138.6309814,35.46067,138.633728,35.462907,candidate URL generated from official GSI tile scheme; existence/coverage not locally verified
DEM1A,~1 m,airborne laser,17,116010,51712,https://cyberjapandata.gsi.go.jp/xyz/dem1a_png/17/116010/51712.png,138.6309814,35.4584328,138.633728,35.46067,candidate URL generated from official GSI tile scheme; existence/coverage not locally verified
DEM1A,~1 m,airborne laser,17,116010,51713,https://cyberjapandata.gsi.go.jp/xyz/dem1a_png/17/116010/51713.png,138.6309814,35.4561956,138.633728,35.4584328,candidate URL generated from official GSI tile scheme; existence/coverage not locally verified
DEM1A,~1 m,airborne laser,17,116010,51714,https://cyberjapandata.gsi.go.jp/xyz/dem1a_png/17/116010/51714.png,138.6309814,35.4539583,138.633728,35.4561956,candidate URL generated from official GSI tile scheme; existence/coverage not locally verified
DEM1A,~1 m,airborne laser,17,116010,51715,https://cyberjapandata.gsi.go.jp/xyz/dem1a_png/17/116010/51715.png,138.6309814,35.4517209,138.633728,35.4539583,candidate URL generated from official GSI tile scheme; existence/coverage not locally verified
DEM1A,~1 m,airborne laser,17,116010,51716,https://cyberjapandata.gsi.go.jp/xyz/dem1a_png/17/116010/51716.png,138.6309814,35.4494835,138.633728,35.4517209,candidate URL generated from official GSI tile scheme; existence/coverage not locally verified
DEM1A,~1 m,airborne laser,17,116010,51717,https://cyberjapandata.gsi.go.jp/xyz/dem1a_png/17/116010/51717.png,138.6309814,35.4472461,138.633728,35.4494835,candidate URL generated from official GSI tile scheme; existence/coverage not locally verified
DEM1A,~1 m,airborne laser,17,116010,51718,https://cyberjapandata.gsi.go.jp/xyz/dem1a_png/17/116010/51718.png,138.6309814,35.4450085,138.633728,35.4472461,candidate URL generated from official GSI tile scheme; existence/coverage not locally verified
DEM1A,~1 m,airborne laser,17,116010,51719,https://cyberjapandata.gsi.go.jp/xyz/dem1a_png/17/116010/51719.png,138.6309814,35.4427709,138.633728,35.4450085,candidate URL generated from official GSI tile scheme; existence/coverage not locally verified
DEM1A,~1 m,airborne laser,17,116010,51720,https://cyberjapandata.gsi.go.jp/xyz/dem1a_png/17/116010/51720.png,138.6309814,35.4405333,138.633728,35.4427709,candidate URL generated from official GSI tile scheme; existence/coverage not locally verified
DEM1A,~1 m,airborne laser,17,116010,51721,https://cyberjapandata.gsi.go.jp/xyz/dem1a_png/17/116010/51721.png,138.6309814,35.4382955,138.633728,35.4405333,candidate URL generated from official GSI tile scheme; existence/coverage not locally verified
DEM1A,~1 m,airborne laser,17,116010,51722,https://cyberjapandata.gsi.go.jp/xyz/dem1a_png/17/116010/51722.png,138.6309814,35.4360578,138.633728,35.4382955,candidate URL generated from official GSI tile scheme; existence/coverage not locally verified
DEM1A,~1 m,airborne laser,17,116010,51723,https://cyberjapandata.gsi.go.jp/xyz/dem1a_png/17/116010/51723.png,138.6309814,35.4338199,138.633728,35.4360578,candidate URL generated from official GSI tile scheme; existence/coverage not locally verified
DEM1A,~1 m,airborne laser,17,116010,51724,https://cyberjapandata.gsi.go.jp/xyz/dem1a_png/17/116010/51724.png,138.6309814,35.431582,138.633728,35.4338199,candidate URL generated from official GSI tile scheme; existence/coverage not locally verified
DEM1A,~1 m,airborne laser,17,116010,51725,https://cyberjapandata.gsi.go.jp/xyz/dem1a_png/17/116010/51725.png,138.6309814,35.429344,138.633728,35.431582,candidate URL generated from official GSI tile scheme; existence/coverage not locally verified
DEM1A,~1 m,airborne laser,17,116011,51680,https://cyberjapandata.gsi.go.jp/xyz/dem1a_png/17/116011/51680.png,138.633728,35.5299911,138.6364746,35.5322262,candidate URL generated from official GSI tile scheme; existence/coverage not locally verified
DEM1A,~1 m,airborne laser,17,116011,51681,https://cyberjapandata.gsi.go.jp/xyz/dem1a_png/17/116011/51681.png,138.633728,35.5277558,138.6364746,35.5299911,candidate URL generated from official GSI tile scheme; existence/coverage not locally verified
DEM1A,~1 m,airborne laser,17,116011,51682,https://cyberjapandata.gsi.go.jp/xyz/dem1a_png/17/116011/51682.png,138.633728,35.5255205,138.6364746,35.5277558,candidate URL generated from official GSI tile scheme; existence/coverage not locally verified
DEM1A,~1 m,airborne laser,17,116011,51683,https://cyberjapandata.gsi.go.jp/xyz/dem1a_png/17/116011/51683.png,138.633728,35.5232852,138.6364746,35.5255205,candidate URL generated from official GSI tile scheme; existence/coverage not locally verified
DEM1A,~1 m,airborne laser,17,116011,51684,https://cyberjapandata.gsi.go.jp/xyz/dem1a_png/17/116011/51684.png,138.633728,35.5210498,138.6364746,35.5232852,candidate URL generated from official GSI tile scheme; existence/coverage not locally verified
DEM1A,~1 m,airborne laser,17,116011,51685,https://cyberjapandata.gsi.go.jp/xyz/dem1a_png/17/116011/51685.png,138.633728,35.5188143,138.6364746,35.5210498,candidate URL generated from official GSI tile scheme; existence/coverage not locally verified
DEM1A,~1 m,airborne laser,17,116011,51686,https://cyberjapandata.gsi.go.jp/xyz/dem1a_png/17/116011/51686.png,138.633728,35.5165787,138.6364746,35.5188143,candidate URL generated from official GSI tile scheme; existence/coverage not locally verified
DEM1A,~1 m,airborne laser,17,116011,51687,https://cyberjapandata.gsi.go.jp/xyz/dem1a_png/17/116011/51687.png,138.633728,35.5143431,138.6364746,35.5165787,candidate URL generated from official GSI tile scheme; existence/coverage not locally verified
DEM1A,~1 m,airborne laser,17,116011,51688,https://cyberjapandata.gsi.go.jp/xyz/dem1a_png/17/116011/51688.png,138.633728,35.5121075,138.6364746,35.5143431,candidate URL generated from official GSI tile scheme; existence/coverage not locally verified
DEM1A,~1 m,airborne laser,17,116011,51689,https://cyberjapandata.gsi.go.jp/xyz/dem1a_png/17/116011/51689.png,138.633728,35.5098717,138.6364746,35.5121075,candidate URL generated from official GSI tile scheme; existence/coverage not locally verified
DEM1A,~1 m,airborne laser,17,116011,51690,https://cyberjapandata.gsi.go.jp/xyz/dem1a_png/17/116011/51690.png,138.633728,35.5076359,138.6364746,35.5098717,candidate URL generated from official GSI tile scheme; existence/coverage not locally verified
DEM1A,~1 m,airborne laser,17,116011,51691,https://cyberjapandata.gsi.go.jp/xyz/dem1a_png/17/116011/51691.png,138.633728,35.5054001,138.6364746,35.5076359,candidate URL generated from official GSI tile scheme; existence/coverage not locally verified
DEM1A,~1 m,airborne laser,17,116011,51692,https://cyberjapandata.gsi.go.jp/xyz/dem1a_png/17/116011/51692.png,138.633728,35.5031642,138.6364746,35.5054001,candidate URL generated from official GSI tile scheme; existence/coverage not locally verified
DEM1A,~1 m,airborne laser,17,116011,51693,https://cyberjapandata.gsi.go.jp/xyz/dem1a_png/17/116011/51693.png,138.633728,35.5009282,138.6364746,35.5031642,candidate URL generated from official GSI tile scheme; existence/coverage not locally verified
DEM1A,~1 m,airborne laser,17,116011,51694,https://cyberjapandata.gsi.go.jp/xyz/dem1a_png/17/116011/51694.png,138.633728,35.4986922,138.6364746,35.5009282,candidate URL generated from official GSI tile scheme; existence/coverage not locally verified
DEM1A,~1 m,airborne laser,17,116011,51695,https://cyberjapandata.gsi.go.jp/xyz/dem1a_png/17/116011/51695.png,138.633728,35.4964561,138.6364746,35.4986922,candidate URL generated from official GSI tile scheme; existence/coverage not locally verified
DEM1A,~1 m,airborne laser,17,116011,51696,https://cyberjapandata.gsi.go.jp/xyz/dem1a_png/17/116011/51696.png,138.633728,35.4942199,138.6364746,35.4964561,candidate URL generated from official GSI tile scheme; existence/coverage not locally verified
DEM1A,~1 m,airborne laser,17,116011,51697,https://cyberjapandata.gsi.go.jp/xyz/dem1a_png/17/116011/51697.png,138.633728,35.4919837,138.6364746,35.4942199,candidate URL generated from official GSI tile scheme; existence/coverage not locally verified
DEM1A,~1 m,airborne laser,17,116011,51698,https://cyberjapandata.gsi.go.jp/xyz/dem1a_png/17/116011/51698.png,138.633728,35.4897474,138.6364746,35.4919837,candidate URL generated from official GSI tile scheme; existence/coverage not locally verified
DEM1A,~1 m,airborne laser,17,116011,51699,https://cyberjapandata.gsi.go.jp/xyz/dem1a_png/17/116011/51699.png,138.633728,35.487511,138.6364746,35.4897474,candidate URL generated from official GSI tile scheme; existence/coverage not locally verified
DEM1A,~1 m,airborne laser,17,116011,51700,https://cyberjapandata.gsi.go.jp/xyz/dem1a_png/17/116011/51700.png,138.633728,35.4852746,138.6364746,35.487511,candidate URL generated from official GSI tile scheme; existence/coverage not locally verified
DEM1A,~1 m,airborne laser,17,116011,51701,https://cyberjapandata.gsi.go.jp/xyz/dem1a_png/17/116011/51701.png,138.633728,35.4830381,138.6364746,35.4852746,candidate URL generated from official GSI tile scheme; existence/coverage not locally verified
DEM1A,~1 m,airborne laser,17,116011,51702,https://cyberjapandata.gsi.go.jp/xyz/dem1a_png/17/116011/51702.png,138.633728,35.4808016,138.6364746,35.4830381,candidate URL generated from official GSI tile scheme; existence/coverage not locally verified
DEM1A,~1 m,airborne laser,17,116011,51703,https://cyberjapandata.gsi.go.jp/xyz/dem1a_png/17/116011/51703.png,138.633728,35.478565,138.6364746,35.4808016,candidate URL generated from official GSI tile scheme; existence/coverage not locally verified
DEM1A,~1 m,airborne laser,17,116011,51704,https://cyberjapandata.gsi.go.jp/xyz/dem1a_png/17/116011/51704.png,138.633728,35.4763283,138.6364746,35.478565,candidate URL generated from official GSI tile scheme; existence/coverage not locally verified
DEM1A,~1 m,airborne laser,17,116011,51705,https://cyberjapandata.gsi.go.jp/xyz/dem1a_png/17/116011/51705.png,138.633728,35.4740916,138.6364746,35.4763283,candidate URL generated from official GSI tile scheme; existence/coverage not locally verified
DEM1A,~1 m,airborne laser,17,116011,51706,https://cyberjapandata.gsi.go.jp/xyz/dem1a_png/17/116011/51706.png,138.633728,35.4718548,138.6364746,35.4740916,candidate URL generated from official GSI tile scheme; existence/coverage not locally verified
DEM1A,~1 m,airborne laser,17,116011,51707,https://cyberjapandata.gsi.go.jp/xyz/dem1a_png/17/116011/51707.png,138.633728,35.469618,138.6364746,35.4718548,candidate URL generated from official GSI tile scheme; existence/coverage not locally verified
DEM1A,~1 m,airborne laser,17,116011,51708,https://cyberjapandata.gsi.go.jp/xyz/dem1a_png/17/116011/51708.png,138.633728,35.4673811,138.6364746,35.469618,candidate URL generated from official GSI tile scheme; existence/coverage not locally verified
DEM1A,~1 m,airborne laser,17,116011,51709,https://cyberjapandata.gsi.go.jp/xyz/dem1a_png/17/116011/51709.png,138.633728,35.4651441,138.6364746,35.4673811,candidate URL generated from official GSI tile scheme; existence/coverage not locally verified
DEM1A,~1 m,airborne laser,17,116011,51710,https://cyberjapandata.gsi.go.jp/xyz/dem1a_png/17/116011/51710.png,138.633728,35.462907,138.6364746,35.4651441,candidate URL generated from official GSI tile scheme; existence/coverage not locally verified
DEM1A,~1 m,airborne laser,17,116011,51711,https://cyberjapandata.gsi.go.jp/xyz/dem1a_png/17/116011/51711.png,138.633728,35.46067,138.6364746,35.462907,candidate URL generated from official GSI tile scheme; existence/coverage not locally verified
DEM1A,~1 m,airborne laser,17,116011,51712,https://cyberjapandata.gsi.go.jp/xyz/dem1a_png/17/116011/51712.png,138.633728,35.4584328,138.6364746,35.46067,candidate URL generated from official GSI tile scheme; existence/coverage not locally verified
DEM1A,~1 m,airborne laser,17,116011,51713,https://cyberjapandata.gsi.go.jp/xyz/dem1a_png/17/116011/51713.png,138.633728,35.4561956,138.6364746,35.4584328,candidate URL generated from official GSI tile scheme; existence/coverage not locally verified
DEM1A,~1 m,airborne laser,17,116011,51714,https://cyberjapandata.gsi.go.jp/xyz/dem1a_png/17/116011/51714.png,138.633728,35.4539583,138.6364746,35.4561956,candidate URL generated from official GSI tile scheme; existence/coverage not locally verified
DEM1A,~1 m,airborne laser,17,116011,51715,https://cyberjapandata.gsi.go.jp/xyz/dem1a_png/17/116011/51715.png,138.633728,35.4517209,138.6364746,35.4539583,candidate URL generated from official GSI tile scheme; existence/coverage not locally verified
DEM1A,~1 m,airborne laser,17,116011,51716,https://cyberjapandata.gsi.go.jp/xyz/dem1a_png/17/116011/51716.png,138.633728,35.4494835,138.6364746,35.4517209,candidate URL generated from official GSI tile scheme; existence/coverage not locally verified
DEM1A,~1 m,airborne laser,17,116011,51717,https://cyberjapandata.gsi.go.jp/xyz/dem1a_png/17/116011/51717.png,138.633728,35.4472461,138.6364746,35.4494835,candidate URL generated from official GSI tile scheme; existence/coverage not locally verified
DEM1A,~1 m,airborne laser,17,116011,51718,https://cyberjapandata.gsi.go.jp/xyz/dem1a_png/17/116011/51718.png,138.633728,35.4450085,138.6364746,35.4472461,candidate URL generated from official GSI tile scheme; existence/coverage not locally verified
DEM1A,~1 m,airborne laser,17,116011,51719,https://cyberjapandata.gsi.go.jp/xyz/dem1a_png/17/116011/51719.png,138.633728,35.4427709,138.6364746,35.4450085,candidate URL generated from official GSI tile scheme; existence/coverage not locally verified
DEM1A,~1 m,airborne laser,17,116011,51720,https://cyberjapandata.gsi.go.jp/xyz/dem1a_png/17/116011/51720.png,138.633728,35.4405333,138.6364746,35.4427709,candidate URL generated from official GSI tile scheme; existence/coverage not locally verified
DEM1A,~1 m,airborne laser,17,116011,51721,https://cyberjapandata.gsi.go.jp/xyz/dem1a_png/17/116011/51721.png,138.633728,35.4382955,138.6364746,35.4405333,candidate URL generated from official GSI tile scheme; existence/coverage not locally verified
DEM1A,~1 m,airborne laser,17,116011,51722,https://cyberjapandata.gsi.go.jp/xyz/dem1a_png/17/116011/51722.png,138.633728,35.4360578,138.6364746,35.4382955,candidate URL generated from official GSI tile scheme; existence/coverage not locally verified
DEM1A,~1 m,airborne laser,17,116011,51723,https://cyberjapandata.gsi.go.jp/xyz/dem1a_png/17/116011/51723.png,138.633728,35.4338199,138.6364746,35.4360578,candidate URL generated from official GSI tile scheme; existence/coverage not locally verified
DEM1A,~1 m,airborne laser,17,116011,51724,https://cyberjapandata.gsi.go.jp/xyz/dem1a_png/17/116011/51724.png,138.633728,35.431582,138.6364746,35.4338199,candidate URL generated from official GSI tile scheme; existence/coverage not locally verified
DEM1A,~1 m,airborne laser,17,116011,51725,https://cyberjapandata.gsi.go.jp/xyz/dem1a_png/17/116011/51725.png,138.633728,35.429344,138.6364746,35.431582,candidate URL generated from official GSI tile scheme; existence/coverage not locally verified
DEM1A,~1 m,airborne laser,17,116012,51680,https://cyberjapandata.gsi.go.jp/xyz/dem1a_png/17/116012/51680.png,138.6364746,35.5299911,138.6392212,35.5322262,candidate URL generated from official GSI tile scheme; existence/coverage not locally verified
DEM1A,~1 m,airborne laser,17,116012,51681,https://cyberjapandata.gsi.go.jp/xyz/dem1a_png/17/116012/51681.png,138.6364746,35.5277558,138.6392212,35.5299911,candidate URL generated from official GSI tile scheme; existence/coverage not locally verified
DEM1A,~1 m,airborne laser,17,116012,51682,https://cyberjapandata.gsi.go.jp/xyz/dem1a_png/17/116012/51682.png,138.6364746,35.5255205,138.6392212,35.5277558,candidate URL generated from official GSI tile scheme; existence/coverage not locally verified
DEM1A,~1 m,airborne laser,17,116012,51683,https://cyberjapandata.gsi.go.jp/xyz/dem1a_png/17/116012/51683.png,138.6364746,35.5232852,138.6392212,35.5255205,candidate URL generated from official GSI tile scheme; existence/coverage not locally verified
DEM1A,~1 m,airborne laser,17,116012,51684,https://cyberjapandata.gsi.go.jp/xyz/dem1a_png/17/116012/51684.png,138.6364746,35.5210498,138.6392212,35.5232852,candidate URL generated from official GSI tile scheme; existence/coverage not locally verified
DEM1A,~1 m,airborne laser,17,116012,51685,https://cyberjapandata.gsi.go.jp/xyz/dem1a_png/17/116012/51685.png,138.6364746,35.5188143,138.6392212,35.5210498,candidate URL generated from official GSI tile scheme; existence/coverage not locally verified
DEM1A,~1 m,airborne laser,17,116012,51686,https://cyberjapandata.gsi.go.jp/xyz/dem1a_png/17/116012/51686.png,138.6364746,35.5165787,138.6392212,35.5188143,candidate URL generated from official GSI tile scheme; existence/coverage not locally verified
DEM1A,~1 m,airborne laser,17,116012,51687,https://cyberjapandata.gsi.go.jp/xyz/dem1a_png/17/116012/51687.png,138.6364746,35.5143431,138.6392212,35.5165787,candidate URL generated from official GSI tile scheme; existence/coverage not locally verified
DEM1A,~1 m,airborne laser,17,116012,51688,https://cyberjapandata.gsi.go.jp/xyz/dem1a_png/17/116012/51688.png,138.6364746,35.5121075,138.6392212,35.5143431,candidate URL generated from official GSI tile scheme; existence/coverage not locally verified
DEM1A,~1 m,airborne laser,17,116012,51689,https://cyberjapandata.gsi.go.jp/xyz/dem1a_png/17/116012/51689.png,138.6364746,35.5098717,138.6392212,35.5121075,candidate URL generated from official GSI tile scheme; existence/coverage not locally verified
DEM1A,~1 m,airborne laser,17,116012,51690,https://cyberjapandata.gsi.go.jp/xyz/dem1a_png/17/116012/51690.png,138.6364746,35.5076359,138.6392212,35.5098717,candidate URL generated from official GSI tile scheme; existence/coverage not locally verified
DEM1A,~1 m,airborne laser,17,116012,51691,https://cyberjapandata.gsi.go.jp/xyz/dem1a_png/17/116012/51691.png,138.6364746,35.5054001,138.6392212,35.5076359,candidate URL generated from official GSI tile scheme; existence/coverage not locally verified
DEM1A,~1 m,airborne laser,17,116012,51692,https://cyberjapandata.gsi.go.jp/xyz/dem1a_png/17/116012/51692.png,138.6364746,35.5031642,138.6392212,35.5054001,candidate URL generated from official GSI tile scheme; existence/coverage not locally verified
DEM1A,~1 m,airborne laser,17,116012,51693,https://cyberjapandata.gsi.go.jp/xyz/dem1a_png/17/116012/51693.png,138.6364746,35.5009282,138.6392212,35.5031642,candidate URL generated from official GSI tile scheme; existence/coverage not locally verified
DEM1A,~1 m,airborne laser,17,116012,51694,https://cyberjapandata.gsi.go.jp/xyz/dem1a_png/17/116012/51694.png,138.6364746,35.4986922,138.6392212,35.5009282,candidate URL generated from official GSI tile scheme; existence/coverage not locally verified
DEM1A,~1 m,airborne laser,17,116012,51695,https://cyberjapandata.gsi.go.jp/xyz/dem1a_png/17/116012/51695.png,138.6364746,35.4964561,138.6392212,35.4986922,candidate URL generated from official GSI tile scheme; existence/coverage not locally verified
DEM1A,~1 m,airborne laser,17,116012,51696,https://cyberjapandata.gsi.go.jp/xyz/dem1a_png/17/116012/51696.png,138.6364746,35.4942199,138.6392212,35.4964561,candidate URL generated from official GSI tile scheme; existence/coverage not locally verified
DEM1A,~1 m,airborne laser,17,116012,51697,https://cyberjapandata.gsi.go.jp/xyz/dem1a_png/17/116012/51697.png,138.6364746,35.4919837,138.6392212,35.4942199,candidate URL generated from official GSI tile scheme; existence/coverage not locally verified
DEM1A,~1 m,airborne laser,17,116012,51698,https://cyberjapandata.gsi.go.jp/xyz/dem1a_png/17/116012/51698.png,138.6364746,35.4897474,138.6392212,35.4919837,candidate URL generated from official GSI tile scheme; existence/coverage not locally verified
DEM1A,~1 m,airborne laser,17,116012,51699,https://cyberjapandata.gsi.go.jp/xyz/dem1a_png/17/116012/51699.png,138.6364746,35.487511,138.6392212,35.4897474,candidate URL generated from official GSI tile scheme; existence/coverage not locally verified
DEM1A,~1 m,airborne laser,17,116012,51700,https://cyberjapandata.gsi.go.jp/xyz/dem1a_png/17/116012/51700.png,138.6364746,35.4852746,138.6392212,35.487511,candidate URL generated from official GSI tile scheme; existence/coverage not locally verified
DEM1A,~1 m,airborne laser,17,116012,51701,https://cyberjapandata.gsi.go.jp/xyz/dem1a_png/17/116012/51701.png,138.6364746,35.4830381,138.6392212,35.4852746,candidate URL generated from official GSI tile scheme; existence/coverage not locally verified
DEM1A,~1 m,airborne laser,17,116012,51702,https://cyberjapandata.gsi.go.jp/xyz/dem1a_png/17/116012/51702.png,138.6364746,35.4808016,138.6392212,35.4830381,candidate URL generated from official GSI tile scheme; existence/coverage not locally verified
DEM1A,~1 m,airborne laser,17,116012,51703,https://cyberjapandata.gsi.go.jp/xyz/dem1a_png/17/116012/51703.png,138.6364746,35.478565,138.6392212,35.4808016,candidate URL generated from official GSI tile scheme; existence/coverage not locally verified
DEM1A,~1 m,airborne laser,17,116012,51704,https://cyberjapandata.gsi.go.jp/xyz/dem1a_png/17/116012/51704.png,138.6364746,35.4763283,138.6392212,35.478565,candidate URL generated from official GSI tile scheme; existence/coverage not locally verified
DEM1A,~1 m,airborne laser,17,116012,51705,https://cyberjapandata.gsi.go.jp/xyz/dem1a_png/17/116012/51705.png,138.6364746,35.4740916,138.6392212,35.4763283,candidate URL generated from official GSI tile scheme; existence/coverage not locally verified
DEM1A,~1 m,airborne laser,17,116012,51706,https://cyberjapandata.gsi.go.jp/xyz/dem1a_png/17/116012/51706.png,138.6364746,35.4718548,138.6392212,35.4740916,candidate URL generated from official GSI tile scheme; existence/coverage not locally verified
DEM1A,~1 m,airborne laser,17,116012,51707,https://cyberjapandata.gsi.go.jp/xyz/dem1a_png/17/116012/51707.png,138.6364746,35.469618,138.6392212,35.4718548,candidate URL generated from official GSI tile scheme; existence/coverage not locally verified
DEM1A,~1 m,airborne laser,17,116012,51708,https://cyberjapandata.gsi.go.jp/xyz/dem1a_png/17/116012/51708.png,138.6364746,35.4673811,138.6392212,35.469618,candidate URL generated from official GSI tile scheme; existence/coverage not locally verified
DEM1A,~1 m,airborne laser,17,116012,51709,https://cyberjapandata.gsi.go.jp/xyz/dem1a_png/17/116012/51709.png,138.6364746,35.4651441,138.6392212,35.4673811,candidate URL generated from official GSI tile scheme; existence/coverage not locally verified
DEM1A,~1 m,airborne laser,17,116012,51710,https://cyberjapandata.gsi.go.jp/xyz/dem1a_png/17/116012/51710.png,138.6364746,35.462907,138.6392212,35.4651441,candidate URL generated from official GSI tile scheme; existence/coverage not locally verified
DEM1A,~1 m,airborne laser,17,116012,51711,https://cyberjapandata.gsi.go.jp/xyz/dem1a_png/17/116012/51711.png,138.6364746,35.46067,138.6392212,35.462907,candidate URL generated from official GSI tile scheme; existence/coverage not locally verified
DEM1A,~1 m,airborne laser,17,116012,51712,https://cyberjapandata.gsi.go.jp/xyz/dem1a_png/17/116012/51712.png,138.6364746,35.4584328,138.6392212,35.46067,candidate URL generated from official GSI tile scheme; existence/coverage not locally verified
DEM1A,~1 m,airborne laser,17,116012,51713,https://cyberjapandata.gsi.go.jp/xyz/dem1a_png/17/116012/51713.png,138.6364746,35.4561956,138.6392212,35.4584328,candidate URL generated from official GSI tile scheme; existence/coverage not locally verified
DEM1A,~1 m,airborne laser,17,116012,51714,https://cyberjapandata.gsi.go.jp/xyz/dem1a_png/17/116012/51714.png,138.6364746,35.4539583,138.6392212,35.4561956,candidate URL generated from official GSI tile scheme; existence/coverage not locally verified
DEM1A,~1 m,airborne laser,17,116012,51715,https://cyberjapandata.gsi.go.jp/xyz/dem1a_png/17/116012/51715.png,138.6364746,35.4517209,138.6392212,35.4539583,candidate URL generated from official GSI tile scheme; existence/coverage not locally verified
DEM1A,~1 m,airborne laser,17,116012,51716,https://cyberjapandata.gsi.go.jp/xyz/dem1a_png/17/116012/51716.png,138.6364746,35.4494835,138.6392212,35.4517209,candidate URL generated from official GSI tile scheme; existence/coverage not locally verified
DEM1A,~1 m,airborne laser,17,116012,51717,https://cyberjapandata.gsi.go.jp/xyz/dem1a_png/17/116012/51717.png,138.6364746,35.4472461,138.6392212,35.4494835,candidate URL generated from official GSI tile scheme; existence/coverage not locally verified
DEM1A,~1 m,airborne laser,17,116012,51718,https://cyberjapandata.gsi.go.jp/xyz/dem1a_png/17/116012/51718.png,138.6364746,35.4450085,138.6392212,35.4472461,candidate URL generated from official GSI tile scheme; existence/coverage not locally verified
DEM1A,~1 m,airborne laser,17,116012,51719,https://cyberjapandata.gsi.go.jp/xyz/dem1a_png/17/116012/51719.png,138.6364746,35.4427709,138.6392212,35.4450085,candidate URL generated from official GSI tile scheme; existence/coverage not locally verified
DEM1A,~1 m,airborne laser,17,116012,51720,https://cyberjapandata.gsi.go.jp/xyz/dem1a_png/17/116012/51720.png,138.6364746,35.4405333,138.6392212,35.4427709,candidate URL generated from official GSI tile scheme; existence/coverage not locally verified
DEM1A,~1 m,airborne laser,17,116012,51721,https://cyberjapandata.gsi.go.jp/xyz/dem1a_png/17/116012/51721.png,138.6364746,35.4382955,138.6392212,35.4405333,candidate URL generated from official GSI tile scheme; existence/coverage not locally verified
DEM1A,~1 m,airborne laser,17,116012,51722,https://cyberjapandata.gsi.go.jp/xyz/dem1a_png/17/116012/51722.png,138.6364746,35.4360578,138.6392212,35.4382955,candidate URL generated from official GSI tile scheme; existence/coverage not locally verified
DEM1A,~1 m,airborne laser,17,116012,51723,https://cyberjapandata.gsi.go.jp/xyz/dem1a_png/17/116012/51723.png,138.6364746,35.4338199,138.6392212,35.4360578,candidate URL generated from official GSI tile scheme; existence/coverage not locally verified
DEM1A,~1 m,airborne laser,17,116012,51724,https://cyberjapandata.gsi.go.jp/xyz/dem1a_png/17/116012/51724.png,138.6364746,35.431582,138.6392212,35.4338199,candidate URL generated from official GSI tile scheme; existence/coverage not locally verified
DEM1A,~1 m,airborne laser,17,116012,51725,https://cyberjapandata.gsi.go.jp/xyz/dem1a_png/17/116012/51725.png,138.6364746,35.429344,138.6392212,35.431582,candidate URL generated from official GSI tile scheme; existence/coverage not locally verified
DEM1A,~1 m,airborne laser,17,116013,51680,https://cyberjapandata.gsi.go.jp/xyz/dem1a_png/17/116013/51680.png,138.6392212,35.5299911,138.6419678,35.5322262,candidate URL generated from official GSI tile scheme; existence/coverage not locally verified
DEM1A,~1 m,airborne laser,17,116013,51681,https://cyberjapandata.gsi.go.jp/xyz/dem1a_png/17/116013/51681.png,138.6392212,35.5277558,138.6419678,35.5299911,candidate URL generated from official GSI tile scheme; existence/coverage not locally verified
DEM1A,~1 m,airborne laser,17,116013,51682,https://cyberjapandata.gsi.go.jp/xyz/dem1a_png/17/116013/51682.png,138.6392212,35.5255205,138.6419678,35.5277558,candidate URL generated from official GSI tile scheme; existence/coverage not locally verified
DEM1A,~1 m,airborne laser,17,116013,51683,https://cyberjapandata.gsi.go.jp/xyz/dem1a_png/17/116013/51683.png,138.6392212,35.5232852,138.6419678,35.5255205,candidate URL generated from official GSI tile scheme; existence/coverage not locally verified
DEM1A,~1 m,airborne laser,17,116013,51684,https://cyberjapandata.gsi.go.jp/xyz/dem1a_png/17/116013/51684.png,138.6392212,35.5210498,138.6419678,35.5232852,candidate URL generated from official GSI tile scheme; existence/coverage not locally verified
DEM1A,~1 m,airborne laser,17,116013,51685,https://cyberjapandata.gsi.go.jp/xyz/dem1a_png/17/116013/51685.png,138.6392212,35.5188143,138.6419678,35.5210498,candidate URL generated from official GSI tile scheme; existence/coverage not locally verified
DEM1A,~1 m,airborne laser,17,116013,51686,https://cyberjapandata.gsi.go.jp/xyz/dem1a_png/17/116013/51686.png,138.6392212,35.5165787,138.6419678,35.5188143,candidate URL generated from official GSI tile scheme; existence/coverage not locally verified
DEM1A,~1 m,airborne laser,17,116013,51687,https://cyberjapandata.gsi.go.jp/xyz/dem1a_png/17/116013/51687.png,138.6392212,35.5143431,138.6419678,35.5165787,candidate URL generated from official GSI tile scheme; existence/coverage not locally verified
DEM1A,~1 m,airborne laser,17,116013,51688,https://cyberjapandata.gsi.go.jp/xyz/dem1a_png/17/116013/51688.png,138.6392212,35.5121075,138.6419678,35.5143431,candidate URL generated from official GSI tile scheme; existence/coverage not locally verified
DEM1A,~1 m,airborne laser,17,116013,51689,https://cyberjapandata.gsi.go.jp/xyz/dem1a_png/17/116013/51689.png,138.6392212,35.5098717,138.6419678,35.5121075,candidate URL generated from official GSI tile scheme; existence/coverage not locally verified
DEM1A,~1 m,airborne laser,17,116013,51690,https://cyberjapandata.gsi.go.jp/xyz/dem1a_png/17/116013/51690.png,138.6392212,35.5076359,138.6419678,35.5098717,candidate URL generated from official GSI tile scheme; existence/coverage not locally verified
DEM1A,~1 m,airborne laser,17,116013,51691,https://cyberjapandata.gsi.go.jp/xyz/dem1a_png/17/116013/51691.png,138.6392212,35.5054001,138.6419678,35.5076359,candidate URL generated from official GSI tile scheme; existence/coverage not locally verified
DEM1A,~1 m,airborne laser,17,116013,51692,https://cyberjapandata.gsi.go.jp/xyz/dem1a_png/17/116013/51692.png,138.6392212,35.5031642,138.6419678,35.5054001,candidate URL generated from official GSI tile scheme; existence/coverage not locally verified
DEM1A,~1 m,airborne laser,17,116013,51693,https://cyberjapandata.gsi.go.jp/xyz/dem1a_png/17/116013/51693.png,138.6392212,35.5009282,138.6419678,35.5031642,candidate URL generated from official GSI tile scheme; existence/coverage not locally verified
DEM1A,~1 m,airborne laser,17,116013,51694,https://cyberjapandata.gsi.go.jp/xyz/dem1a_png/17/116013/51694.png,138.6392212,35.4986922,138.6419678,35.5009282,candidate URL generated from official GSI tile scheme; existence/coverage not locally verified
DEM1A,~1 m,airborne laser,17,116013,51695,https://cyberjapandata.gsi.go.jp/xyz/dem1a_png/17/116013/51695.png,138.6392212,35.4964561,138.6419678,35.4986922,candidate URL generated from official GSI tile scheme; existence/coverage not locally verified
DEM1A,~1 m,airborne laser,17,116013,51696,https://cyberjapandata.gsi.go.jp/xyz/dem1a_png/17/116013/51696.png,138.6392212,35.4942199,138.6419678,35.4964561,candidate URL generated from official GSI tile scheme; existence/coverage not locally verified
DEM1A,~1 m,airborne laser,17,116013,51697,https://cyberjapandata.gsi.go.jp/xyz/dem1a_png/17/116013/51697.png,138.6392212,35.4919837,138.6419678,35.4942199,candidate URL generated from official GSI tile scheme; existence/coverage not locally verified
DEM1A,~1 m,airborne laser,17,116013,51698,https://cyberjapandata.gsi.go.jp/xyz/dem1a_png/17/116013/51698.png,138.6392212,35.4897474,138.6419678,35.4919837,candidate URL generated from official GSI tile scheme; existence/coverage not locally verified
DEM1A,~1 m,airborne laser,17,116013,51699,https://cyberjapandata.gsi.go.jp/xyz/dem1a_png/17/116013/51699.png,138.6392212,35.487511,138.6419678,35.4897474,candidate URL generated from official GSI tile scheme; existence/coverage not locally verified
DEM1A,~1 m,airborne laser,17,116013,51700,https://cyberjapandata.gsi.go.jp/xyz/dem1a_png/17/116013/51700.png,138.6392212,35.4852746,138.6419678,35.487511,candidate URL generated from official GSI tile scheme; existence/coverage not locally verified
DEM1A,~1 m,airborne laser,17,116013,51701,https://cyberjapandata.gsi.go.jp/xyz/dem1a_png/17/116013/51701.png,138.6392212,35.4830381,138.6419678,35.4852746,candidate URL generated from official GSI tile scheme; existence/coverage not locally verified
DEM1A,~1 m,airborne laser,17,116013,51702,https://cyberjapandata.gsi.go.jp/xyz/dem1a_png/17/116013/51702.png,138.6392212,35.4808016,138.6419678,35.4830381,candidate URL generated from official GSI tile scheme; existence/coverage not locally verified
DEM1A,~1 m,airborne laser,17,116013,51703,https://cyberjapandata.gsi.go.jp/xyz/dem1a_png/17/116013/51703.png,138.6392212,35.478565,138.6419678,35.4808016,candidate URL generated from official GSI tile scheme; existence/coverage not locally verified
DEM1A,~1 m,airborne laser,17,116013,51704,https://cyberjapandata.gsi.go.jp/xyz/dem1a_png/17/116013/51704.png,138.6392212,35.4763283,138.6419678,35.478565,candidate URL generated from official GSI tile scheme; existence/coverage not locally verified
DEM1A,~1 m,airborne laser,17,116013,51705,https://cyberjapandata.gsi.go.jp/xyz/dem1a_png/17/116013/51705.png,138.6392212,35.4740916,138.6419678,35.4763283,candidate URL generated from official GSI tile scheme; existence/coverage not locally verified
DEM1A,~1 m,airborne laser,17,116013,51706,https://cyberjapandata.gsi.go.jp/xyz/dem1a_png/17/116013/51706.png,138.6392212,35.4718548,138.6419678,35.4740916,candidate URL generated from official GSI tile scheme; existence/coverage not locally verified
DEM1A,~1 m,airborne laser,17,116013,51707,https://cyberjapandata.gsi.go.jp/xyz/dem1a_png/17/116013/51707.png,138.6392212,35.469618,138.6419678,35.4718548,candidate URL generated from official GSI tile scheme; existence/coverage not locally verified
DEM1A,~1 m,airborne laser,17,116013,51708,https://cyberjapandata.gsi.go.jp/xyz/dem1a_png/17/116013/51708.png,138.6392212,35.4673811,138.6419678,35.469618,candidate URL generated from official GSI tile scheme; existence/coverage not locally verified
DEM1A,~1 m,airborne laser,17,116013,51709,https://cyberjapandata.gsi.go.jp/xyz/dem1a_png/17/116013/51709.png,138.6392212,35.4651441,138.6419678,35.4673811,candidate URL generated from official GSI tile scheme; existence/coverage not locally verified
DEM1A,~1 m,airborne laser,17,116013,51710,https://cyberjapandata.gsi.go.jp/xyz/dem1a_png/17/116013/51710.png,138.6392212,35.462907,138.6419678,35.4651441,candidate URL generated from official GSI tile scheme; existence/coverage not locally verified
DEM1A,~1 m,airborne laser,17,116013,51711,https://cyberjapandata.gsi.go.jp/xyz/dem1a_png/17/116013/51711.png,138.6392212,35.46067,138.6419678,35.462907,candidate URL generated from official GSI tile scheme; existence/coverage not locally verified
DEM1A,~1 m,airborne laser,17,116013,51712,https://cyberjapandata.gsi.go.jp/xyz/dem1a_png/17/116013/51712.png,138.6392212,35.4584328,138.6419678,35.46067,candidate URL generated from official GSI tile scheme; existence/coverage not locally verified
DEM1A,~1 m,airborne laser,17,116013,51713,https://cyberjapandata.gsi.go.jp/xyz/dem1a_png/17/116013/51713.png,138.6392212,35.4561956,138.6419678,35.4584328,candidate URL generated from official GSI tile scheme; existence/coverage not locally verified
DEM1A,~1 m,airborne laser,17,116013,51714,https://cyberjapandata.gsi.go.jp/xyz/dem1a_png/17/116013/51714.png,138.6392212,35.4539583,138.6419678,35.4561956,candidate URL generated from official GSI tile scheme; existence/coverage not locally verified
DEM1A,~1 m,airborne laser,17,116013,51715,https://cyberjapandata.gsi.go.jp/xyz/dem1a_png/17/116013/51715.png,138.6392212,35.4517209,138.6419678,35.4539583,candidate URL generated from official GSI tile scheme; existence/coverage not locally verified
DEM1A,~1 m,airborne laser,17,116013,51716,https://cyberjapandata.gsi.go.jp/xyz/dem1a_png/17/116013/51716.png,138.6392212,35.4494835,138.6419678,35.4517209,candidate URL generated from official GSI tile scheme; existence/coverage not locally verified
DEM1A,~1 m,airborne laser,17,116013,51717,https://cyberjapandata.gsi.go.jp/xyz/dem1a_png/17/116013/51717.png,138.6392212,35.4472461,138.6419678,35.4494835,candidate URL generated from official GSI tile scheme; existence/coverage not locally verified
DEM1A,~1 m,airborne laser,17,116013,51718,https://cyberjapandata.gsi.go.jp/xyz/dem1a_png/17/116013/51718.png,138.6392212,35.4450085,138.6419678,35.4472461,candidate URL generated from official GSI tile scheme; existence/coverage not locally verified
DEM1A,~1 m,airborne laser,17,116013,51719,https://cyberjapandata.gsi.go.jp/xyz/dem1a_png/17/116013/51719.png,138.6392212,35.4427709,138.6419678,35.4450085,candidate URL generated from official GSI tile scheme; existence/coverage not locally verified
DEM1A,~1 m,airborne laser,17,116013,51720,https://cyberjapandata.gsi.go.jp/xyz/dem1a_png/17/116013/51720.png,138.6392212,35.4405333,138.6419678,35.4427709,candidate URL generated from official GSI tile scheme; existence/coverage not locally verified
DEM1A,~1 m,airborne laser,17,116013,51721,https://cyberjapandata.gsi.go.jp/xyz/dem1a_png/17/116013/51721.png,138.6392212,35.4382955,138.6419678,35.4405333,candidate URL generated from official GSI tile scheme; existence/coverage not locally verified
DEM1A,~1 m,airborne laser,17,116013,51722,https://cyberjapandata.gsi.go.jp/xyz/dem1a_png/17/116013/51722.png,138.6392212,35.4360578,138.6419678,35.4382955,candidate URL generated from official GSI tile scheme; existence/coverage not locally verified
DEM1A,~1 m,airborne laser,17,116013,51723,https://cyberjapandata.gsi.go.jp/xyz/dem1a_png/17/116013/51723.png,138.6392212,35.4338199,138.6419678,35.4360578,candidate URL generated from official GSI tile scheme; existence/coverage not locally verified
DEM1A,~1 m,airborne laser,17,116013,51724,https://cyberjapandata.gsi.go.jp/xyz/dem1a_png/17/116013/51724.png,138.6392212,35.431582,138.6419678,35.4338199,candidate URL generated from official GSI tile scheme; existence/coverage not locally verified
DEM1A,~1 m,airborne laser,17,116013,51725,https://cyberjapandata.gsi.go.jp/xyz/dem1a_png/17/116013/51725.png,138.6392212,35.429344,138.6419678,35.431582,candidate URL generated from official GSI tile scheme; existence/coverage not locally verified
DEM1A,~1 m,airborne laser,17,116014,51680,https://cyberjapandata.gsi.go.jp/xyz/dem1a_png/17/116014/51680.png,138.6419678,35.5299911,138.6447144,35.5322262,candidate URL generated from official GSI tile scheme; existence/coverage not locally verified
DEM1A,~1 m,airborne laser,17,116014,51681,https://cyberjapandata.gsi.go.jp/xyz/dem1a_png/17/116014/51681.png,138.6419678,35.5277558,138.6447144,35.5299911,candidate URL generated from official GSI tile scheme; existence/coverage not locally verified
DEM1A,~1 m,airborne laser,17,116014,51682,https://cyberjapandata.gsi.go.jp/xyz/dem1a_png/17/116014/51682.png,138.6419678,35.5255205,138.6447144,35.5277558,candidate URL generated from official GSI tile scheme; existence/coverage not locally verified
DEM1A,~1 m,airborne laser,17,116014,51683,https://cyberjapandata.gsi.go.jp/xyz/dem1a_png/17/116014/51683.png,138.6419678,35.5232852,138.6447144,35.5255205,candidate URL generated from official GSI tile scheme; existence/coverage not locally verified
DEM1A,~1 m,airborne laser,17,116014,51684,https://cyberjapandata.gsi.go.jp/xyz/dem1a_png/17/116014/51684.png,138.6419678,35.5210498,138.6447144,35.5232852,candidate URL generated from official GSI tile scheme; existence/coverage not locally verified
DEM1A,~1 m,airborne laser,17,116014,51685,https://cyberjapandata.gsi.go.jp/xyz/dem1a_png/17/116014/51685.png,138.6419678,35.5188143,138.6447144,35.5210498,candidate URL generated from official GSI tile scheme; existence/coverage not locally verified
DEM1A,~1 m,airborne laser,17,116014,51686,https://cyberjapandata.gsi.go.jp/xyz/dem1a_png/17/116014/51686.png,138.6419678,35.5165787,138.6447144,35.5188143,candidate URL generated from official GSI tile scheme; existence/coverage not locally verified
DEM1A,~1 m,airborne laser,17,116014,51687,https://cyberjapandata.gsi.go.jp/xyz/dem1a_png/17/116014/51687.png,138.6419678,35.5143431,138.6447144,35.5165787,candidate URL generated from official GSI tile scheme; existence/coverage not locally verified
DEM1A,~1 m,airborne laser,17,116014,51688,https://cyberjapandata.gsi.go.jp/xyz/dem1a_png/17/116014/51688.png,138.6419678,35.5121075,138.6447144,35.5143431,candidate URL generated from official GSI tile scheme; existence/coverage not locally verified
DEM1A,~1 m,airborne laser,17,116014,51689,https://cyberjapandata.gsi.go.jp/xyz/dem1a_png/17/116014/51689.png,138.6419678,35.5098717,138.6447144,35.5121075,candidate URL generated from official GSI tile scheme; existence/coverage not locally verified
DEM1A,~1 m,airborne laser,17,116014,51690,https://cyberjapandata.gsi.go.jp/xyz/dem1a_png/17/116014/51690.png,138.6419678,35.5076359,138.6447144,35.5098717,candidate URL generated from official GSI tile scheme; existence/coverage not locally verified
DEM1A,~1 m,airborne laser,17,116014,51691,https://cyberjapandata.gsi.go.jp/xyz/dem1a_png/17/116014/51691.png,138.6419678,35.5054001,138.6447144,35.5076359,candidate URL generated from official GSI tile scheme; existence/coverage not locally verified
DEM1A,~1 m,airborne laser,17,116014,51692,https://cyberjapandata.gsi.go.jp/xyz/dem1a_png/17/116014/51692.png,138.6419678,35.5031642,138.6447144,35.5054001,candidate URL generated from official GSI tile scheme; existence/coverage not locally verified
DEM1A,~1 m,airborne laser,17,116014,51693,https://cyberjapandata.gsi.go.jp/xyz/dem1a_png/17/116014/51693.png,138.6419678,35.5009282,138.6447144,35.5031642,candidate URL generated from official GSI tile scheme; existence/coverage not locally verified
DEM1A,~1 m,airborne laser,17,116014,51694,https://cyberjapandata.gsi.go.jp/xyz/dem1a_png/17/116014/51694.png,138.6419678,35.4986922,138.6447144,35.5009282,candidate URL generated from official GSI tile scheme; existence/coverage not locally verified
DEM1A,~1 m,airborne laser,17,116014,51695,https://cyberjapandata.gsi.go.jp/xyz/dem1a_png/17/116014/51695.png,138.6419678,35.4964561,138.6447144,35.4986922,candidate URL generated from official GSI tile scheme; existence/coverage not locally verified
DEM1A,~1 m,airborne laser,17,116014,51696,https://cyberjapandata.gsi.go.jp/xyz/dem1a_png/17/116014/51696.png,138.6419678,35.4942199,138.6447144,35.4964561,candidate URL generated from official GSI tile scheme; existence/coverage not locally verified
DEM1A,~1 m,airborne laser,17,116014,51697,https://cyberjapandata.gsi.go.jp/xyz/dem1a_png/17/116014/51697.png,138.6419678,35.4919837,138.6447144,35.4942199,candidate URL generated from official GSI tile scheme; existence/coverage not locally verified
DEM1A,~1 m,airborne laser,17,116014,51698,https://cyberjapandata.gsi.go.jp/xyz/dem1a_png/17/116014/51698.png,138.6419678,35.4897474,138.6447144,35.4919837,candidate URL generated from official GSI tile scheme; existence/coverage not locally verified
DEM1A,~1 m,airborne laser,17,116014,51699,https://cyberjapandata.gsi.go.jp/xyz/dem1a_png/17/116014/51699.png,138.6419678,35.487511,138.6447144,35.4897474,candidate URL generated from official GSI tile scheme; existence/coverage not locally verified
DEM1A,~1 m,airborne laser,17,116014,51700,https://cyberjapandata.gsi.go.jp/xyz/dem1a_png/17/116014/51700.png,138.6419678,35.4852746,138.6447144,35.487511,candidate URL generated from official GSI tile scheme; existence/coverage not locally verified
DEM1A,~1 m,airborne laser,17,116014,51701,https://cyberjapandata.gsi.go.jp/xyz/dem1a_png/17/116014/51701.png,138.6419678,35.4830381,138.6447144,35.4852746,candidate URL generated from official GSI tile scheme; existence/coverage not locally verified
DEM1A,~1 m,airborne laser,17,116014,51702,https://cyberjapandata.gsi.go.jp/xyz/dem1a_png/17/116014/51702.png,138.6419678,35.4808016,138.6447144,35.4830381,candidate URL generated from official GSI tile scheme; existence/coverage not locally verified
DEM1A,~1 m,airborne laser,17,116014,51703,https://cyberjapandata.gsi.go.jp/xyz/dem1a_png/17/116014/51703.png,138.6419678,35.478565,138.6447144,35.4808016,candidate URL generated from official GSI tile scheme; existence/coverage not locally verified
DEM1A,~1 m,airborne laser,17,116014,51704,https://cyberjapandata.gsi.go.jp/xyz/dem1a_png/17/116014/51704.png,138.6419678,35.4763283,138.6447144,35.478565,candidate URL generated from official GSI tile scheme; existence/coverage not locally verified
DEM1A,~1 m,airborne laser,17,116014,51705,https://cyberjapandata.gsi.go.jp/xyz/dem1a_png/17/116014/51705.png,138.6419678,35.4740916,138.6447144,35.4763283,candidate URL generated from official GSI tile scheme; existence/coverage not locally verified
DEM1A,~1 m,airborne laser,17,116014,51706,https://cyberjapandata.gsi.go.jp/xyz/dem1a_png/17/116014/51706.png,138.6419678,35.4718548,138.6447144,35.4740916,candidate URL generated from official GSI tile scheme; existence/coverage not locally verified
DEM1A,~1 m,airborne laser,17,116014,51707,https://cyberjapandata.gsi.go.jp/xyz/dem1a_png/17/116014/51707.png,138.6419678,35.469618,138.6447144,35.4718548,candidate URL generated from official GSI tile scheme; existence/coverage not locally verified
DEM1A,~1 m,airborne laser,17,116014,51708,https://cyberjapandata.gsi.go.jp/xyz/dem1a_png/17/116014/51708.png,138.6419678,35.4673811,138.6447144,35.469618,candidate URL generated from official GSI tile scheme; existence/coverage not locally verified
DEM1A,~1 m,airborne laser,17,116014,51709,https://cyberjapandata.gsi.go.jp/xyz/dem1a_png/17/116014/51709.png,138.6419678,35.4651441,138.6447144,35.4673811,candidate URL generated from official GSI tile scheme; existence/coverage not locally verified
DEM1A,~1 m,airborne laser,17,116014,51710,https://cyberjapandata.gsi.go.jp/xyz/dem1a_png/17/116014/51710.png,138.6419678,35.462907,138.6447144,35.4651441,candidate URL generated from official GSI tile scheme; existence/coverage not locally verified
DEM1A,~1 m,airborne laser,17,116014,51711,https://cyberjapandata.gsi.go.jp/xyz/dem1a_png/17/116014/51711.png,138.6419678,35.46067,138.6447144,35.462907,candidate URL generated from official GSI tile scheme; existence/coverage not locally verified
DEM1A,~1 m,airborne laser,17,116014,51712,https://cyberjapandata.gsi.go.jp/xyz/dem1a_png/17/116014/51712.png,138.6419678,35.4584328,138.6447144,35.46067,candidate URL generated from official GSI tile scheme; existence/coverage not locally verified
DEM1A,~1 m,airborne laser,17,116014,51713,https://cyberjapandata.gsi.go.jp/xyz/dem1a_png/17/116014/51713.png,138.6419678,35.4561956,138.6447144,35.4584328,candidate URL generated from official GSI tile scheme; existence/coverage not locally verified
DEM1A,~1 m,airborne laser,17,116014,51714,https://cyberjapandata.gsi.go.jp/xyz/dem1a_png/17/116014/51714.png,138.6419678,35.4539583,138.6447144,35.4561956,candidate URL generated from official GSI tile scheme; existence/coverage not locally verified
DEM1A,~1 m,airborne laser,17,116014,51715,https://cyberjapandata.gsi.go.jp/xyz/dem1a_png/17/116014/51715.png,138.6419678,35.4517209,138.6447144,35.4539583,candidate URL generated from official GSI tile scheme; existence/coverage not locally verified
DEM1A,~1 m,airborne laser,17,116014,51716,https://cyberjapandata.gsi.go.jp/xyz/dem1a_png/17/116014/51716.png,138.6419678,35.4494835,138.6447144,35.4517209,candidate URL generated from official GSI tile scheme; existence/coverage not locally verified
DEM1A,~1 m,airborne laser,17,116014,51717,https://cyberjapandata.gsi.go.jp/xyz/dem1a_png/17/116014/51717.png,138.6419678,35.4472461,138.6447144,35.4494835,candidate URL generated from official GSI tile scheme; existence/coverage not locally verified
DEM1A,~1 m,airborne laser,17,116014,51718,https://cyberjapandata.gsi.go.jp/xyz/dem1a_png/17/116014/51718.png,138.6419678,35.4450085,138.6447144,35.4472461,candidate URL generated from official GSI tile scheme; existence/coverage not locally verified
DEM1A,~1 m,airborne laser,17,116014,51719,https://cyberjapandata.gsi.go.jp/xyz/dem1a_png/17/116014/51719.png,138.6419678,35.4427709,138.6447144,35.4450085,candidate URL generated from official GSI tile scheme; existence/coverage not locally verified
DEM1A,~1 m,airborne laser,17,116014,51720,https://cyberjapandata.gsi.go.jp/xyz/dem1a_png/17/116014/51720.png,138.6419678,35.4405333,138.6447144,35.4427709,candidate URL generated from official GSI tile scheme; existence/coverage not locally verified
DEM1A,~1 m,airborne laser,17,116014,51721,https://cyberjapandata.gsi.go.jp/xyz/dem1a_png/17/116014/51721.png,138.6419678,35.4382955,138.6447144,35.4405333,candidate URL generated from official GSI tile scheme; existence/coverage not locally verified
DEM1A,~1 m,airborne laser,17,116014,51722,https://cyberjapandata.gsi.go.jp/xyz/dem1a_png/17/116014/51722.png,138.6419678,35.4360578,138.6447144,35.4382955,candidate URL generated from official GSI tile scheme; existence/coverage not locally verified
DEM1A,~1 m,airborne laser,17,116014,51723,https://cyberjapandata.gsi.go.jp/xyz/dem1a_png/17/116014/51723.png,138.6419678,35.4338199,138.6447144,35.4360578,candidate URL generated from official GSI tile scheme; existence/coverage not locally verified
DEM1A,~1 m,airborne laser,17,116014,51724,https://cyberjapandata.gsi.go.jp/xyz/dem1a_png/17/116014/51724.png,138.6419678,35.431582,138.6447144,35.4338199,candidate URL generated from official GSI tile scheme; existence/coverage not locally verified
DEM1A,~1 m,airborne laser,17,116014,51725,https://cyberjapandata.gsi.go.jp/xyz/dem1a_png/17/116014/51725.png,138.6419678,35.429344,138.6447144,35.431582,candidate URL generated from official GSI tile scheme; existence/coverage not locally verified
DEM1A,~1 m,airborne laser,17,116015,51680,https://cyberjapandata.gsi.go.jp/xyz/dem1a_png/17/116015/51680.png,138.6447144,35.5299911,138.6474609,35.5322262,candidate URL generated from official GSI tile scheme; existence/coverage not locally verified
DEM1A,~1 m,airborne laser,17,116015,51681,https://cyberjapandata.gsi.go.jp/xyz/dem1a_png/17/116015/51681.png,138.6447144,35.5277558,138.6474609,35.5299911,candidate URL generated from official GSI tile scheme; existence/coverage not locally verified
DEM1A,~1 m,airborne laser,17,116015,51682,https://cyberjapandata.gsi.go.jp/xyz/dem1a_png/17/116015/51682.png,138.6447144,35.5255205,138.6474609,35.5277558,candidate URL generated from official GSI tile scheme; existence/coverage not locally verified
DEM1A,~1 m,airborne laser,17,116015,51683,https://cyberjapandata.gsi.go.jp/xyz/dem1a_png/17/116015/51683.png,138.6447144,35.5232852,138.6474609,35.5255205,candidate URL generated from official GSI tile scheme; existence/coverage not locally verified
DEM1A,~1 m,airborne laser,17,116015,51684,https://cyberjapandata.gsi.go.jp/xyz/dem1a_png/17/116015/51684.png,138.6447144,35.5210498,138.6474609,35.5232852,candidate URL generated from official GSI tile scheme; existence/coverage not locally verified
DEM1A,~1 m,airborne laser,17,116015,51685,https://cyberjapandata.gsi.go.jp/xyz/dem1a_png/17/116015/51685.png,138.6447144,35.5188143,138.6474609,35.5210498,candidate URL generated from official GSI tile scheme; existence/coverage not locally verified
DEM1A,~1 m,airborne laser,17,116015,51686,https://cyberjapandata.gsi.go.jp/xyz/dem1a_png/17/116015/51686.png,138.6447144,35.5165787,138.6474609,35.5188143,candidate URL generated from official GSI tile scheme; existence/coverage not locally verified
DEM1A,~1 m,airborne laser,17,116015,51687,https://cyberjapandata.gsi.go.jp/xyz/dem1a_png/17/116015/51687.png,138.6447144,35.5143431,138.6474609,35.5165787,candidate URL generated from official GSI tile scheme; existence/coverage not locally verified
DEM1A,~1 m,airborne laser,17,116015,51688,https://cyberjapandata.gsi.go.jp/xyz/dem1a_png/17/116015/51688.png,138.6447144,35.5121075,138.6474609,35.5143431,candidate URL generated from official GSI tile scheme; existence/coverage not locally verified
DEM1A,~1 m,airborne laser,17,116015,51689,https://cyberjapandata.gsi.go.jp/xyz/dem1a_png/17/116015/51689.png,138.6447144,35.5098717,138.6474609,35.5121075,candidate URL generated from official GSI tile scheme; existence/coverage not locally verified
DEM1A,~1 m,airborne laser,17,116015,51690,https://cyberjapandata.gsi.go.jp/xyz/dem1a_png/17/116015/51690.png,138.6447144,35.5076359,138.6474609,35.5098717,candidate URL generated from official GSI tile scheme; existence/coverage not locally verified
DEM1A,~1 m,airborne laser,17,116015,51691,https://cyberjapandata.gsi.go.jp/xyz/dem1a_png/17/116015/51691.png,138.6447144,35.5054001,138.6474609,35.5076359,candidate URL generated from official GSI tile scheme; existence/coverage not locally verified
DEM1A,~1 m,airborne laser,17,116015,51692,https://cyberjapandata.gsi.go.jp/xyz/dem1a_png/17/116015/51692.png,138.6447144,35.5031642,138.6474609,35.5054001,candidate URL generated from official GSI tile scheme; existence/coverage not locally verified
DEM1A,~1 m,airborne laser,17,116015,51693,https://cyberjapandata.gsi.go.jp/xyz/dem1a_png/17/116015/51693.png,138.6447144,35.5009282,138.6474609,35.5031642,candidate URL generated from official GSI tile scheme; existence/coverage not locally verified
DEM1A,~1 m,airborne laser,17,116015,51694,https://cyberjapandata.gsi.go.jp/xyz/dem1a_png/17/116015/51694.png,138.6447144,35.4986922,138.6474609,35.5009282,candidate URL generated from official GSI tile scheme; existence/coverage not locally verified
DEM1A,~1 m,airborne laser,17,116015,51695,https://cyberjapandata.gsi.go.jp/xyz/dem1a_png/17/116015/51695.png,138.6447144,35.4964561,138.6474609,35.4986922,candidate URL generated from official GSI tile scheme; existence/coverage not locally verified
DEM1A,~1 m,airborne laser,17,116015,51696,https://cyberjapandata.gsi.go.jp/xyz/dem1a_png/17/116015/51696.png,138.6447144,35.4942199,138.6474609,35.4964561,candidate URL generated from official GSI tile scheme; existence/coverage not locally verified
DEM1A,~1 m,airborne laser,17,116015,51697,https://cyberjapandata.gsi.go.jp/xyz/dem1a_png/17/116015/51697.png,138.6447144,35.4919837,138.6474609,35.4942199,candidate URL generated from official GSI tile scheme; existence/coverage not locally verified
DEM1A,~1 m,airborne laser,17,116015,51698,https://cyberjapandata.gsi.go.jp/xyz/dem1a_png/17/116015/51698.png,138.6447144,35.4897474,138.6474609,35.4919837,candidate URL generated from official GSI tile scheme; existence/coverage not locally verified
DEM1A,~1 m,airborne laser,17,116015,51699,https://cyberjapandata.gsi.go.jp/xyz/dem1a_png/17/116015/51699.png,138.6447144,35.487511,138.6474609,35.4897474,candidate URL generated from official GSI tile scheme; existence/coverage not locally verified
DEM1A,~1 m,airborne laser,17,116015,51700,https://cyberjapandata.gsi.go.jp/xyz/dem1a_png/17/116015/51700.png,138.6447144,35.4852746,138.6474609,35.487511,candidate URL generated from official GSI tile scheme; existence/coverage not locally verified
DEM1A,~1 m,airborne laser,17,116015,51701,https://cyberjapandata.gsi.go.jp/xyz/dem1a_png/17/116015/51701.png,138.6447144,35.4830381,138.6474609,35.4852746,candidate URL generated from official GSI tile scheme; existence/coverage not locally verified
DEM1A,~1 m,airborne laser,17,116015,51702,https://cyberjapandata.gsi.go.jp/xyz/dem1a_png/17/116015/51702.png,138.6447144,35.4808016,138.6474609,35.4830381,candidate URL generated from official GSI tile scheme; existence/coverage not locally verified
DEM1A,~1 m,airborne laser,17,116015,51703,https://cyberjapandata.gsi.go.jp/xyz/dem1a_png/17/116015/51703.png,138.6447144,35.478565,138.6474609,35.4808016,candidate URL generated from official GSI tile scheme; existence/coverage not locally verified
DEM1A,~1 m,airborne laser,17,116015,51704,https://cyberjapandata.gsi.go.jp/xyz/dem1a_png/17/116015/51704.png,138.6447144,35.4763283,138.6474609,35.478565,candidate URL generated from official GSI tile scheme; existence/coverage not locally verified
DEM1A,~1 m,airborne laser,17,116015,51705,https://cyberjapandata.gsi.go.jp/xyz/dem1a_png/17/116015/51705.png,138.6447144,35.4740916,138.6474609,35.4763283,candidate URL generated from official GSI tile scheme; existence/coverage not locally verified
DEM1A,~1 m,airborne laser,17,116015,51706,https://cyberjapandata.gsi.go.jp/xyz/dem1a_png/17/116015/51706.png,138.6447144,35.4718548,138.6474609,35.4740916,candidate URL generated from official GSI tile scheme; existence/coverage not locally verified
DEM1A,~1 m,airborne laser,17,116015,51707,https://cyberjapandata.gsi.go.jp/xyz/dem1a_png/17/116015/51707.png,138.6447144,35.469618,138.6474609,35.4718548,candidate URL generated from official GSI tile scheme; existence/coverage not locally verified
DEM1A,~1 m,airborne laser,17,116015,51708,https://cyberjapandata.gsi.go.jp/xyz/dem1a_png/17/116015/51708.png,138.6447144,35.4673811,138.6474609,35.469618,candidate URL generated from official GSI tile scheme; existence/coverage not locally verified
DEM1A,~1 m,airborne laser,17,116015,51709,https://cyberjapandata.gsi.go.jp/xyz/dem1a_png/17/116015/51709.png,138.6447144,35.4651441,138.6474609,35.4673811,candidate URL generated from official GSI tile scheme; existence/coverage not locally verified
DEM1A,~1 m,airborne laser,17,116015,51710,https://cyberjapandata.gsi.go.jp/xyz/dem1a_png/17/116015/51710.png,138.6447144,35.462907,138.6474609,35.4651441,candidate URL generated from official GSI tile scheme; existence/coverage not locally verified
DEM1A,~1 m,airborne laser,17,116015,51711,https://cyberjapandata.gsi.go.jp/xyz/dem1a_png/17/116015/51711.png,138.6447144,35.46067,138.6474609,35.462907,candidate URL generated from official GSI tile scheme; existence/coverage not locally verified
DEM1A,~1 m,airborne laser,17,116015,51712,https://cyberjapandata.gsi.go.jp/xyz/dem1a_png/17/116015/51712.png,138.6447144,35.4584328,138.6474609,35.46067,candidate URL generated from official GSI tile scheme; existence/coverage not locally verified
DEM1A,~1 m,airborne laser,17,116015,51713,https://cyberjapandata.gsi.go.jp/xyz/dem1a_png/17/116015/51713.png,138.6447144,35.4561956,138.6474609,35.4584328,candidate URL generated from official GSI tile scheme; existence/coverage not locally verified
DEM1A,~1 m,airborne laser,17,116015,51714,https://cyberjapandata.gsi.go.jp/xyz/dem1a_png/17/116015/51714.png,138.6447144,35.4539583,138.6474609,35.4561956,candidate URL generated from official GSI tile scheme; existence/coverage not locally verified
DEM1A,~1 m,airborne laser,17,116015,51715,https://cyberjapandata.gsi.go.jp/xyz/dem1a_png/17/116015/51715.png,138.6447144,35.4517209,138.6474609,35.4539583,candidate URL generated from official GSI tile scheme; existence/coverage not locally verified
DEM1A,~1 m,airborne laser,17,116015,51716,https://cyberjapandata.gsi.go.jp/xyz/dem1a_png/17/116015/51716.png,138.6447144,35.4494835,138.6474609,35.4517209,candidate URL generated from official GSI tile scheme; existence/coverage not locally verified
DEM1A,~1 m,airborne laser,17,116015,51717,https://cyberjapandata.gsi.go.jp/xyz/dem1a_png/17/116015/51717.png,138.6447144,35.4472461,138.6474609,35.4494835,candidate URL generated from official GSI tile scheme; existence/coverage not locally verified
DEM1A,~1 m,airborne laser,17,116015,51718,https://cyberjapandata.gsi.go.jp/xyz/dem1a_png/17/116015/51718.png,138.6447144,35.4450085,138.6474609,35.4472461,candidate URL generated from official GSI tile scheme; existence/coverage not locally verified
DEM1A,~1 m,airborne laser,17,116015,51719,https://cyberjapandata.gsi.go.jp/xyz/dem1a_png/17/116015/51719.png,138.6447144,35.4427709,138.6474609,35.4450085,candidate URL generated from official GSI tile scheme; existence/coverage not locally verified
DEM1A,~1 m,airborne laser,17,116015,51720,https://cyberjapandata.gsi.go.jp/xyz/dem1a_png/17/116015/51720.png,138.6447144,35.4405333,138.6474609,35.4427709,candidate URL generated from official GSI tile scheme; existence/coverage not locally verified
DEM1A,~1 m,airborne laser,17,116015,51721,https://cyberjapandata.gsi.go.jp/xyz/dem1a_png/17/116015/51721.png,138.6447144,35.4382955,138.6474609,35.4405333,candidate URL generated from official GSI tile scheme; existence/coverage not locally verified
DEM1A,~1 m,airborne laser,17,116015,51722,https://cyberjapandata.gsi.go.jp/xyz/dem1a_png/17/116015/51722.png,138.6447144,35.4360578,138.6474609,35.4382955,candidate URL generated from official GSI tile scheme; existence/coverage not locally verified
DEM1A,~1 m,airborne laser,17,116015,51723,https://cyberjapandata.gsi.go.jp/xyz/dem1a_png/17/116015/51723.png,138.6447144,35.4338199,138.6474609,35.4360578,candidate URL generated from official GSI tile scheme; existence/coverage not locally verified
DEM1A,~1 m,airborne laser,17,116015,51724,https://cyberjapandata.gsi.go.jp/xyz/dem1a_png/17/116015/51724.png,138.6447144,35.431582,138.6474609,35.4338199,candidate URL generated from official GSI tile scheme; existence/coverage not locally verified
DEM1A,~1 m,airborne laser,17,116015,51725,https://cyberjapandata.gsi.go.jp/xyz/dem1a_png/17/116015/51725.png,138.6447144,35.429344,138.6474609,35.431582,candidate URL generated from official GSI tile scheme; existence/coverage not locally verified
DEM1A,~1 m,airborne laser,17,116016,51680,https://cyberjapandata.gsi.go.jp/xyz/dem1a_png/17/116016/51680.png,138.6474609,35.5299911,138.6502075,35.5322262,candidate URL generated from official GSI tile scheme; existence/coverage not locally verified
DEM1A,~1 m,airborne laser,17,116016,51681,https://cyberjapandata.gsi.go.jp/xyz/dem1a_png/17/116016/51681.png,138.6474609,35.5277558,138.6502075,35.5299911,candidate URL generated from official GSI tile scheme; existence/coverage not locally verified
DEM1A,~1 m,airborne laser,17,116016,51682,https://cyberjapandata.gsi.go.jp/xyz/dem1a_png/17/116016/51682.png,138.6474609,35.5255205,138.6502075,35.5277558,candidate URL generated from official GSI tile scheme; existence/coverage not locally verified
DEM1A,~1 m,airborne laser,17,116016,51683,https://cyberjapandata.gsi.go.jp/xyz/dem1a_png/17/116016/51683.png,138.6474609,35.5232852,138.6502075,35.5255205,candidate URL generated from official GSI tile scheme; existence/coverage not locally verified
DEM1A,~1 m,airborne laser,17,116016,51684,https://cyberjapandata.gsi.go.jp/xyz/dem1a_png/17/116016/51684.png,138.6474609,35.5210498,138.6502075,35.5232852,candidate URL generated from official GSI tile scheme; existence/coverage not locally verified
DEM1A,~1 m,airborne laser,17,116016,51685,https://cyberjapandata.gsi.go.jp/xyz/dem1a_png/17/116016/51685.png,138.6474609,35.5188143,138.6502075,35.5210498,candidate URL generated from official GSI tile scheme; existence/coverage not locally verified
DEM1A,~1 m,airborne laser,17,116016,51686,https://cyberjapandata.gsi.go.jp/xyz/dem1a_png/17/116016/51686.png,138.6474609,35.5165787,138.6502075,35.5188143,candidate URL generated from official GSI tile scheme; existence/coverage not locally verified
DEM1A,~1 m,airborne laser,17,116016,51687,https://cyberjapandata.gsi.go.jp/xyz/dem1a_png/17/116016/51687.png,138.6474609,35.5143431,138.6502075,35.5165787,candidate URL generated from official GSI tile scheme; existence/coverage not locally verified
DEM1A,~1 m,airborne laser,17,116016,51688,https://cyberjapandata.gsi.go.jp/xyz/dem1a_png/17/116016/51688.png,138.6474609,35.5121075,138.6502075,35.5143431,candidate URL generated from official GSI tile scheme; existence/coverage not locally verified
DEM1A,~1 m,airborne laser,17,116016,51689,https://cyberjapandata.gsi.go.jp/xyz/dem1a_png/17/116016/51689.png,138.6474609,35.5098717,138.6502075,35.5121075,candidate URL generated from official GSI tile scheme; existence/coverage not locally verified
DEM1A,~1 m,airborne laser,17,116016,51690,https://cyberjapandata.gsi.go.jp/xyz/dem1a_png/17/116016/51690.png,138.6474609,35.5076359,138.6502075,35.5098717,candidate URL generated from official GSI tile scheme; existence/coverage not locally verified
DEM1A,~1 m,airborne laser,17,116016,51691,https://cyberjapandata.gsi.go.jp/xyz/dem1a_png/17/116016/51691.png,138.6474609,35.5054001,138.6502075,35.5076359,candidate URL generated from official GSI tile scheme; existence/coverage not locally verified
DEM1A,~1 m,airborne laser,17,116016,51692,https://cyberjapandata.gsi.go.jp/xyz/dem1a_png/17/116016/51692.png,138.6474609,35.5031642,138.6502075,35.5054001,candidate URL generated from official GSI tile scheme; existence/coverage not locally verified
DEM1A,~1 m,airborne laser,17,116016,51693,https://cyberjapandata.gsi.go.jp/xyz/dem1a_png/17/116016/51693.png,138.6474609,35.5009282,138.6502075,35.5031642,candidate URL generated from official GSI tile scheme; existence/coverage not locally verified
DEM1A,~1 m,airborne laser,17,116016,51694,https://cyberjapandata.gsi.go.jp/xyz/dem1a_png/17/116016/51694.png,138.6474609,35.4986922,138.6502075,35.5009282,candidate URL generated from official GSI tile scheme; existence/coverage not locally verified
DEM1A,~1 m,airborne laser,17,116016,51695,https://cyberjapandata.gsi.go.jp/xyz/dem1a_png/17/116016/51695.png,138.6474609,35.4964561,138.6502075,35.4986922,candidate URL generated from official GSI tile scheme; existence/coverage not locally verified
DEM1A,~1 m,airborne laser,17,116016,51696,https://cyberjapandata.gsi.go.jp/xyz/dem1a_png/17/116016/51696.png,138.6474609,35.4942199,138.6502075,35.4964561,candidate URL generated from official GSI tile scheme; existence/coverage not locally verified
DEM1A,~1 m,airborne laser,17,116016,51697,https://cyberjapandata.gsi.go.jp/xyz/dem1a_png/17/116016/51697.png,138.6474609,35.4919837,138.6502075,35.4942199,candidate URL generated from official GSI tile scheme; existence/coverage not locally verified
DEM1A,~1 m,airborne laser,17,116016,51698,https://cyberjapandata.gsi.go.jp/xyz/dem1a_png/17/116016/51698.png,138.6474609,35.4897474,138.6502075,35.4919837,candidate URL generated from official GSI tile scheme; existence/coverage not locally verified
DEM1A,~1 m,airborne laser,17,116016,51699,https://cyberjapandata.gsi.go.jp/xyz/dem1a_png/17/116016/51699.png,138.6474609,35.487511,138.6502075,35.4897474,candidate URL generated from official GSI tile scheme; existence/coverage not locally verified
DEM1A,~1 m,airborne laser,17,116016,51700,https://cyberjapandata.gsi.go.jp/xyz/dem1a_png/17/116016/51700.png,138.6474609,35.4852746,138.6502075,35.487511,candidate URL generated from official GSI tile scheme; existence/coverage not locally verified
DEM1A,~1 m,airborne laser,17,116016,51701,https://cyberjapandata.gsi.go.jp/xyz/dem1a_png/17/116016/51701.png,138.6474609,35.4830381,138.6502075,35.4852746,candidate URL generated from official GSI tile scheme; existence/coverage not locally verified
DEM1A,~1 m,airborne laser,17,116016,51702,https://cyberjapandata.gsi.go.jp/xyz/dem1a_png/17/116016/51702.png,138.6474609,35.4808016,138.6502075,35.4830381,candidate URL generated from official GSI tile scheme; existence/coverage not locally verified
DEM1A,~1 m,airborne laser,17,116016,51703,https://cyberjapandata.gsi.go.jp/xyz/dem1a_png/17/116016/51703.png,138.6474609,35.478565,138.6502075,35.4808016,candidate URL generated from official GSI tile scheme; existence/coverage not locally verified
DEM1A,~1 m,airborne laser,17,116016,51704,https://cyberjapandata.gsi.go.jp/xyz/dem1a_png/17/116016/51704.png,138.6474609,35.4763283,138.6502075,35.478565,candidate URL generated from official GSI tile scheme; existence/coverage not locally verified
DEM1A,~1 m,airborne laser,17,116016,51705,https://cyberjapandata.gsi.go.jp/xyz/dem1a_png/17/116016/51705.png,138.6474609,35.4740916,138.6502075,35.4763283,candidate URL generated from official GSI tile scheme; existence/coverage not locally verified
DEM1A,~1 m,airborne laser,17,116016,51706,https://cyberjapandata.gsi.go.jp/xyz/dem1a_png/17/116016/51706.png,138.6474609,35.4718548,138.6502075,35.4740916,candidate URL generated from official GSI tile scheme; existence/coverage not locally verified
DEM1A,~1 m,airborne laser,17,116016,51707,https://cyberjapandata.gsi.go.jp/xyz/dem1a_png/17/116016/51707.png,138.6474609,35.469618,138.6502075,35.4718548,candidate URL generated from official GSI tile scheme; existence/coverage not locally verified
DEM1A,~1 m,airborne laser,17,116016,51708,https://cyberjapandata.gsi.go.jp/xyz/dem1a_png/17/116016/51708.png,138.6474609,35.4673811,138.6502075,35.469618,candidate URL generated from official GSI tile scheme; existence/coverage not locally verified
DEM1A,~1 m,airborne laser,17,116016,51709,https://cyberjapandata.gsi.go.jp/xyz/dem1a_png/17/116016/51709.png,138.6474609,35.4651441,138.6502075,35.4673811,candidate URL generated from official GSI tile scheme; existence/coverage not locally verified
DEM1A,~1 m,airborne laser,17,116016,51710,https://cyberjapandata.gsi.go.jp/xyz/dem1a_png/17/116016/51710.png,138.6474609,35.462907,138.6502075,35.4651441,candidate URL generated from official GSI tile scheme; existence/coverage not locally verified
DEM1A,~1 m,airborne laser,17,116016,51711,https://cyberjapandata.gsi.go.jp/xyz/dem1a_png/17/116016/51711.png,138.6474609,35.46067,138.6502075,35.462907,candidate URL generated from official GSI tile scheme; existence/coverage not locally verified
DEM1A,~1 m,airborne laser,17,116016,51712,https://cyberjapandata.gsi.go.jp/xyz/dem1a_png/17/116016/51712.png,138.6474609,35.4584328,138.6502075,35.46067,candidate URL generated from official GSI tile scheme; existence/coverage not locally verified
DEM1A,~1 m,airborne laser,17,116016,51713,https://cyberjapandata.gsi.go.jp/xyz/dem1a_png/17/116016/51713.png,138.6474609,35.4561956,138.6502075,35.4584328,candidate URL generated from official GSI tile scheme; existence/coverage not locally verified
DEM1A,~1 m,airborne laser,17,116016,51714,https://cyberjapandata.gsi.go.jp/xyz/dem1a_png/17/116016/51714.png,138.6474609,35.4539583,138.6502075,35.4561956,candidate URL generated from official GSI tile scheme; existence/coverage not locally verified
DEM1A,~1 m,airborne laser,17,116016,51715,https://cyberjapandata.gsi.go.jp/xyz/dem1a_png/17/116016/51715.png,138.6474609,35.4517209,138.6502075,35.4539583,candidate URL generated from official GSI tile scheme; existence/coverage not locally verified
DEM1A,~1 m,airborne laser,17,116016,51716,https://cyberjapandata.gsi.go.jp/xyz/dem1a_png/17/116016/51716.png,138.6474609,35.4494835,138.6502075,35.4517209,candidate URL generated from official GSI tile scheme; existence/coverage not locally verified
DEM1A,~1 m,airborne laser,17,116016,51717,https://cyberjapandata.gsi.go.jp/xyz/dem1a_png/17/116016/51717.png,138.6474609,35.4472461,138.6502075,35.4494835,candidate URL generated from official GSI tile scheme; existence/coverage not locally verified
DEM1A,~1 m,airborne laser,17,116016,51718,https://cyberjapandata.gsi.go.jp/xyz/dem1a_png/17/116016/51718.png,138.6474609,35.4450085,138.6502075,35.4472461,candidate URL generated from official GSI tile scheme; existence/coverage not locally verified
DEM1A,~1 m,airborne laser,17,116016,51719,https://cyberjapandata.gsi.go.jp/xyz/dem1a_png/17/116016/51719.png,138.6474609,35.4427709,138.6502075,35.4450085,candidate URL generated from official GSI tile scheme; existence/coverage not locally verified
DEM1A,~1 m,airborne laser,17,116016,51720,https://cyberjapandata.gsi.go.jp/xyz/dem1a_png/17/116016/51720.png,138.6474609,35.4405333,138.6502075,35.4427709,candidate URL generated from official GSI tile scheme; existence/coverage not locally verified
DEM1A,~1 m,airborne laser,17,116016,51721,https://cyberjapandata.gsi.go.jp/xyz/dem1a_png/17/116016/51721.png,138.6474609,35.4382955,138.6502075,35.4405333,candidate URL generated from official GSI tile scheme; existence/coverage not locally verified
DEM1A,~1 m,airborne laser,17,116016,51722,https://cyberjapandata.gsi.go.jp/xyz/dem1a_png/17/116016/51722.png,138.6474609,35.4360578,138.6502075,35.4382955,candidate URL generated from official GSI tile scheme; existence/coverage not locally verified
DEM1A,~1 m,airborne laser,17,116016,51723,https://cyberjapandata.gsi.go.jp/xyz/dem1a_png/17/116016/51723.png,138.6474609,35.4338199,138.6502075,35.4360578,candidate URL generated from official GSI tile scheme; existence/coverage not locally verified
DEM1A,~1 m,airborne laser,17,116016,51724,https://cyberjapandata.gsi.go.jp/xyz/dem1a_png/17/116016/51724.png,138.6474609,35.431582,138.6502075,35.4338199,candidate URL generated from official GSI tile scheme; existence/coverage not locally verified
DEM1A,~1 m,airborne laser,17,116016,51725,https://cyberjapandata.gsi.go.jp/xyz/dem1a_png/17/116016/51725.png,138.6474609,35.429344,138.6502075,35.431582,candidate URL generated from official GSI tile scheme; existence/coverage not locally verified
DEM1A,~1 m,airborne laser,17,116017,51680,https://cyberjapandata.gsi.go.jp/xyz/dem1a_png/17/116017/51680.png,138.6502075,35.5299911,138.6529541,35.5322262,candidate URL generated from official GSI tile scheme; existence/coverage not locally verified
DEM1A,~1 m,airborne laser,17,116017,51681,https://cyberjapandata.gsi.go.jp/xyz/dem1a_png/17/116017/51681.png,138.6502075,35.5277558,138.6529541,35.5299911,candidate URL generated from official GSI tile scheme; existence/coverage not locally verified
DEM1A,~1 m,airborne laser,17,116017,51682,https://cyberjapandata.gsi.go.jp/xyz/dem1a_png/17/116017/51682.png,138.6502075,35.5255205,138.6529541,35.5277558,candidate URL generated from official GSI tile scheme; existence/coverage not locally verified
DEM1A,~1 m,airborne laser,17,116017,51683,https://cyberjapandata.gsi.go.jp/xyz/dem1a_png/17/116017/51683.png,138.6502075,35.5232852,138.6529541,35.5255205,candidate URL generated from official GSI tile scheme; existence/coverage not locally verified
DEM1A,~1 m,airborne laser,17,116017,51684,https://cyberjapandata.gsi.go.jp/xyz/dem1a_png/17/116017/51684.png,138.6502075,35.5210498,138.6529541,35.5232852,candidate URL generated from official GSI tile scheme; existence/coverage not locally verified
DEM1A,~1 m,airborne laser,17,116017,51685,https://cyberjapandata.gsi.go.jp/xyz/dem1a_png/17/116017/51685.png,138.6502075,35.5188143,138.6529541,35.5210498,candidate URL generated from official GSI tile scheme; existence/coverage not locally verified
DEM1A,~1 m,airborne laser,17,116017,51686,https://cyberjapandata.gsi.go.jp/xyz/dem1a_png/17/116017/51686.png,138.6502075,35.5165787,138.6529541,35.5188143,candidate URL generated from official GSI tile scheme; existence/coverage not locally verified
DEM1A,~1 m,airborne laser,17,116017,51687,https://cyberjapandata.gsi.go.jp/xyz/dem1a_png/17/116017/51687.png,138.6502075,35.5143431,138.6529541,35.5165787,candidate URL generated from official GSI tile scheme; existence/coverage not locally verified
DEM1A,~1 m,airborne laser,17,116017,51688,https://cyberjapandata.gsi.go.jp/xyz/dem1a_png/17/116017/51688.png,138.6502075,35.5121075,138.6529541,35.5143431,candidate URL generated from official GSI tile scheme; existence/coverage not locally verified
DEM1A,~1 m,airborne laser,17,116017,51689,https://cyberjapandata.gsi.go.jp/xyz/dem1a_png/17/116017/51689.png,138.6502075,35.5098717,138.6529541,35.5121075,candidate URL generated from official GSI tile scheme; existence/coverage not locally verified
DEM1A,~1 m,airborne laser,17,116017,51690,https://cyberjapandata.gsi.go.jp/xyz/dem1a_png/17/116017/51690.png,138.6502075,35.5076359,138.6529541,35.5098717,candidate URL generated from official GSI tile scheme; existence/coverage not locally verified
DEM1A,~1 m,airborne laser,17,116017,51691,https://cyberjapandata.gsi.go.jp/xyz/dem1a_png/17/116017/51691.png,138.6502075,35.5054001,138.6529541,35.5076359,candidate URL generated from official GSI tile scheme; existence/coverage not locally verified
DEM1A,~1 m,airborne laser,17,116017,51692,https://cyberjapandata.gsi.go.jp/xyz/dem1a_png/17/116017/51692.png,138.6502075,35.5031642,138.6529541,35.5054001,candidate URL generated from official GSI tile scheme; existence/coverage not locally verified
DEM1A,~1 m,airborne laser,17,116017,51693,https://cyberjapandata.gsi.go.jp/xyz/dem1a_png/17/116017/51693.png,138.6502075,35.5009282,138.6529541,35.5031642,candidate URL generated from official GSI tile scheme; existence/coverage not locally verified
DEM1A,~1 m,airborne laser,17,116017,51694,https://cyberjapandata.gsi.go.jp/xyz/dem1a_png/17/116017/51694.png,138.6502075,35.4986922,138.6529541,35.5009282,candidate URL generated from official GSI tile scheme; existence/coverage not locally verified
DEM1A,~1 m,airborne laser,17,116017,51695,https://cyberjapandata.gsi.go.jp/xyz/dem1a_png/17/116017/51695.png,138.6502075,35.4964561,138.6529541,35.4986922,candidate URL generated from official GSI tile scheme; existence/coverage not locally verified
DEM1A,~1 m,airborne laser,17,116017,51696,https://cyberjapandata.gsi.go.jp/xyz/dem1a_png/17/116017/51696.png,138.6502075,35.4942199,138.6529541,35.4964561,candidate URL generated from official GSI tile scheme; existence/coverage not locally verified
DEM1A,~1 m,airborne laser,17,116017,51697,https://cyberjapandata.gsi.go.jp/xyz/dem1a_png/17/116017/51697.png,138.6502075,35.4919837,138.6529541,35.4942199,candidate URL generated from official GSI tile scheme; existence/coverage not locally verified
DEM1A,~1 m,airborne laser,17,116017,51698,https://cyberjapandata.gsi.go.jp/xyz/dem1a_png/17/116017/51698.png,138.6502075,35.4897474,138.6529541,35.4919837,candidate URL generated from official GSI tile scheme; existence/coverage not locally verified
DEM1A,~1 m,airborne laser,17,116017,51699,https://cyberjapandata.gsi.go.jp/xyz/dem1a_png/17/116017/51699.png,138.6502075,35.487511,138.6529541,35.4897474,candidate URL generated from official GSI tile scheme; existence/coverage not locally verified
DEM1A,~1 m,airborne laser,17,116017,51700,https://cyberjapandata.gsi.go.jp/xyz/dem1a_png/17/116017/51700.png,138.6502075,35.4852746,138.6529541,35.487511,candidate URL generated from official GSI tile scheme; existence/coverage not locally verified
DEM1A,~1 m,airborne laser,17,116017,51701,https://cyberjapandata.gsi.go.jp/xyz/dem1a_png/17/116017/51701.png,138.6502075,35.4830381,138.6529541,35.4852746,candidate URL generated from official GSI tile scheme; existence/coverage not locally verified
DEM1A,~1 m,airborne laser,17,116017,51702,https://cyberjapandata.gsi.go.jp/xyz/dem1a_png/17/116017/51702.png,138.6502075,35.4808016,138.6529541,35.4830381,candidate URL generated from official GSI tile scheme; existence/coverage not locally verified
DEM1A,~1 m,airborne laser,17,116017,51703,https://cyberjapandata.gsi.go.jp/xyz/dem1a_png/17/116017/51703.png,138.6502075,35.478565,138.6529541,35.4808016,candidate URL generated from official GSI tile scheme; existence/coverage not locally verified
DEM1A,~1 m,airborne laser,17,116017,51704,https://cyberjapandata.gsi.go.jp/xyz/dem1a_png/17/116017/51704.png,138.6502075,35.4763283,138.6529541,35.478565,candidate URL generated from official GSI tile scheme; existence/coverage not locally verified
DEM1A,~1 m,airborne laser,17,116017,51705,https://cyberjapandata.gsi.go.jp/xyz/dem1a_png/17/116017/51705.png,138.6502075,35.4740916,138.6529541,35.4763283,candidate URL generated from official GSI tile scheme; existence/coverage not locally verified
DEM1A,~1 m,airborne laser,17,116017,51706,https://cyberjapandata.gsi.go.jp/xyz/dem1a_png/17/116017/51706.png,138.6502075,35.4718548,138.6529541,35.4740916,candidate URL generated from official GSI tile scheme; existence/coverage not locally verified
DEM1A,~1 m,airborne laser,17,116017,51707,https://cyberjapandata.gsi.go.jp/xyz/dem1a_png/17/116017/51707.png,138.6502075,35.469618,138.6529541,35.4718548,candidate URL generated from official GSI tile scheme; existence/coverage not locally verified
DEM1A,~1 m,airborne laser,17,116017,51708,https://cyberjapandata.gsi.go.jp/xyz/dem1a_png/17/116017/51708.png,138.6502075,35.4673811,138.6529541,35.469618,candidate URL generated from official GSI tile scheme; existence/coverage not locally verified
DEM1A,~1 m,airborne laser,17,116017,51709,https://cyberjapandata.gsi.go.jp/xyz/dem1a_png/17/116017/51709.png,138.6502075,35.4651441,138.6529541,35.4673811,candidate URL generated from official GSI tile scheme; existence/coverage not locally verified
DEM1A,~1 m,airborne laser,17,116017,51710,https://cyberjapandata.gsi.go.jp/xyz/dem1a_png/17/116017/51710.png,138.6502075,35.462907,138.6529541,35.4651441,candidate URL generated from official GSI tile scheme; existence/coverage not locally verified
DEM1A,~1 m,airborne laser,17,116017,51711,https://cyberjapandata.gsi.go.jp/xyz/dem1a_png/17/116017/51711.png,138.6502075,35.46067,138.6529541,35.462907,candidate URL generated from official GSI tile scheme; existence/coverage not locally verified
DEM1A,~1 m,airborne laser,17,116017,51712,https://cyberjapandata.gsi.go.jp/xyz/dem1a_png/17/116017/51712.png,138.6502075,35.4584328,138.6529541,35.46067,candidate URL generated from official GSI tile scheme; existence/coverage not locally verified
DEM1A,~1 m,airborne laser,17,116017,51713,https://cyberjapandata.gsi.go.jp/xyz/dem1a_png/17/116017/51713.png,138.6502075,35.4561956,138.6529541,35.4584328,candidate URL generated from official GSI tile scheme; existence/coverage not locally verified
DEM1A,~1 m,airborne laser,17,116017,51714,https://cyberjapandata.gsi.go.jp/xyz/dem1a_png/17/116017/51714.png,138.6502075,35.4539583,138.6529541,35.4561956,candidate URL generated from official GSI tile scheme; existence/coverage not locally verified
DEM1A,~1 m,airborne laser,17,116017,51715,https://cyberjapandata.gsi.go.jp/xyz/dem1a_png/17/116017/51715.png,138.6502075,35.4517209,138.6529541,35.4539583,candidate URL generated from official GSI tile scheme; existence/coverage not locally verified
DEM1A,~1 m,airborne laser,17,116017,51716,https://cyberjapandata.gsi.go.jp/xyz/dem1a_png/17/116017/51716.png,138.6502075,35.4494835,138.6529541,35.4517209,candidate URL generated from official GSI tile scheme; existence/coverage not locally verified
DEM1A,~1 m,airborne laser,17,116017,51717,https://cyberjapandata.gsi.go.jp/xyz/dem1a_png/17/116017/51717.png,138.6502075,35.4472461,138.6529541,35.4494835,candidate URL generated from official GSI tile scheme; existence/coverage not locally verified
DEM1A,~1 m,airborne laser,17,116017,51718,https://cyberjapandata.gsi.go.jp/xyz/dem1a_png/17/116017/51718.png,138.6502075,35.4450085,138.6529541,35.4472461,candidate URL generated from official GSI tile scheme; existence/coverage not locally verified
DEM1A,~1 m,airborne laser,17,116017,51719,https://cyberjapandata.gsi.go.jp/xyz/dem1a_png/17/116017/51719.png,138.6502075,35.4427709,138.6529541,35.4450085,candidate URL generated from official GSI tile scheme; existence/coverage not locally verified
DEM1A,~1 m,airborne laser,17,116017,51720,https://cyberjapandata.gsi.go.jp/xyz/dem1a_png/17/116017/51720.png,138.6502075,35.4405333,138.6529541,35.4427709,candidate URL generated from official GSI tile scheme; existence/coverage not locally verified
DEM1A,~1 m,airborne laser,17,116017,51721,https://cyberjapandata.gsi.go.jp/xyz/dem1a_png/17/116017/51721.png,138.6502075,35.4382955,138.6529541,35.4405333,candidate URL generated from official GSI tile scheme; existence/coverage not locally verified
DEM1A,~1 m,airborne laser,17,116017,51722,https://cyberjapandata.gsi.go.jp/xyz/dem1a_png/17/116017/51722.png,138.6502075,35.4360578,138.6529541,35.4382955,candidate URL generated from official GSI tile scheme; existence/coverage not locally verified
DEM1A,~1 m,airborne laser,17,116017,51723,https://cyberjapandata.gsi.go.jp/xyz/dem1a_png/17/116017/51723.png,138.6502075,35.4338199,138.6529541,35.4360578,candidate URL generated from official GSI tile scheme; existence/coverage not locally verified
DEM1A,~1 m,airborne laser,17,116017,51724,https://cyberjapandata.gsi.go.jp/xyz/dem1a_png/17/116017/51724.png,138.6502075,35.431582,138.6529541,35.4338199,candidate URL generated from official GSI tile scheme; existence/coverage not locally verified
DEM1A,~1 m,airborne laser,17,116017,51725,https://cyberjapandata.gsi.go.jp/xyz/dem1a_png/17/116017/51725.png,138.6502075,35.429344,138.6529541,35.431582,candidate URL generated from official GSI tile scheme; existence/coverage not locally verified
DEM1A,~1 m,airborne laser,17,116018,51680,https://cyberjapandata.gsi.go.jp/xyz/dem1a_png/17/116018/51680.png,138.6529541,35.5299911,138.6557007,35.5322262,candidate URL generated from official GSI tile scheme; existence/coverage not locally verified
DEM1A,~1 m,airborne laser,17,116018,51681,https://cyberjapandata.gsi.go.jp/xyz/dem1a_png/17/116018/51681.png,138.6529541,35.5277558,138.6557007,35.5299911,candidate URL generated from official GSI tile scheme; existence/coverage not locally verified
DEM1A,~1 m,airborne laser,17,116018,51682,https://cyberjapandata.gsi.go.jp/xyz/dem1a_png/17/116018/51682.png,138.6529541,35.5255205,138.6557007,35.5277558,candidate URL generated from official GSI tile scheme; existence/coverage not locally verified
DEM1A,~1 m,airborne laser,17,116018,51683,https://cyberjapandata.gsi.go.jp/xyz/dem1a_png/17/116018/51683.png,138.6529541,35.5232852,138.6557007,35.5255205,candidate URL generated from official GSI tile scheme; existence/coverage not locally verified
DEM1A,~1 m,airborne laser,17,116018,51684,https://cyberjapandata.gsi.go.jp/xyz/dem1a_png/17/116018/51684.png,138.6529541,35.5210498,138.6557007,35.5232852,candidate URL generated from official GSI tile scheme; existence/coverage not locally verified
DEM1A,~1 m,airborne laser,17,116018,51685,https://cyberjapandata.gsi.go.jp/xyz/dem1a_png/17/116018/51685.png,138.6529541,35.5188143,138.6557007,35.5210498,candidate URL generated from official GSI tile scheme; existence/coverage not locally verified
DEM1A,~1 m,airborne laser,17,116018,51686,https://cyberjapandata.gsi.go.jp/xyz/dem1a_png/17/116018/51686.png,138.6529541,35.5165787,138.6557007,35.5188143,candidate URL generated from official GSI tile scheme; existence/coverage not locally verified
DEM1A,~1 m,airborne laser,17,116018,51687,https://cyberjapandata.gsi.go.jp/xyz/dem1a_png/17/116018/51687.png,138.6529541,35.5143431,138.6557007,35.5165787,candidate URL generated from official GSI tile scheme; existence/coverage not locally verified
DEM1A,~1 m,airborne laser,17,116018,51688,https://cyberjapandata.gsi.go.jp/xyz/dem1a_png/17/116018/51688.png,138.6529541,35.5121075,138.6557007,35.5143431,candidate URL generated from official GSI tile scheme; existence/coverage not locally verified
DEM1A,~1 m,airborne laser,17,116018,51689,https://cyberjapandata.gsi.go.jp/xyz/dem1a_png/17/116018/51689.png,138.6529541,35.5098717,138.6557007,35.5121075,candidate URL generated from official GSI tile scheme; existence/coverage not locally verified
DEM1A,~1 m,airborne laser,17,116018,51690,https://cyberjapandata.gsi.go.jp/xyz/dem1a_png/17/116018/51690.png,138.6529541,35.5076359,138.6557007,35.5098717,candidate URL generated from official GSI tile scheme; existence/coverage not locally verified
DEM1A,~1 m,airborne laser,17,116018,51691,https://cyberjapandata.gsi.go.jp/xyz/dem1a_png/17/116018/51691.png,138.6529541,35.5054001,138.6557007,35.5076359,candidate URL generated from official GSI tile scheme; existence/coverage not locally verified
DEM1A,~1 m,airborne laser,17,116018,51692,https://cyberjapandata.gsi.go.jp/xyz/dem1a_png/17/116018/51692.png,138.6529541,35.5031642,138.6557007,35.5054001,candidate URL generated from official GSI tile scheme; existence/coverage not locally verified
DEM1A,~1 m,airborne laser,17,116018,51693,https://cyberjapandata.gsi.go.jp/xyz/dem1a_png/17/116018/51693.png,138.6529541,35.5009282,138.6557007,35.5031642,candidate URL generated from official GSI tile scheme; existence/coverage not locally verified
DEM1A,~1 m,airborne laser,17,116018,51694,https://cyberjapandata.gsi.go.jp/xyz/dem1a_png/17/116018/51694.png,138.6529541,35.4986922,138.6557007,35.5009282,candidate URL generated from official GSI tile scheme; existence/coverage not locally verified
DEM1A,~1 m,airborne laser,17,116018,51695,https://cyberjapandata.gsi.go.jp/xyz/dem1a_png/17/116018/51695.png,138.6529541,35.4964561,138.6557007,35.4986922,candidate URL generated from official GSI tile scheme; existence/coverage not locally verified
DEM1A,~1 m,airborne laser,17,116018,51696,https://cyberjapandata.gsi.go.jp/xyz/dem1a_png/17/116018/51696.png,138.6529541,35.4942199,138.6557007,35.4964561,candidate URL generated from official GSI tile scheme; existence/coverage not locally verified
DEM1A,~1 m,airborne laser,17,116018,51697,https://cyberjapandata.gsi.go.jp/xyz/dem1a_png/17/116018/51697.png,138.6529541,35.4919837,138.6557007,35.4942199,candidate URL generated from official GSI tile scheme; existence/coverage not locally verified
DEM1A,~1 m,airborne laser,17,116018,51698,https://cyberjapandata.gsi.go.jp/xyz/dem1a_png/17/116018/51698.png,138.6529541,35.4897474,138.6557007,35.4919837,candidate URL generated from official GSI tile scheme; existence/coverage not locally verified
DEM1A,~1 m,airborne laser,17,116018,51699,https://cyberjapandata.gsi.go.jp/xyz/dem1a_png/17/116018/51699.png,138.6529541,35.487511,138.6557007,35.4897474,candidate URL generated from official GSI tile scheme; existence/coverage not locally verified
DEM1A,~1 m,airborne laser,17,116018,51700,https://cyberjapandata.gsi.go.jp/xyz/dem1a_png/17/116018/51700.png,138.6529541,35.4852746,138.6557007,35.487511,candidate URL generated from official GSI tile scheme; existence/coverage not locally verified
DEM1A,~1 m,airborne laser,17,116018,51701,https://cyberjapandata.gsi.go.jp/xyz/dem1a_png/17/116018/51701.png,138.6529541,35.4830381,138.6557007,35.4852746,candidate URL generated from official GSI tile scheme; existence/coverage not locally verified
DEM1A,~1 m,airborne laser,17,116018,51702,https://cyberjapandata.gsi.go.jp/xyz/dem1a_png/17/116018/51702.png,138.6529541,35.4808016,138.6557007,35.4830381,candidate URL generated from official GSI tile scheme; existence/coverage not locally verified
DEM1A,~1 m,airborne laser,17,116018,51703,https://cyberjapandata.gsi.go.jp/xyz/dem1a_png/17/116018/51703.png,138.6529541,35.478565,138.6557007,35.4808016,candidate URL generated from official GSI tile scheme; existence/coverage not locally verified
DEM1A,~1 m,airborne laser,17,116018,51704,https://cyberjapandata.gsi.go.jp/xyz/dem1a_png/17/116018/51704.png,138.6529541,35.4763283,138.6557007,35.478565,candidate URL generated from official GSI tile scheme; existence/coverage not locally verified
DEM1A,~1 m,airborne laser,17,116018,51705,https://cyberjapandata.gsi.go.jp/xyz/dem1a_png/17/116018/51705.png,138.6529541,35.4740916,138.6557007,35.4763283,candidate URL generated from official GSI tile scheme; existence/coverage not locally verified
DEM1A,~1 m,airborne laser,17,116018,51706,https://cyberjapandata.gsi.go.jp/xyz/dem1a_png/17/116018/51706.png,138.6529541,35.4718548,138.6557007,35.4740916,candidate URL generated from official GSI tile scheme; existence/coverage not locally verified
DEM1A,~1 m,airborne laser,17,116018,51707,https://cyberjapandata.gsi.go.jp/xyz/dem1a_png/17/116018/51707.png,138.6529541,35.469618,138.6557007,35.4718548,candidate URL generated from official GSI tile scheme; existence/coverage not locally verified
DEM1A,~1 m,airborne laser,17,116018,51708,https://cyberjapandata.gsi.go.jp/xyz/dem1a_png/17/116018/51708.png,138.6529541,35.4673811,138.6557007,35.469618,candidate URL generated from official GSI tile scheme; existence/coverage not locally verified
DEM1A,~1 m,airborne laser,17,116018,51709,https://cyberjapandata.gsi.go.jp/xyz/dem1a_png/17/116018/51709.png,138.6529541,35.4651441,138.6557007,35.4673811,candidate URL generated from official GSI tile scheme; existence/coverage not locally verified
DEM1A,~1 m,airborne laser,17,116018,51710,https://cyberjapandata.gsi.go.jp/xyz/dem1a_png/17/116018/51710.png,138.6529541,35.462907,138.6557007,35.4651441,candidate URL generated from official GSI tile scheme; existence/coverage not locally verified
DEM1A,~1 m,airborne laser,17,116018,51711,https://cyberjapandata.gsi.go.jp/xyz/dem1a_png/17/116018/51711.png,138.6529541,35.46067,138.6557007,35.462907,candidate URL generated from official GSI tile scheme; existence/coverage not locally verified
DEM1A,~1 m,airborne laser,17,116018,51712,https://cyberjapandata.gsi.go.jp/xyz/dem1a_png/17/116018/51712.png,138.6529541,35.4584328,138.6557007,35.46067,candidate URL generated from official GSI tile scheme; existence/coverage not locally verified
DEM1A,~1 m,airborne laser,17,116018,51713,https://cyberjapandata.gsi.go.jp/xyz/dem1a_png/17/116018/51713.png,138.6529541,35.4561956,138.6557007,35.4584328,candidate URL generated from official GSI tile scheme; existence/coverage not locally verified
DEM1A,~1 m,airborne laser,17,116018,51714,https://cyberjapandata.gsi.go.jp/xyz/dem1a_png/17/116018/51714.png,138.6529541,35.4539583,138.6557007,35.4561956,candidate URL generated from official GSI tile scheme; existence/coverage not locally verified
DEM1A,~1 m,airborne laser,17,116018,51715,https://cyberjapandata.gsi.go.jp/xyz/dem1a_png/17/116018/51715.png,138.6529541,35.4517209,138.6557007,35.4539583,candidate URL generated from official GSI tile scheme; existence/coverage not locally verified
DEM1A,~1 m,airborne laser,17,116018,51716,https://cyberjapandata.gsi.go.jp/xyz/dem1a_png/17/116018/51716.png,138.6529541,35.4494835,138.6557007,35.4517209,candidate URL generated from official GSI tile scheme; existence/coverage not locally verified
DEM1A,~1 m,airborne laser,17,116018,51717,https://cyberjapandata.gsi.go.jp/xyz/dem1a_png/17/116018/51717.png,138.6529541,35.4472461,138.6557007,35.4494835,candidate URL generated from official GSI tile scheme; existence/coverage not locally verified
DEM1A,~1 m,airborne laser,17,116018,51718,https://cyberjapandata.gsi.go.jp/xyz/dem1a_png/17/116018/51718.png,138.6529541,35.4450085,138.6557007,35.4472461,candidate URL generated from official GSI tile scheme; existence/coverage not locally verified
DEM1A,~1 m,airborne laser,17,116018,51719,https://cyberjapandata.gsi.go.jp/xyz/dem1a_png/17/116018/51719.png,138.6529541,35.4427709,138.6557007,35.4450085,candidate URL generated from official GSI tile scheme; existence/coverage not locally verified
DEM1A,~1 m,airborne laser,17,116018,51720,https://cyberjapandata.gsi.go.jp/xyz/dem1a_png/17/116018/51720.png,138.6529541,35.4405333,138.6557007,35.4427709,candidate URL generated from official GSI tile scheme; existence/coverage not locally verified
DEM1A,~1 m,airborne laser,17,116018,51721,https://cyberjapandata.gsi.go.jp/xyz/dem1a_png/17/116018/51721.png,138.6529541,35.4382955,138.6557007,35.4405333,candidate URL generated from official GSI tile scheme; existence/coverage not locally verified
DEM1A,~1 m,airborne laser,17,116018,51722,https://cyberjapandata.gsi.go.jp/xyz/dem1a_png/17/116018/51722.png,138.6529541,35.4360578,138.6557007,35.4382955,candidate URL generated from official GSI tile scheme; existence/coverage not locally verified
DEM1A,~1 m,airborne laser,17,116018,51723,https://cyberjapandata.gsi.go.jp/xyz/dem1a_png/17/116018/51723.png,138.6529541,35.4338199,138.6557007,35.4360578,candidate URL generated from official GSI tile scheme; existence/coverage not locally verified
DEM1A,~1 m,airborne laser,17,116018,51724,https://cyberjapandata.gsi.go.jp/xyz/dem1a_png/17/116018/51724.png,138.6529541,35.431582,138.6557007,35.4338199,candidate URL generated from official GSI tile scheme; existence/coverage not locally verified
DEM1A,~1 m,airborne laser,17,116018,51725,https://cyberjapandata.gsi.go.jp/xyz/dem1a_png/17/116018/51725.png,138.6529541,35.429344,138.6557007,35.431582,candidate URL generated from official GSI tile scheme; existence/coverage not locally verified
DEM1A,~1 m,airborne laser,17,116019,51680,https://cyberjapandata.gsi.go.jp/xyz/dem1a_png/17/116019/51680.png,138.6557007,35.5299911,138.6584473,35.5322262,candidate URL generated from official GSI tile scheme; existence/coverage not locally verified
DEM1A,~1 m,airborne laser,17,116019,51681,https://cyberjapandata.gsi.go.jp/xyz/dem1a_png/17/116019/51681.png,138.6557007,35.5277558,138.6584473,35.5299911,candidate URL generated from official GSI tile scheme; existence/coverage not locally verified
DEM1A,~1 m,airborne laser,17,116019,51682,https://cyberjapandata.gsi.go.jp/xyz/dem1a_png/17/116019/51682.png,138.6557007,35.5255205,138.6584473,35.5277558,candidate URL generated from official GSI tile scheme; existence/coverage not locally verified
DEM1A,~1 m,airborne laser,17,116019,51683,https://cyberjapandata.gsi.go.jp/xyz/dem1a_png/17/116019/51683.png,138.6557007,35.5232852,138.6584473,35.5255205,candidate URL generated from official GSI tile scheme; existence/coverage not locally verified
DEM1A,~1 m,airborne laser,17,116019,51684,https://cyberjapandata.gsi.go.jp/xyz/dem1a_png/17/116019/51684.png,138.6557007,35.5210498,138.6584473,35.5232852,candidate URL generated from official GSI tile scheme; existence/coverage not locally verified
DEM1A,~1 m,airborne laser,17,116019,51685,https://cyberjapandata.gsi.go.jp/xyz/dem1a_png/17/116019/51685.png,138.6557007,35.5188143,138.6584473,35.5210498,candidate URL generated from official GSI tile scheme; existence/coverage not locally verified
DEM1A,~1 m,airborne laser,17,116019,51686,https://cyberjapandata.gsi.go.jp/xyz/dem1a_png/17/116019/51686.png,138.6557007,35.5165787,138.6584473,35.5188143,candidate URL generated from official GSI tile scheme; existence/coverage not locally verified
DEM1A,~1 m,airborne laser,17,116019,51687,https://cyberjapandata.gsi.go.jp/xyz/dem1a_png/17/116019/51687.png,138.6557007,35.5143431,138.6584473,35.5165787,candidate URL generated from official GSI tile scheme; existence/coverage not locally verified
DEM1A,~1 m,airborne laser,17,116019,51688,https://cyberjapandata.gsi.go.jp/xyz/dem1a_png/17/116019/51688.png,138.6557007,35.5121075,138.6584473,35.5143431,candidate URL generated from official GSI tile scheme; existence/coverage not locally verified
DEM1A,~1 m,airborne laser,17,116019,51689,https://cyberjapandata.gsi.go.jp/xyz/dem1a_png/17/116019/51689.png,138.6557007,35.5098717,138.6584473,35.5121075,candidate URL generated from official GSI tile scheme; existence/coverage not locally verified
DEM1A,~1 m,airborne laser,17,116019,51690,https://cyberjapandata.gsi.go.jp/xyz/dem1a_png/17/116019/51690.png,138.6557007,35.5076359,138.6584473,35.5098717,candidate URL generated from official GSI tile scheme; existence/coverage not locally verified
DEM1A,~1 m,airborne laser,17,116019,51691,https://cyberjapandata.gsi.go.jp/xyz/dem1a_png/17/116019/51691.png,138.6557007,35.5054001,138.6584473,35.5076359,candidate URL generated from official GSI tile scheme; existence/coverage not locally verified
DEM1A,~1 m,airborne laser,17,116019,51692,https://cyberjapandata.gsi.go.jp/xyz/dem1a_png/17/116019/51692.png,138.6557007,35.5031642,138.6584473,35.5054001,candidate URL generated from official GSI tile scheme; existence/coverage not locally verified
DEM1A,~1 m,airborne laser,17,116019,51693,https://cyberjapandata.gsi.go.jp/xyz/dem1a_png/17/116019/51693.png,138.6557007,35.5009282,138.6584473,35.5031642,candidate URL generated from official GSI tile scheme; existence/coverage not locally verified
DEM1A,~1 m,airborne laser,17,116019,51694,https://cyberjapandata.gsi.go.jp/xyz/dem1a_png/17/116019/51694.png,138.6557007,35.4986922,138.6584473,35.5009282,candidate URL generated from official GSI tile scheme; existence/coverage not locally verified
DEM1A,~1 m,airborne laser,17,116019,51695,https://cyberjapandata.gsi.go.jp/xyz/dem1a_png/17/116019/51695.png,138.6557007,35.4964561,138.6584473,35.4986922,candidate URL generated from official GSI tile scheme; existence/coverage not locally verified
DEM1A,~1 m,airborne laser,17,116019,51696,https://cyberjapandata.gsi.go.jp/xyz/dem1a_png/17/116019/51696.png,138.6557007,35.4942199,138.6584473,35.4964561,candidate URL generated from official GSI tile scheme; existence/coverage not locally verified
DEM1A,~1 m,airborne laser,17,116019,51697,https://cyberjapandata.gsi.go.jp/xyz/dem1a_png/17/116019/51697.png,138.6557007,35.4919837,138.6584473,35.4942199,candidate URL generated from official GSI tile scheme; existence/coverage not locally verified
DEM1A,~1 m,airborne laser,17,116019,51698,https://cyberjapandata.gsi.go.jp/xyz/dem1a_png/17/116019/51698.png,138.6557007,35.4897474,138.6584473,35.4919837,candidate URL generated from official GSI tile scheme; existence/coverage not locally verified
DEM1A,~1 m,airborne laser,17,116019,51699,https://cyberjapandata.gsi.go.jp/xyz/dem1a_png/17/116019/51699.png,138.6557007,35.487511,138.6584473,35.4897474,candidate URL generated from official GSI tile scheme; existence/coverage not locally verified
DEM1A,~1 m,airborne laser,17,116019,51700,https://cyberjapandata.gsi.go.jp/xyz/dem1a_png/17/116019/51700.png,138.6557007,35.4852746,138.6584473,35.487511,candidate URL generated from official GSI tile scheme; existence/coverage not locally verified
DEM1A,~1 m,airborne laser,17,116019,51701,https://cyberjapandata.gsi.go.jp/xyz/dem1a_png/17/116019/51701.png,138.6557007,35.4830381,138.6584473,35.4852746,candidate URL generated from official GSI tile scheme; existence/coverage not locally verified
DEM1A,~1 m,airborne laser,17,116019,51702,https://cyberjapandata.gsi.go.jp/xyz/dem1a_png/17/116019/51702.png,138.6557007,35.4808016,138.6584473,35.4830381,candidate URL generated from official GSI tile scheme; existence/coverage not locally verified
DEM1A,~1 m,airborne laser,17,116019,51703,https://cyberjapandata.gsi.go.jp/xyz/dem1a_png/17/116019/51703.png,138.6557007,35.478565,138.6584473,35.4808016,candidate URL generated from official GSI tile scheme; existence/coverage not locally verified
DEM1A,~1 m,airborne laser,17,116019,51704,https://cyberjapandata.gsi.go.jp/xyz/dem1a_png/17/116019/51704.png,138.6557007,35.4763283,138.6584473,35.478565,candidate URL generated from official GSI tile scheme; existence/coverage not locally verified
DEM1A,~1 m,airborne laser,17,116019,51705,https://cyberjapandata.gsi.go.jp/xyz/dem1a_png/17/116019/51705.png,138.6557007,35.4740916,138.6584473,35.4763283,candidate URL generated from official GSI tile scheme; existence/coverage not locally verified
DEM1A,~1 m,airborne laser,17,116019,51706,https://cyberjapandata.gsi.go.jp/xyz/dem1a_png/17/116019/51706.png,138.6557007,35.4718548,138.6584473,35.4740916,candidate URL generated from official GSI tile scheme; existence/coverage not locally verified
DEM1A,~1 m,airborne laser,17,116019,51707,https://cyberjapandata.gsi.go.jp/xyz/dem1a_png/17/116019/51707.png,138.6557007,35.469618,138.6584473,35.4718548,candidate URL generated from official GSI tile scheme; existence/coverage not locally verified
DEM1A,~1 m,airborne laser,17,116019,51708,https://cyberjapandata.gsi.go.jp/xyz/dem1a_png/17/116019/51708.png,138.6557007,35.4673811,138.6584473,35.469618,candidate URL generated from official GSI tile scheme; existence/coverage not locally verified
DEM1A,~1 m,airborne laser,17,116019,51709,https://cyberjapandata.gsi.go.jp/xyz/dem1a_png/17/116019/51709.png,138.6557007,35.4651441,138.6584473,35.4673811,candidate URL generated from official GSI tile scheme; existence/coverage not locally verified
DEM1A,~1 m,airborne laser,17,116019,51710,https://cyberjapandata.gsi.go.jp/xyz/dem1a_png/17/116019/51710.png,138.6557007,35.462907,138.6584473,35.4651441,candidate URL generated from official GSI tile scheme; existence/coverage not locally verified
DEM1A,~1 m,airborne laser,17,116019,51711,https://cyberjapandata.gsi.go.jp/xyz/dem1a_png/17/116019/51711.png,138.6557007,35.46067,138.6584473,35.462907,candidate URL generated from official GSI tile scheme; existence/coverage not locally verified
DEM1A,~1 m,airborne laser,17,116019,51712,https://cyberjapandata.gsi.go.jp/xyz/dem1a_png/17/116019/51712.png,138.6557007,35.4584328,138.6584473,35.46067,candidate URL generated from official GSI tile scheme; existence/coverage not locally verified
DEM1A,~1 m,airborne laser,17,116019,51713,https://cyberjapandata.gsi.go.jp/xyz/dem1a_png/17/116019/51713.png,138.6557007,35.4561956,138.6584473,35.4584328,candidate URL generated from official GSI tile scheme; existence/coverage not locally verified
DEM1A,~1 m,airborne laser,17,116019,51714,https://cyberjapandata.gsi.go.jp/xyz/dem1a_png/17/116019/51714.png,138.6557007,35.4539583,138.6584473,35.4561956,candidate URL generated from official GSI tile scheme; existence/coverage not locally verified
DEM1A,~1 m,airborne laser,17,116019,51715,https://cyberjapandata.gsi.go.jp/xyz/dem1a_png/17/116019/51715.png,138.6557007,35.4517209,138.6584473,35.4539583,candidate URL generated from official GSI tile scheme; existence/coverage not locally verified
DEM1A,~1 m,airborne laser,17,116019,51716,https://cyberjapandata.gsi.go.jp/xyz/dem1a_png/17/116019/51716.png,138.6557007,35.4494835,138.6584473,35.4517209,candidate URL generated from official GSI tile scheme; existence/coverage not locally verified
DEM1A,~1 m,airborne laser,17,116019,51717,https://cyberjapandata.gsi.go.jp/xyz/dem1a_png/17/116019/51717.png,138.6557007,35.4472461,138.6584473,35.4494835,candidate URL generated from official GSI tile scheme; existence/coverage not locally verified
DEM1A,~1 m,airborne laser,17,116019,51718,https://cyberjapandata.gsi.go.jp/xyz/dem1a_png/17/116019/51718.png,138.6557007,35.4450085,138.6584473,35.4472461,candidate URL generated from official GSI tile scheme; existence/coverage not locally verified
DEM1A,~1 m,airborne laser,17,116019,51719,https://cyberjapandata.gsi.go.jp/xyz/dem1a_png/17/116019/51719.png,138.6557007,35.4427709,138.6584473,35.4450085,candidate URL generated from official GSI tile scheme; existence/coverage not locally verified
DEM1A,~1 m,airborne laser,17,116019,51720,https://cyberjapandata.gsi.go.jp/xyz/dem1a_png/17/116019/51720.png,138.6557007,35.4405333,138.6584473,35.4427709,candidate URL generated from official GSI tile scheme; existence/coverage not locally verified
DEM1A,~1 m,airborne laser,17,116019,51721,https://cyberjapandata.gsi.go.jp/xyz/dem1a_png/17/116019/51721.png,138.6557007,35.4382955,138.6584473,35.4405333,candidate URL generated from official GSI tile scheme; existence/coverage not locally verified
DEM1A,~1 m,airborne laser,17,116019,51722,https://cyberjapandata.gsi.go.jp/xyz/dem1a_png/17/116019/51722.png,138.6557007,35.4360578,138.6584473,35.4382955,candidate URL generated from official GSI tile scheme; existence/coverage not locally verified
DEM1A,~1 m,airborne laser,17,116019,51723,https://cyberjapandata.gsi.go.jp/xyz/dem1a_png/17/116019/51723.png,138.6557007,35.4338199,138.6584473,35.4360578,candidate URL generated from official GSI tile scheme; existence/coverage not locally verified
DEM1A,~1 m,airborne laser,17,116019,51724,https://cyberjapandata.gsi.go.jp/xyz/dem1a_png/17/116019/51724.png,138.6557007,35.431582,138.6584473,35.4338199,candidate URL generated from official GSI tile scheme; existence/coverage not locally verified
DEM1A,~1 m,airborne laser,17,116019,51725,https://cyberjapandata.gsi.go.jp/xyz/dem1a_png/17/116019/51725.png,138.6557007,35.429344,138.6584473,35.431582,candidate URL generated from official GSI tile scheme; existence/coverage not locally verified
DEM1A,~1 m,airborne laser,17,116020,51680,https://cyberjapandata.gsi.go.jp/xyz/dem1a_png/17/116020/51680.png,138.6584473,35.5299911,138.6611938,35.5322262,candidate URL generated from official GSI tile scheme; existence/coverage not locally verified
DEM1A,~1 m,airborne laser,17,116020,51681,https://cyberjapandata.gsi.go.jp/xyz/dem1a_png/17/116020/51681.png,138.6584473,35.5277558,138.6611938,35.5299911,candidate URL generated from official GSI tile scheme; existence/coverage not locally verified
DEM1A,~1 m,airborne laser,17,116020,51682,https://cyberjapandata.gsi.go.jp/xyz/dem1a_png/17/116020/51682.png,138.6584473,35.5255205,138.6611938,35.5277558,candidate URL generated from official GSI tile scheme; existence/coverage not locally verified
DEM1A,~1 m,airborne laser,17,116020,51683,https://cyberjapandata.gsi.go.jp/xyz/dem1a_png/17/116020/51683.png,138.6584473,35.5232852,138.6611938,35.5255205,candidate URL generated from official GSI tile scheme; existence/coverage not locally verified
DEM1A,~1 m,airborne laser,17,116020,51684,https://cyberjapandata.gsi.go.jp/xyz/dem1a_png/17/116020/51684.png,138.6584473,35.5210498,138.6611938,35.5232852,candidate URL generated from official GSI tile scheme; existence/coverage not locally verified
DEM1A,~1 m,airborne laser,17,116020,51685,https://cyberjapandata.gsi.go.jp/xyz/dem1a_png/17/116020/51685.png,138.6584473,35.5188143,138.6611938,35.5210498,candidate URL generated from official GSI tile scheme; existence/coverage not locally verified
DEM1A,~1 m,airborne laser,17,116020,51686,https://cyberjapandata.gsi.go.jp/xyz/dem1a_png/17/116020/51686.png,138.6584473,35.5165787,138.6611938,35.5188143,candidate URL generated from official GSI tile scheme; existence/coverage not locally verified
DEM1A,~1 m,airborne laser,17,116020,51687,https://cyberjapandata.gsi.go.jp/xyz/dem1a_png/17/116020/51687.png,138.6584473,35.5143431,138.6611938,35.5165787,candidate URL generated from official GSI tile scheme; existence/coverage not locally verified
DEM1A,~1 m,airborne laser,17,116020,51688,https://cyberjapandata.gsi.go.jp/xyz/dem1a_png/17/116020/51688.png,138.6584473,35.5121075,138.6611938,35.5143431,candidate URL generated from official GSI tile scheme; existence/coverage not locally verified
DEM1A,~1 m,airborne laser,17,116020,51689,https://cyberjapandata.gsi.go.jp/xyz/dem1a_png/17/116020/51689.png,138.6584473,35.5098717,138.6611938,35.5121075,candidate URL generated from official GSI tile scheme; existence/coverage not locally verified
DEM1A,~1 m,airborne laser,17,116020,51690,https://cyberjapandata.gsi.go.jp/xyz/dem1a_png/17/116020/51690.png,138.6584473,35.5076359,138.6611938,35.5098717,candidate URL generated from official GSI tile scheme; existence/coverage not locally verified
DEM1A,~1 m,airborne laser,17,116020,51691,https://cyberjapandata.gsi.go.jp/xyz/dem1a_png/17/116020/51691.png,138.6584473,35.5054001,138.6611938,35.5076359,candidate URL generated from official GSI tile scheme; existence/coverage not locally verified
DEM1A,~1 m,airborne laser,17,116020,51692,https://cyberjapandata.gsi.go.jp/xyz/dem1a_png/17/116020/51692.png,138.6584473,35.5031642,138.6611938,35.5054001,candidate URL generated from official GSI tile scheme; existence/coverage not locally verified
DEM1A,~1 m,airborne laser,17,116020,51693,https://cyberjapandata.gsi.go.jp/xyz/dem1a_png/17/116020/51693.png,138.6584473,35.5009282,138.6611938,35.5031642,candidate URL generated from official GSI tile scheme; existence/coverage not locally verified
DEM1A,~1 m,airborne laser,17,116020,51694,https://cyberjapandata.gsi.go.jp/xyz/dem1a_png/17/116020/51694.png,138.6584473,35.4986922,138.6611938,35.5009282,candidate URL generated from official GSI tile scheme; existence/coverage not locally verified
DEM1A,~1 m,airborne laser,17,116020,51695,https://cyberjapandata.gsi.go.jp/xyz/dem1a_png/17/116020/51695.png,138.6584473,35.4964561,138.6611938,35.4986922,candidate URL generated from official GSI tile scheme; existence/coverage not locally verified
DEM1A,~1 m,airborne laser,17,116020,51696,https://cyberjapandata.gsi.go.jp/xyz/dem1a_png/17/116020/51696.png,138.6584473,35.4942199,138.6611938,35.4964561,candidate URL generated from official GSI tile scheme; existence/coverage not locally verified
DEM1A,~1 m,airborne laser,17,116020,51697,https://cyberjapandata.gsi.go.jp/xyz/dem1a_png/17/116020/51697.png,138.6584473,35.4919837,138.6611938,35.4942199,candidate URL generated from official GSI tile scheme; existence/coverage not locally verified
DEM1A,~1 m,airborne laser,17,116020,51698,https://cyberjapandata.gsi.go.jp/xyz/dem1a_png/17/116020/51698.png,138.6584473,35.4897474,138.6611938,35.4919837,candidate URL generated from official GSI tile scheme; existence/coverage not locally verified
DEM1A,~1 m,airborne laser,17,116020,51699,https://cyberjapandata.gsi.go.jp/xyz/dem1a_png/17/116020/51699.png,138.6584473,35.487511,138.6611938,35.4897474,candidate URL generated from official GSI tile scheme; existence/coverage not locally verified
DEM1A,~1 m,airborne laser,17,116020,51700,https://cyberjapandata.gsi.go.jp/xyz/dem1a_png/17/116020/51700.png,138.6584473,35.4852746,138.6611938,35.487511,candidate URL generated from official GSI tile scheme; existence/coverage not locally verified
DEM1A,~1 m,airborne laser,17,116020,51701,https://cyberjapandata.gsi.go.jp/xyz/dem1a_png/17/116020/51701.png,138.6584473,35.4830381,138.6611938,35.4852746,candidate URL generated from official GSI tile scheme; existence/coverage not locally verified
DEM1A,~1 m,airborne laser,17,116020,51702,https://cyberjapandata.gsi.go.jp/xyz/dem1a_png/17/116020/51702.png,138.6584473,35.4808016,138.6611938,35.4830381,candidate URL generated from official GSI tile scheme; existence/coverage not locally verified
DEM1A,~1 m,airborne laser,17,116020,51703,https://cyberjapandata.gsi.go.jp/xyz/dem1a_png/17/116020/51703.png,138.6584473,35.478565,138.6611938,35.4808016,candidate URL generated from official GSI tile scheme; existence/coverage not locally verified
DEM1A,~1 m,airborne laser,17,116020,51704,https://cyberjapandata.gsi.go.jp/xyz/dem1a_png/17/116020/51704.png,138.6584473,35.4763283,138.6611938,35.478565,candidate URL generated from official GSI tile scheme; existence/coverage not locally verified
DEM1A,~1 m,airborne laser,17,116020,51705,https://cyberjapandata.gsi.go.jp/xyz/dem1a_png/17/116020/51705.png,138.6584473,35.4740916,138.6611938,35.4763283,candidate URL generated from official GSI tile scheme; existence/coverage not locally verified
DEM1A,~1 m,airborne laser,17,116020,51706,https://cyberjapandata.gsi.go.jp/xyz/dem1a_png/17/116020/51706.png,138.6584473,35.4718548,138.6611938,35.4740916,candidate URL generated from official GSI tile scheme; existence/coverage not locally verified
DEM1A,~1 m,airborne laser,17,116020,51707,https://cyberjapandata.gsi.go.jp/xyz/dem1a_png/17/116020/51707.png,138.6584473,35.469618,138.6611938,35.4718548,candidate URL generated from official GSI tile scheme; existence/coverage not locally verified
DEM1A,~1 m,airborne laser,17,116020,51708,https://cyberjapandata.gsi.go.jp/xyz/dem1a_png/17/116020/51708.png,138.6584473,35.4673811,138.6611938,35.469618,candidate URL generated from official GSI tile scheme; existence/coverage not locally verified
DEM1A,~1 m,airborne laser,17,116020,51709,https://cyberjapandata.gsi.go.jp/xyz/dem1a_png/17/116020/51709.png,138.6584473,35.4651441,138.6611938,35.4673811,candidate URL generated from official GSI tile scheme; existence/coverage not locally verified
DEM1A,~1 m,airborne laser,17,116020,51710,https://cyberjapandata.gsi.go.jp/xyz/dem1a_png/17/116020/51710.png,138.6584473,35.462907,138.6611938,35.4651441,candidate URL generated from official GSI tile scheme; existence/coverage not locally verified
DEM1A,~1 m,airborne laser,17,116020,51711,https://cyberjapandata.gsi.go.jp/xyz/dem1a_png/17/116020/51711.png,138.6584473,35.46067,138.6611938,35.462907,candidate URL generated from official GSI tile scheme; existence/coverage not locally verified
DEM1A,~1 m,airborne laser,17,116020,51712,https://cyberjapandata.gsi.go.jp/xyz/dem1a_png/17/116020/51712.png,138.6584473,35.4584328,138.6611938,35.46067,candidate URL generated from official GSI tile scheme; existence/coverage not locally verified
DEM1A,~1 m,airborne laser,17,116020,51713,https://cyberjapandata.gsi.go.jp/xyz/dem1a_png/17/116020/51713.png,138.6584473,35.4561956,138.6611938,35.4584328,candidate URL generated from official GSI tile scheme; existence/coverage not locally verified
DEM1A,~1 m,airborne laser,17,116020,51714,https://cyberjapandata.gsi.go.jp/xyz/dem1a_png/17/116020/51714.png,138.6584473,35.4539583,138.6611938,35.4561956,candidate URL generated from official GSI tile scheme; existence/coverage not locally verified
DEM1A,~1 m,airborne laser,17,116020,51715,https://cyberjapandata.gsi.go.jp/xyz/dem1a_png/17/116020/51715.png,138.6584473,35.4517209,138.6611938,35.4539583,candidate URL generated from official GSI tile scheme; existence/coverage not locally verified
DEM1A,~1 m,airborne laser,17,116020,51716,https://cyberjapandata.gsi.go.jp/xyz/dem1a_png/17/116020/51716.png,138.6584473,35.4494835,138.6611938,35.4517209,candidate URL generated from official GSI tile scheme; existence/coverage not locally verified
DEM1A,~1 m,airborne laser,17,116020,51717,https://cyberjapandata.gsi.go.jp/xyz/dem1a_png/17/116020/51717.png,138.6584473,35.4472461,138.6611938,35.4494835,candidate URL generated from official GSI tile scheme; existence/coverage not locally verified
DEM1A,~1 m,airborne laser,17,116020,51718,https://cyberjapandata.gsi.go.jp/xyz/dem1a_png/17/116020/51718.png,138.6584473,35.4450085,138.6611938,35.4472461,candidate URL generated from official GSI tile scheme; existence/coverage not locally verified
DEM1A,~1 m,airborne laser,17,116020,51719,https://cyberjapandata.gsi.go.jp/xyz/dem1a_png/17/116020/51719.png,138.6584473,35.4427709,138.6611938,35.4450085,candidate URL generated from official GSI tile scheme; existence/coverage not locally verified
DEM1A,~1 m,airborne laser,17,116020,51720,https://cyberjapandata.gsi.go.jp/xyz/dem1a_png/17/116020/51720.png,138.6584473,35.4405333,138.6611938,35.4427709,candidate URL generated from official GSI tile scheme; existence/coverage not locally verified
DEM1A,~1 m,airborne laser,17,116020,51721,https://cyberjapandata.gsi.go.jp/xyz/dem1a_png/17/116020/51721.png,138.6584473,35.4382955,138.6611938,35.4405333,candidate URL generated from official GSI tile scheme; existence/coverage not locally verified
DEM1A,~1 m,airborne laser,17,116020,51722,https://cyberjapandata.gsi.go.jp/xyz/dem1a_png/17/116020/51722.png,138.6584473,35.4360578,138.6611938,35.4382955,candidate URL generated from official GSI tile scheme; existence/coverage not locally verified
DEM1A,~1 m,airborne laser,17,116020,51723,https://cyberjapandata.gsi.go.jp/xyz/dem1a_png/17/116020/51723.png,138.6584473,35.4338199,138.6611938,35.4360578,candidate URL generated from official GSI tile scheme; existence/coverage not locally verified
DEM1A,~1 m,airborne laser,17,116020,51724,https://cyberjapandata.gsi.go.jp/xyz/dem1a_png/17/116020/51724.png,138.6584473,35.431582,138.6611938,35.4338199,candidate URL generated from official GSI tile scheme; existence/coverage not locally verified
DEM1A,~1 m,airborne laser,17,116020,51725,https://cyberjapandata.gsi.go.jp/xyz/dem1a_png/17/116020/51725.png,138.6584473,35.429344,138.6611938,35.431582,candidate URL generated from official GSI tile scheme; existence/coverage not locally verified
DEM1A,~1 m,airborne laser,17,116021,51680,https://cyberjapandata.gsi.go.jp/xyz/dem1a_png/17/116021/51680.png,138.6611938,35.5299911,138.6639404,35.5322262,candidate URL generated from official GSI tile scheme; existence/coverage not locally verified
DEM1A,~1 m,airborne laser,17,116021,51681,https://cyberjapandata.gsi.go.jp/xyz/dem1a_png/17/116021/51681.png,138.6611938,35.5277558,138.6639404,35.5299911,candidate URL generated from official GSI tile scheme; existence/coverage not locally verified
DEM1A,~1 m,airborne laser,17,116021,51682,https://cyberjapandata.gsi.go.jp/xyz/dem1a_png/17/116021/51682.png,138.6611938,35.5255205,138.6639404,35.5277558,candidate URL generated from official GSI tile scheme; existence/coverage not locally verified
DEM1A,~1 m,airborne laser,17,116021,51683,https://cyberjapandata.gsi.go.jp/xyz/dem1a_png/17/116021/51683.png,138.6611938,35.5232852,138.6639404,35.5255205,candidate URL generated from official GSI tile scheme; existence/coverage not locally verified
DEM1A,~1 m,airborne laser,17,116021,51684,https://cyberjapandata.gsi.go.jp/xyz/dem1a_png/17/116021/51684.png,138.6611938,35.5210498,138.6639404,35.5232852,candidate URL generated from official GSI tile scheme; existence/coverage not locally verified
DEM1A,~1 m,airborne laser,17,116021,51685,https://cyberjapandata.gsi.go.jp/xyz/dem1a_png/17/116021/51685.png,138.6611938,35.5188143,138.6639404,35.5210498,candidate URL generated from official GSI tile scheme; existence/coverage not locally verified
DEM1A,~1 m,airborne laser,17,116021,51686,https://cyberjapandata.gsi.go.jp/xyz/dem1a_png/17/116021/51686.png,138.6611938,35.5165787,138.6639404,35.5188143,candidate URL generated from official GSI tile scheme; existence/coverage not locally verified
DEM1A,~1 m,airborne laser,17,116021,51687,https://cyberjapandata.gsi.go.jp/xyz/dem1a_png/17/116021/51687.png,138.6611938,35.5143431,138.6639404,35.5165787,candidate URL generated from official GSI tile scheme; existence/coverage not locally verified
DEM1A,~1 m,airborne laser,17,116021,51688,https://cyberjapandata.gsi.go.jp/xyz/dem1a_png/17/116021/51688.png,138.6611938,35.5121075,138.6639404,35.5143431,candidate URL generated from official GSI tile scheme; existence/coverage not locally verified
DEM1A,~1 m,airborne laser,17,116021,51689,https://cyberjapandata.gsi.go.jp/xyz/dem1a_png/17/116021/51689.png,138.6611938,35.5098717,138.6639404,35.5121075,candidate URL generated from official GSI tile scheme; existence/coverage not locally verified
DEM1A,~1 m,airborne laser,17,116021,51690,https://cyberjapandata.gsi.go.jp/xyz/dem1a_png/17/116021/51690.png,138.6611938,35.5076359,138.6639404,35.5098717,candidate URL generated from official GSI tile scheme; existence/coverage not locally verified
DEM1A,~1 m,airborne laser,17,116021,51691,https://cyberjapandata.gsi.go.jp/xyz/dem1a_png/17/116021/51691.png,138.6611938,35.5054001,138.6639404,35.5076359,candidate URL generated from official GSI tile scheme; existence/coverage not locally verified
DEM1A,~1 m,airborne laser,17,116021,51692,https://cyberjapandata.gsi.go.jp/xyz/dem1a_png/17/116021/51692.png,138.6611938,35.5031642,138.6639404,35.5054001,candidate URL generated from official GSI tile scheme; existence/coverage not locally verified
DEM1A,~1 m,airborne laser,17,116021,51693,https://cyberjapandata.gsi.go.jp/xyz/dem1a_png/17/116021/51693.png,138.6611938,35.5009282,138.6639404,35.5031642,candidate URL generated from official GSI tile scheme; existence/coverage not locally verified
DEM1A,~1 m,airborne laser,17,116021,51694,https://cyberjapandata.gsi.go.jp/xyz/dem1a_png/17/116021/51694.png,138.6611938,35.4986922,138.6639404,35.5009282,candidate URL generated from official GSI tile scheme; existence/coverage not locally verified
DEM1A,~1 m,airborne laser,17,116021,51695,https://cyberjapandata.gsi.go.jp/xyz/dem1a_png/17/116021/51695.png,138.6611938,35.4964561,138.6639404,35.4986922,candidate URL generated from official GSI tile scheme; existence/coverage not locally verified
DEM1A,~1 m,airborne laser,17,116021,51696,https://cyberjapandata.gsi.go.jp/xyz/dem1a_png/17/116021/51696.png,138.6611938,35.4942199,138.6639404,35.4964561,candidate URL generated from official GSI tile scheme; existence/coverage not locally verified
DEM1A,~1 m,airborne laser,17,116021,51697,https://cyberjapandata.gsi.go.jp/xyz/dem1a_png/17/116021/51697.png,138.6611938,35.4919837,138.6639404,35.4942199,candidate URL generated from official GSI tile scheme; existence/coverage not locally verified
DEM1A,~1 m,airborne laser,17,116021,51698,https://cyberjapandata.gsi.go.jp/xyz/dem1a_png/17/116021/51698.png,138.6611938,35.4897474,138.6639404,35.4919837,candidate URL generated from official GSI tile scheme; existence/coverage not locally verified
DEM1A,~1 m,airborne laser,17,116021,51699,https://cyberjapandata.gsi.go.jp/xyz/dem1a_png/17/116021/51699.png,138.6611938,35.487511,138.6639404,35.4897474,candidate URL generated from official GSI tile scheme; existence/coverage not locally verified
DEM1A,~1 m,airborne laser,17,116021,51700,https://cyberjapandata.gsi.go.jp/xyz/dem1a_png/17/116021/51700.png,138.6611938,35.4852746,138.6639404,35.487511,candidate URL generated from official GSI tile scheme; existence/coverage not locally verified
DEM1A,~1 m,airborne laser,17,116021,51701,https://cyberjapandata.gsi.go.jp/xyz/dem1a_png/17/116021/51701.png,138.6611938,35.4830381,138.6639404,35.4852746,candidate URL generated from official GSI tile scheme; existence/coverage not locally verified
DEM1A,~1 m,airborne laser,17,116021,51702,https://cyberjapandata.gsi.go.jp/xyz/dem1a_png/17/116021/51702.png,138.6611938,35.4808016,138.6639404,35.4830381,candidate URL generated from official GSI tile scheme; existence/coverage not locally verified
DEM1A,~1 m,airborne laser,17,116021,51703,https://cyberjapandata.gsi.go.jp/xyz/dem1a_png/17/116021/51703.png,138.6611938,35.478565,138.6639404,35.4808016,candidate URL generated from official GSI tile scheme; existence/coverage not locally verified
DEM1A,~1 m,airborne laser,17,116021,51704,https://cyberjapandata.gsi.go.jp/xyz/dem1a_png/17/116021/51704.png,138.6611938,35.4763283,138.6639404,35.478565,candidate URL generated from official GSI tile scheme; existence/coverage not locally verified
DEM1A,~1 m,airborne laser,17,116021,51705,https://cyberjapandata.gsi.go.jp/xyz/dem1a_png/17/116021/51705.png,138.6611938,35.4740916,138.6639404,35.4763283,candidate URL generated from official GSI tile scheme; existence/coverage not locally verified
DEM1A,~1 m,airborne laser,17,116021,51706,https://cyberjapandata.gsi.go.jp/xyz/dem1a_png/17/116021/51706.png,138.6611938,35.4718548,138.6639404,35.4740916,candidate URL generated from official GSI tile scheme; existence/coverage not locally verified
DEM1A,~1 m,airborne laser,17,116021,51707,https://cyberjapandata.gsi.go.jp/xyz/dem1a_png/17/116021/51707.png,138.6611938,35.469618,138.6639404,35.4718548,candidate URL generated from official GSI tile scheme; existence/coverage not locally verified
DEM1A,~1 m,airborne laser,17,116021,51708,https://cyberjapandata.gsi.go.jp/xyz/dem1a_png/17/116021/51708.png,138.6611938,35.4673811,138.6639404,35.469618,candidate URL generated from official GSI tile scheme; existence/coverage not locally verified
DEM1A,~1 m,airborne laser,17,116021,51709,https://cyberjapandata.gsi.go.jp/xyz/dem1a_png/17/116021/51709.png,138.6611938,35.4651441,138.6639404,35.4673811,candidate URL generated from official GSI tile scheme; existence/coverage not locally verified
DEM1A,~1 m,airborne laser,17,116021,51710,https://cyberjapandata.gsi.go.jp/xyz/dem1a_png/17/116021/51710.png,138.6611938,35.462907,138.6639404,35.4651441,candidate URL generated from official GSI tile scheme; existence/coverage not locally verified
DEM1A,~1 m,airborne laser,17,116021,51711,https://cyberjapandata.gsi.go.jp/xyz/dem1a_png/17/116021/51711.png,138.6611938,35.46067,138.6639404,35.462907,candidate URL generated from official GSI tile scheme; existence/coverage not locally verified
DEM1A,~1 m,airborne laser,17,116021,51712,https://cyberjapandata.gsi.go.jp/xyz/dem1a_png/17/116021/51712.png,138.6611938,35.4584328,138.6639404,35.46067,candidate URL generated from official GSI tile scheme; existence/coverage not locally verified
DEM1A,~1 m,airborne laser,17,116021,51713,https://cyberjapandata.gsi.go.jp/xyz/dem1a_png/17/116021/51713.png,138.6611938,35.4561956,138.6639404,35.4584328,candidate URL generated from official GSI tile scheme; existence/coverage not locally verified
DEM1A,~1 m,airborne laser,17,116021,51714,https://cyberjapandata.gsi.go.jp/xyz/dem1a_png/17/116021/51714.png,138.6611938,35.4539583,138.6639404,35.4561956,candidate URL generated from official GSI tile scheme; existence/coverage not locally verified
DEM1A,~1 m,airborne laser,17,116021,51715,https://cyberjapandata.gsi.go.jp/xyz/dem1a_png/17/116021/51715.png,138.6611938,35.4517209,138.6639404,35.4539583,candidate URL generated from official GSI tile scheme; existence/coverage not locally verified
DEM1A,~1 m,airborne laser,17,116021,51716,https://cyberjapandata.gsi.go.jp/xyz/dem1a_png/17/116021/51716.png,138.6611938,35.4494835,138.6639404,35.4517209,candidate URL generated from official GSI tile scheme; existence/coverage not locally verified
DEM1A,~1 m,airborne laser,17,116021,51717,https://cyberjapandata.gsi.go.jp/xyz/dem1a_png/17/116021/51717.png,138.6611938,35.4472461,138.6639404,35.4494835,candidate URL generated from official GSI tile scheme; existence/coverage not locally verified
DEM1A,~1 m,airborne laser,17,116021,51718,https://cyberjapandata.gsi.go.jp/xyz/dem1a_png/17/116021/51718.png,138.6611938,35.4450085,138.6639404,35.4472461,candidate URL generated from official GSI tile scheme; existence/coverage not locally verified
DEM1A,~1 m,airborne laser,17,116021,51719,https://cyberjapandata.gsi.go.jp/xyz/dem1a_png/17/116021/51719.png,138.6611938,35.4427709,138.6639404,35.4450085,candidate URL generated from official GSI tile scheme; existence/coverage not locally verified
DEM1A,~1 m,airborne laser,17,116021,51720,https://cyberjapandata.gsi.go.jp/xyz/dem1a_png/17/116021/51720.png,138.6611938,35.4405333,138.6639404,35.4427709,candidate URL generated from official GSI tile scheme; existence/coverage not locally verified
DEM1A,~1 m,airborne laser,17,116021,51721,https://cyberjapandata.gsi.go.jp/xyz/dem1a_png/17/116021/51721.png,138.6611938,35.4382955,138.6639404,35.4405333,candidate URL generated from official GSI tile scheme; existence/coverage not locally verified
DEM1A,~1 m,airborne laser,17,116021,51722,https://cyberjapandata.gsi.go.jp/xyz/dem1a_png/17/116021/51722.png,138.6611938,35.4360578,138.6639404,35.4382955,candidate URL generated from official GSI tile scheme; existence/coverage not locally verified
DEM1A,~1 m,airborne laser,17,116021,51723,https://cyberjapandata.gsi.go.jp/xyz/dem1a_png/17/116021/51723.png,138.6611938,35.4338199,138.6639404,35.4360578,candidate URL generated from official GSI tile scheme; existence/coverage not locally verified
DEM1A,~1 m,airborne laser,17,116021,51724,https://cyberjapandata.gsi.go.jp/xyz/dem1a_png/17/116021/51724.png,138.6611938,35.431582,138.6639404,35.4338199,candidate URL generated from official GSI tile scheme; existence/coverage not locally verified
DEM1A,~1 m,airborne laser,17,116021,51725,https://cyberjapandata.gsi.go.jp/xyz/dem1a_png/17/116021/51725.png,138.6611938,35.429344,138.6639404,35.431582,candidate URL generated from official GSI tile scheme; existence/coverage not locally verified
DEM1A,~1 m,airborne laser,17,116022,51680,https://cyberjapandata.gsi.go.jp/xyz/dem1a_png/17/116022/51680.png,138.6639404,35.5299911,138.666687,35.5322262,candidate URL generated from official GSI tile scheme; existence/coverage not locally verified
DEM1A,~1 m,airborne laser,17,116022,51681,https://cyberjapandata.gsi.go.jp/xyz/dem1a_png/17/116022/51681.png,138.6639404,35.5277558,138.666687,35.5299911,candidate URL generated from official GSI tile scheme; existence/coverage not locally verified
DEM1A,~1 m,airborne laser,17,116022,51682,https://cyberjapandata.gsi.go.jp/xyz/dem1a_png/17/116022/51682.png,138.6639404,35.5255205,138.666687,35.5277558,candidate URL generated from official GSI tile scheme; existence/coverage not locally verified
DEM1A,~1 m,airborne laser,17,116022,51683,https://cyberjapandata.gsi.go.jp/xyz/dem1a_png/17/116022/51683.png,138.6639404,35.5232852,138.666687,35.5255205,candidate URL generated from official GSI tile scheme; existence/coverage not locally verified
DEM1A,~1 m,airborne laser,17,116022,51684,https://cyberjapandata.gsi.go.jp/xyz/dem1a_png/17/116022/51684.png,138.6639404,35.5210498,138.666687,35.5232852,candidate URL generated from official GSI tile scheme; existence/coverage not locally verified
DEM1A,~1 m,airborne laser,17,116022,51685,https://cyberjapandata.gsi.go.jp/xyz/dem1a_png/17/116022/51685.png,138.6639404,35.5188143,138.666687,35.5210498,candidate URL generated from official GSI tile scheme; existence/coverage not locally verified
DEM1A,~1 m,airborne laser,17,116022,51686,https://cyberjapandata.gsi.go.jp/xyz/dem1a_png/17/116022/51686.png,138.6639404,35.5165787,138.666687,35.5188143,candidate URL generated from official GSI tile scheme; existence/coverage not locally verified
DEM1A,~1 m,airborne laser,17,116022,51687,https://cyberjapandata.gsi.go.jp/xyz/dem1a_png/17/116022/51687.png,138.6639404,35.5143431,138.666687,35.5165787,candidate URL generated from official GSI tile scheme; existence/coverage not locally verified
DEM1A,~1 m,airborne laser,17,116022,51688,https://cyberjapandata.gsi.go.jp/xyz/dem1a_png/17/116022/51688.png,138.6639404,35.5121075,138.666687,35.5143431,candidate URL generated from official GSI tile scheme; existence/coverage not locally verified
DEM1A,~1 m,airborne laser,17,116022,51689,https://cyberjapandata.gsi.go.jp/xyz/dem1a_png/17/116022/51689.png,138.6639404,35.5098717,138.666687,35.5121075,candidate URL generated from official GSI tile scheme; existence/coverage not locally verified
DEM1A,~1 m,airborne laser,17,116022,51690,https://cyberjapandata.gsi.go.jp/xyz/dem1a_png/17/116022/51690.png,138.6639404,35.5076359,138.666687,35.5098717,candidate URL generated from official GSI tile scheme; existence/coverage not locally verified
DEM1A,~1 m,airborne laser,17,116022,51691,https://cyberjapandata.gsi.go.jp/xyz/dem1a_png/17/116022/51691.png,138.6639404,35.5054001,138.666687,35.5076359,candidate URL generated from official GSI tile scheme; existence/coverage not locally verified
DEM1A,~1 m,airborne laser,17,116022,51692,https://cyberjapandata.gsi.go.jp/xyz/dem1a_png/17/116022/51692.png,138.6639404,35.5031642,138.666687,35.5054001,candidate URL generated from official GSI tile scheme; existence/coverage not locally verified
DEM1A,~1 m,airborne laser,17,116022,51693,https://cyberjapandata.gsi.go.jp/xyz/dem1a_png/17/116022/51693.png,138.6639404,35.5009282,138.666687,35.5031642,candidate URL generated from official GSI tile scheme; existence/coverage not locally verified
DEM1A,~1 m,airborne laser,17,116022,51694,https://cyberjapandata.gsi.go.jp/xyz/dem1a_png/17/116022/51694.png,138.6639404,35.4986922,138.666687,35.5009282,candidate URL generated from official GSI tile scheme; existence/coverage not locally verified
DEM1A,~1 m,airborne laser,17,116022,51695,https://cyberjapandata.gsi.go.jp/xyz/dem1a_png/17/116022/51695.png,138.6639404,35.4964561,138.666687,35.4986922,candidate URL generated from official GSI tile scheme; existence/coverage not locally verified
DEM1A,~1 m,airborne laser,17,116022,51696,https://cyberjapandata.gsi.go.jp/xyz/dem1a_png/17/116022/51696.png,138.6639404,35.4942199,138.666687,35.4964561,candidate URL generated from official GSI tile scheme; existence/coverage not locally verified
DEM1A,~1 m,airborne laser,17,116022,51697,https://cyberjapandata.gsi.go.jp/xyz/dem1a_png/17/116022/51697.png,138.6639404,35.4919837,138.666687,35.4942199,candidate URL generated from official GSI tile scheme; existence/coverage not locally verified
DEM1A,~1 m,airborne laser,17,116022,51698,https://cyberjapandata.gsi.go.jp/xyz/dem1a_png/17/116022/51698.png,138.6639404,35.4897474,138.666687,35.4919837,candidate URL generated from official GSI tile scheme; existence/coverage not locally verified
DEM1A,~1 m,airborne laser,17,116022,51699,https://cyberjapandata.gsi.go.jp/xyz/dem1a_png/17/116022/51699.png,138.6639404,35.487511,138.666687,35.4897474,candidate URL generated from official GSI tile scheme; existence/coverage not locally verified
DEM1A,~1 m,airborne laser,17,116022,51700,https://cyberjapandata.gsi.go.jp/xyz/dem1a_png/17/116022/51700.png,138.6639404,35.4852746,138.666687,35.487511,candidate URL generated from official GSI tile scheme; existence/coverage not locally verified
DEM1A,~1 m,airborne laser,17,116022,51701,https://cyberjapandata.gsi.go.jp/xyz/dem1a_png/17/116022/51701.png,138.6639404,35.4830381,138.666687,35.4852746,candidate URL generated from official GSI tile scheme; existence/coverage not locally verified
DEM1A,~1 m,airborne laser,17,116022,51702,https://cyberjapandata.gsi.go.jp/xyz/dem1a_png/17/116022/51702.png,138.6639404,35.4808016,138.666687,35.4830381,candidate URL generated from official GSI tile scheme; existence/coverage not locally verified
DEM1A,~1 m,airborne laser,17,116022,51703,https://cyberjapandata.gsi.go.jp/xyz/dem1a_png/17/116022/51703.png,138.6639404,35.478565,138.666687,35.4808016,candidate URL generated from official GSI tile scheme; existence/coverage not locally verified
DEM1A,~1 m,airborne laser,17,116022,51704,https://cyberjapandata.gsi.go.jp/xyz/dem1a_png/17/116022/51704.png,138.6639404,35.4763283,138.666687,35.478565,candidate URL generated from official GSI tile scheme; existence/coverage not locally verified
DEM1A,~1 m,airborne laser,17,116022,51705,https://cyberjapandata.gsi.go.jp/xyz/dem1a_png/17/116022/51705.png,138.6639404,35.4740916,138.666687,35.4763283,candidate URL generated from official GSI tile scheme; existence/coverage not locally verified
DEM1A,~1 m,airborne laser,17,116022,51706,https://cyberjapandata.gsi.go.jp/xyz/dem1a_png/17/116022/51706.png,138.6639404,35.4718548,138.666687,35.4740916,candidate URL generated from official GSI tile scheme; existence/coverage not locally verified
DEM1A,~1 m,airborne laser,17,116022,51707,https://cyberjapandata.gsi.go.jp/xyz/dem1a_png/17/116022/51707.png,138.6639404,35.469618,138.666687,35.4718548,candidate URL generated from official GSI tile scheme; existence/coverage not locally verified
DEM1A,~1 m,airborne laser,17,116022,51708,https://cyberjapandata.gsi.go.jp/xyz/dem1a_png/17/116022/51708.png,138.6639404,35.4673811,138.666687,35.469618,candidate URL generated from official GSI tile scheme; existence/coverage not locally verified
DEM1A,~1 m,airborne laser,17,116022,51709,https://cyberjapandata.gsi.go.jp/xyz/dem1a_png/17/116022/51709.png,138.6639404,35.4651441,138.666687,35.4673811,candidate URL generated from official GSI tile scheme; existence/coverage not locally verified
DEM1A,~1 m,airborne laser,17,116022,51710,https://cyberjapandata.gsi.go.jp/xyz/dem1a_png/17/116022/51710.png,138.6639404,35.462907,138.666687,35.4651441,candidate URL generated from official GSI tile scheme; existence/coverage not locally verified
DEM1A,~1 m,airborne laser,17,116022,51711,https://cyberjapandata.gsi.go.jp/xyz/dem1a_png/17/116022/51711.png,138.6639404,35.46067,138.666687,35.462907,candidate URL generated from official GSI tile scheme; existence/coverage not locally verified
DEM1A,~1 m,airborne laser,17,116022,51712,https://cyberjapandata.gsi.go.jp/xyz/dem1a_png/17/116022/51712.png,138.6639404,35.4584328,138.666687,35.46067,candidate URL generated from official GSI tile scheme; existence/coverage not locally verified
DEM1A,~1 m,airborne laser,17,116022,51713,https://cyberjapandata.gsi.go.jp/xyz/dem1a_png/17/116022/51713.png,138.6639404,35.4561956,138.666687,35.4584328,candidate URL generated from official GSI tile scheme; existence/coverage not locally verified
DEM1A,~1 m,airborne laser,17,116022,51714,https://cyberjapandata.gsi.go.jp/xyz/dem1a_png/17/116022/51714.png,138.6639404,35.4539583,138.666687,35.4561956,candidate URL generated from official GSI tile scheme; existence/coverage not locally verified
DEM1A,~1 m,airborne laser,17,116022,51715,https://cyberjapandata.gsi.go.jp/xyz/dem1a_png/17/116022/51715.png,138.6639404,35.4517209,138.666687,35.4539583,candidate URL generated from official GSI tile scheme; existence/coverage not locally verified
DEM1A,~1 m,airborne laser,17,116022,51716,https://cyberjapandata.gsi.go.jp/xyz/dem1a_png/17/116022/51716.png,138.6639404,35.4494835,138.666687,35.4517209,candidate URL generated from official GSI tile scheme; existence/coverage not locally verified
DEM1A,~1 m,airborne laser,17,116022,51717,https://cyberjapandata.gsi.go.jp/xyz/dem1a_png/17/116022/51717.png,138.6639404,35.4472461,138.666687,35.4494835,candidate URL generated from official GSI tile scheme; existence/coverage not locally verified
DEM1A,~1 m,airborne laser,17,116022,51718,https://cyberjapandata.gsi.go.jp/xyz/dem1a_png/17/116022/51718.png,138.6639404,35.4450085,138.666687,35.4472461,candidate URL generated from official GSI tile scheme; existence/coverage not locally verified
DEM1A,~1 m,airborne laser,17,116022,51719,https://cyberjapandata.gsi.go.jp/xyz/dem1a_png/17/116022/51719.png,138.6639404,35.4427709,138.666687,35.4450085,candidate URL generated from official GSI tile scheme; existence/coverage not locally verified
DEM1A,~1 m,airborne laser,17,116022,51720,https://cyberjapandata.gsi.go.jp/xyz/dem1a_png/17/116022/51720.png,138.6639404,35.4405333,138.666687,35.4427709,candidate URL generated from official GSI tile scheme; existence/coverage not locally verified
DEM1A,~1 m,airborne laser,17,116022,51721,https://cyberjapandata.gsi.go.jp/xyz/dem1a_png/17/116022/51721.png,138.6639404,35.4382955,138.666687,35.4405333,candidate URL generated from official GSI tile scheme; existence/coverage not locally verified
DEM1A,~1 m,airborne laser,17,116022,51722,https://cyberjapandata.gsi.go.jp/xyz/dem1a_png/17/116022/51722.png,138.6639404,35.4360578,138.666687,35.4382955,candidate URL generated from official GSI tile scheme; existence/coverage not locally verified
DEM1A,~1 m,airborne laser,17,116022,51723,https://cyberjapandata.gsi.go.jp/xyz/dem1a_png/17/116022/51723.png,138.6639404,35.4338199,138.666687,35.4360578,candidate URL generated from official GSI tile scheme; existence/coverage not locally verified
DEM1A,~1 m,airborne laser,17,116022,51724,https://cyberjapandata.gsi.go.jp/xyz/dem1a_png/17/116022/51724.png,138.6639404,35.431582,138.666687,35.4338199,candidate URL generated from official GSI tile scheme; existence/coverage not locally verified
DEM1A,~1 m,airborne laser,17,116022,51725,https://cyberjapandata.gsi.go.jp/xyz/dem1a_png/17/116022/51725.png,138.6639404,35.429344,138.666687,35.431582,candidate URL generated from official GSI tile scheme; existence/coverage not locally verified
DEM1A,~1 m,airborne laser,17,116023,51680,https://cyberjapandata.gsi.go.jp/xyz/dem1a_png/17/116023/51680.png,138.666687,35.5299911,138.6694336,35.5322262,candidate URL generated from official GSI tile scheme; existence/coverage not locally verified
DEM1A,~1 m,airborne laser,17,116023,51681,https://cyberjapandata.gsi.go.jp/xyz/dem1a_png/17/116023/51681.png,138.666687,35.5277558,138.6694336,35.5299911,candidate URL generated from official GSI tile scheme; existence/coverage not locally verified
DEM1A,~1 m,airborne laser,17,116023,51682,https://cyberjapandata.gsi.go.jp/xyz/dem1a_png/17/116023/51682.png,138.666687,35.5255205,138.6694336,35.5277558,candidate URL generated from official GSI tile scheme; existence/coverage not locally verified
DEM1A,~1 m,airborne laser,17,116023,51683,https://cyberjapandata.gsi.go.jp/xyz/dem1a_png/17/116023/51683.png,138.666687,35.5232852,138.6694336,35.5255205,candidate URL generated from official GSI tile scheme; existence/coverage not locally verified
DEM1A,~1 m,airborne laser,17,116023,51684,https://cyberjapandata.gsi.go.jp/xyz/dem1a_png/17/116023/51684.png,138.666687,35.5210498,138.6694336,35.5232852,candidate URL generated from official GSI tile scheme; existence/coverage not locally verified
DEM1A,~1 m,airborne laser,17,116023,51685,https://cyberjapandata.gsi.go.jp/xyz/dem1a_png/17/116023/51685.png,138.666687,35.5188143,138.6694336,35.5210498,candidate URL generated from official GSI tile scheme; existence/coverage not locally verified
DEM1A,~1 m,airborne laser,17,116023,51686,https://cyberjapandata.gsi.go.jp/xyz/dem1a_png/17/116023/51686.png,138.666687,35.5165787,138.6694336,35.5188143,candidate URL generated from official GSI tile scheme; existence/coverage not locally verified
DEM1A,~1 m,airborne laser,17,116023,51687,https://cyberjapandata.gsi.go.jp/xyz/dem1a_png/17/116023/51687.png,138.666687,35.5143431,138.6694336,35.5165787,candidate URL generated from official GSI tile scheme; existence/coverage not locally verified
DEM1A,~1 m,airborne laser,17,116023,51688,https://cyberjapandata.gsi.go.jp/xyz/dem1a_png/17/116023/51688.png,138.666687,35.5121075,138.6694336,35.5143431,candidate URL generated from official GSI tile scheme; existence/coverage not locally verified
DEM1A,~1 m,airborne laser,17,116023,51689,https://cyberjapandata.gsi.go.jp/xyz/dem1a_png/17/116023/51689.png,138.666687,35.5098717,138.6694336,35.5121075,candidate URL generated from official GSI tile scheme; existence/coverage not locally verified
DEM1A,~1 m,airborne laser,17,116023,51690,https://cyberjapandata.gsi.go.jp/xyz/dem1a_png/17/116023/51690.png,138.666687,35.5076359,138.6694336,35.5098717,candidate URL generated from official GSI tile scheme; existence/coverage not locally verified
DEM1A,~1 m,airborne laser,17,116023,51691,https://cyberjapandata.gsi.go.jp/xyz/dem1a_png/17/116023/51691.png,138.666687,35.5054001,138.6694336,35.5076359,candidate URL generated from official GSI tile scheme; existence/coverage not locally verified
DEM1A,~1 m,airborne laser,17,116023,51692,https://cyberjapandata.gsi.go.jp/xyz/dem1a_png/17/116023/51692.png,138.666687,35.5031642,138.6694336,35.5054001,candidate URL generated from official GSI tile scheme; existence/coverage not locally verified
DEM1A,~1 m,airborne laser,17,116023,51693,https://cyberjapandata.gsi.go.jp/xyz/dem1a_png/17/116023/51693.png,138.666687,35.5009282,138.6694336,35.5031642,candidate URL generated from official GSI tile scheme; existence/coverage not locally verified
DEM1A,~1 m,airborne laser,17,116023,51694,https://cyberjapandata.gsi.go.jp/xyz/dem1a_png/17/116023/51694.png,138.666687,35.4986922,138.6694336,35.5009282,candidate URL generated from official GSI tile scheme; existence/coverage not locally verified
DEM1A,~1 m,airborne laser,17,116023,51695,https://cyberjapandata.gsi.go.jp/xyz/dem1a_png/17/116023/51695.png,138.666687,35.4964561,138.6694336,35.4986922,candidate URL generated from official GSI tile scheme; existence/coverage not locally verified
DEM1A,~1 m,airborne laser,17,116023,51696,https://cyberjapandata.gsi.go.jp/xyz/dem1a_png/17/116023/51696.png,138.666687,35.4942199,138.6694336,35.4964561,candidate URL generated from official GSI tile scheme; existence/coverage not locally verified
DEM1A,~1 m,airborne laser,17,116023,51697,https://cyberjapandata.gsi.go.jp/xyz/dem1a_png/17/116023/51697.png,138.666687,35.4919837,138.6694336,35.4942199,candidate URL generated from official GSI tile scheme; existence/coverage not locally verified
DEM1A,~1 m,airborne laser,17,116023,51698,https://cyberjapandata.gsi.go.jp/xyz/dem1a_png/17/116023/51698.png,138.666687,35.4897474,138.6694336,35.4919837,candidate URL generated from official GSI tile scheme; existence/coverage not locally verified
DEM1A,~1 m,airborne laser,17,116023,51699,https://cyberjapandata.gsi.go.jp/xyz/dem1a_png/17/116023/51699.png,138.666687,35.487511,138.6694336,35.4897474,candidate URL generated from official GSI tile scheme; existence/coverage not locally verified
DEM1A,~1 m,airborne laser,17,116023,51700,https://cyberjapandata.gsi.go.jp/xyz/dem1a_png/17/116023/51700.png,138.666687,35.4852746,138.6694336,35.487511,candidate URL generated from official GSI tile scheme; existence/coverage not locally verified
DEM1A,~1 m,airborne laser,17,116023,51701,https://cyberjapandata.gsi.go.jp/xyz/dem1a_png/17/116023/51701.png,138.666687,35.4830381,138.6694336,35.4852746,candidate URL generated from official GSI tile scheme; existence/coverage not locally verified
DEM1A,~1 m,airborne laser,17,116023,51702,https://cyberjapandata.gsi.go.jp/xyz/dem1a_png/17/116023/51702.png,138.666687,35.4808016,138.6694336,35.4830381,candidate URL generated from official GSI tile scheme; existence/coverage not locally verified
DEM1A,~1 m,airborne laser,17,116023,51703,https://cyberjapandata.gsi.go.jp/xyz/dem1a_png/17/116023/51703.png,138.666687,35.478565,138.6694336,35.4808016,candidate URL generated from official GSI tile scheme; existence/coverage not locally verified
DEM1A,~1 m,airborne laser,17,116023,51704,https://cyberjapandata.gsi.go.jp/xyz/dem1a_png/17/116023/51704.png,138.666687,35.4763283,138.6694336,35.478565,candidate URL generated from official GSI tile scheme; existence/coverage not locally verified
DEM1A,~1 m,airborne laser,17,116023,51705,https://cyberjapandata.gsi.go.jp/xyz/dem1a_png/17/116023/51705.png,138.666687,35.4740916,138.6694336,35.4763283,candidate URL generated from official GSI tile scheme; existence/coverage not locally verified
DEM1A,~1 m,airborne laser,17,116023,51706,https://cyberjapandata.gsi.go.jp/xyz/dem1a_png/17/116023/51706.png,138.666687,35.4718548,138.6694336,35.4740916,candidate URL generated from official GSI tile scheme; existence/coverage not locally verified
DEM1A,~1 m,airborne laser,17,116023,51707,https://cyberjapandata.gsi.go.jp/xyz/dem1a_png/17/116023/51707.png,138.666687,35.469618,138.6694336,35.4718548,candidate URL generated from official GSI tile scheme; existence/coverage not locally verified
DEM1A,~1 m,airborne laser,17,116023,51708,https://cyberjapandata.gsi.go.jp/xyz/dem1a_png/17/116023/51708.png,138.666687,35.4673811,138.6694336,35.469618,candidate URL generated from official GSI tile scheme; existence/coverage not locally verified
DEM1A,~1 m,airborne laser,17,116023,51709,https://cyberjapandata.gsi.go.jp/xyz/dem1a_png/17/116023/51709.png,138.666687,35.4651441,138.6694336,35.4673811,candidate URL generated from official GSI tile scheme; existence/coverage not locally verified
DEM1A,~1 m,airborne laser,17,116023,51710,https://cyberjapandata.gsi.go.jp/xyz/dem1a_png/17/116023/51710.png,138.666687,35.462907,138.6694336,35.4651441,candidate URL generated from official GSI tile scheme; existence/coverage not locally verified
DEM1A,~1 m,airborne laser,17,116023,51711,https://cyberjapandata.gsi.go.jp/xyz/dem1a_png/17/116023/51711.png,138.666687,35.46067,138.6694336,35.462907,candidate URL generated from official GSI tile scheme; existence/coverage not locally verified
DEM1A,~1 m,airborne laser,17,116023,51712,https://cyberjapandata.gsi.go.jp/xyz/dem1a_png/17/116023/51712.png,138.666687,35.4584328,138.6694336,35.46067,candidate URL generated from official GSI tile scheme; existence/coverage not locally verified
DEM1A,~1 m,airborne laser,17,116023,51713,https://cyberjapandata.gsi.go.jp/xyz/dem1a_png/17/116023/51713.png,138.666687,35.4561956,138.6694336,35.4584328,candidate URL generated from official GSI tile scheme; existence/coverage not locally verified
DEM1A,~1 m,airborne laser,17,116023,51714,https://cyberjapandata.gsi.go.jp/xyz/dem1a_png/17/116023/51714.png,138.666687,35.4539583,138.6694336,35.4561956,candidate URL generated from official GSI tile scheme; existence/coverage not locally verified
DEM1A,~1 m,airborne laser,17,116023,51715,https://cyberjapandata.gsi.go.jp/xyz/dem1a_png/17/116023/51715.png,138.666687,35.4517209,138.6694336,35.4539583,candidate URL generated from official GSI tile scheme; existence/coverage not locally verified
DEM1A,~1 m,airborne laser,17,116023,51716,https://cyberjapandata.gsi.go.jp/xyz/dem1a_png/17/116023/51716.png,138.666687,35.4494835,138.6694336,35.4517209,candidate URL generated from official GSI tile scheme; existence/coverage not locally verified
DEM1A,~1 m,airborne laser,17,116023,51717,https://cyberjapandata.gsi.go.jp/xyz/dem1a_png/17/116023/51717.png,138.666687,35.4472461,138.6694336,35.4494835,candidate URL generated from official GSI tile scheme; existence/coverage not locally verified
DEM1A,~1 m,airborne laser,17,116023,51718,https://cyberjapandata.gsi.go.jp/xyz/dem1a_png/17/116023/51718.png,138.666687,35.4450085,138.6694336,35.4472461,candidate URL generated from official GSI tile scheme; existence/coverage not locally verified
DEM1A,~1 m,airborne laser,17,116023,51719,https://cyberjapandata.gsi.go.jp/xyz/dem1a_png/17/116023/51719.png,138.666687,35.4427709,138.6694336,35.4450085,candidate URL generated from official GSI tile scheme; existence/coverage not locally verified
DEM1A,~1 m,airborne laser,17,116023,51720,https://cyberjapandata.gsi.go.jp/xyz/dem1a_png/17/116023/51720.png,138.666687,35.4405333,138.6694336,35.4427709,candidate URL generated from official GSI tile scheme; existence/coverage not locally verified
DEM1A,~1 m,airborne laser,17,116023,51721,https://cyberjapandata.gsi.go.jp/xyz/dem1a_png/17/116023/51721.png,138.666687,35.4382955,138.6694336,35.4405333,candidate URL generated from official GSI tile scheme; existence/coverage not locally verified
DEM1A,~1 m,airborne laser,17,116023,51722,https://cyberjapandata.gsi.go.jp/xyz/dem1a_png/17/116023/51722.png,138.666687,35.4360578,138.6694336,35.4382955,candidate URL generated from official GSI tile scheme; existence/coverage not locally verified
DEM1A,~1 m,airborne laser,17,116023,51723,https://cyberjapandata.gsi.go.jp/xyz/dem1a_png/17/116023/51723.png,138.666687,35.4338199,138.6694336,35.4360578,candidate URL generated from official GSI tile scheme; existence/coverage not locally verified
DEM1A,~1 m,airborne laser,17,116023,51724,https://cyberjapandata.gsi.go.jp/xyz/dem1a_png/17/116023/51724.png,138.666687,35.431582,138.6694336,35.4338199,candidate URL generated from official GSI tile scheme; existence/coverage not locally verified
DEM1A,~1 m,airborne laser,17,116023,51725,https://cyberjapandata.gsi.go.jp/xyz/dem1a_png/17/116023/51725.png,138.666687,35.429344,138.6694336,35.431582,candidate URL generated from official GSI tile scheme; existence/coverage not locally verified
DEM1A,~1 m,airborne laser,17,116024,51680,https://cyberjapandata.gsi.go.jp/xyz/dem1a_png/17/116024/51680.png,138.6694336,35.5299911,138.6721802,35.5322262,candidate URL generated from official GSI tile scheme; existence/coverage not locally verified
DEM1A,~1 m,airborne laser,17,116024,51681,https://cyberjapandata.gsi.go.jp/xyz/dem1a_png/17/116024/51681.png,138.6694336,35.5277558,138.6721802,35.5299911,candidate URL generated from official GSI tile scheme; existence/coverage not locally verified
DEM1A,~1 m,airborne laser,17,116024,51682,https://cyberjapandata.gsi.go.jp/xyz/dem1a_png/17/116024/51682.png,138.6694336,35.5255205,138.6721802,35.5277558,candidate URL generated from official GSI tile scheme; existence/coverage not locally verified
DEM1A,~1 m,airborne laser,17,116024,51683,https://cyberjapandata.gsi.go.jp/xyz/dem1a_png/17/116024/51683.png,138.6694336,35.5232852,138.6721802,35.5255205,candidate URL generated from official GSI tile scheme; existence/coverage not locally verified
DEM1A,~1 m,airborne laser,17,116024,51684,https://cyberjapandata.gsi.go.jp/xyz/dem1a_png/17/116024/51684.png,138.6694336,35.5210498,138.6721802,35.5232852,candidate URL generated from official GSI tile scheme; existence/coverage not locally verified
DEM1A,~1 m,airborne laser,17,116024,51685,https://cyberjapandata.gsi.go.jp/xyz/dem1a_png/17/116024/51685.png,138.6694336,35.5188143,138.6721802,35.5210498,candidate URL generated from official GSI tile scheme; existence/coverage not locally verified
DEM1A,~1 m,airborne laser,17,116024,51686,https://cyberjapandata.gsi.go.jp/xyz/dem1a_png/17/116024/51686.png,138.6694336,35.5165787,138.6721802,35.5188143,candidate URL generated from official GSI tile scheme; existence/coverage not locally verified
DEM1A,~1 m,airborne laser,17,116024,51687,https://cyberjapandata.gsi.go.jp/xyz/dem1a_png/17/116024/51687.png,138.6694336,35.5143431,138.6721802,35.5165787,candidate URL generated from official GSI tile scheme; existence/coverage not locally verified
DEM1A,~1 m,airborne laser,17,116024,51688,https://cyberjapandata.gsi.go.jp/xyz/dem1a_png/17/116024/51688.png,138.6694336,35.5121075,138.6721802,35.5143431,candidate URL generated from official GSI tile scheme; existence/coverage not locally verified
DEM1A,~1 m,airborne laser,17,116024,51689,https://cyberjapandata.gsi.go.jp/xyz/dem1a_png/17/116024/51689.png,138.6694336,35.5098717,138.6721802,35.5121075,candidate URL generated from official GSI tile scheme; existence/coverage not locally verified
DEM1A,~1 m,airborne laser,17,116024,51690,https://cyberjapandata.gsi.go.jp/xyz/dem1a_png/17/116024/51690.png,138.6694336,35.5076359,138.6721802,35.5098717,candidate URL generated from official GSI tile scheme; existence/coverage not locally verified
DEM1A,~1 m,airborne laser,17,116024,51691,https://cyberjapandata.gsi.go.jp/xyz/dem1a_png/17/116024/51691.png,138.6694336,35.5054001,138.6721802,35.5076359,candidate URL generated from official GSI tile scheme; existence/coverage not locally verified
DEM1A,~1 m,airborne laser,17,116024,51692,https://cyberjapandata.gsi.go.jp/xyz/dem1a_png/17/116024/51692.png,138.6694336,35.5031642,138.6721802,35.5054001,candidate URL generated from official GSI tile scheme; existence/coverage not locally verified
DEM1A,~1 m,airborne laser,17,116024,51693,https://cyberjapandata.gsi.go.jp/xyz/dem1a_png/17/116024/51693.png,138.6694336,35.5009282,138.6721802,35.5031642,candidate URL generated from official GSI tile scheme; existence/coverage not locally verified
DEM1A,~1 m,airborne laser,17,116024,51694,https://cyberjapandata.gsi.go.jp/xyz/dem1a_png/17/116024/51694.png,138.6694336,35.4986922,138.6721802,35.5009282,candidate URL generated from official GSI tile scheme; existence/coverage not locally verified
DEM1A,~1 m,airborne laser,17,116024,51695,https://cyberjapandata.gsi.go.jp/xyz/dem1a_png/17/116024/51695.png,138.6694336,35.4964561,138.6721802,35.4986922,candidate URL generated from official GSI tile scheme; existence/coverage not locally verified
DEM1A,~1 m,airborne laser,17,116024,51696,https://cyberjapandata.gsi.go.jp/xyz/dem1a_png/17/116024/51696.png,138.6694336,35.4942199,138.6721802,35.4964561,candidate URL generated from official GSI tile scheme; existence/coverage not locally verified
DEM1A,~1 m,airborne laser,17,116024,51697,https://cyberjapandata.gsi.go.jp/xyz/dem1a_png/17/116024/51697.png,138.6694336,35.4919837,138.6721802,35.4942199,candidate URL generated from official GSI tile scheme; existence/coverage not locally verified
DEM1A,~1 m,airborne laser,17,116024,51698,https://cyberjapandata.gsi.go.jp/xyz/dem1a_png/17/116024/51698.png,138.6694336,35.4897474,138.6721802,35.4919837,candidate URL generated from official GSI tile scheme; existence/coverage not locally verified
DEM1A,~1 m,airborne laser,17,116024,51699,https://cyberjapandata.gsi.go.jp/xyz/dem1a_png/17/116024/51699.png,138.6694336,35.487511,138.6721802,35.4897474,candidate URL generated from official GSI tile scheme; existence/coverage not locally verified
DEM1A,~1 m,airborne laser,17,116024,51700,https://cyberjapandata.gsi.go.jp/xyz/dem1a_png/17/116024/51700.png,138.6694336,35.4852746,138.6721802,35.487511,candidate URL generated from official GSI tile scheme; existence/coverage not locally verified
DEM1A,~1 m,airborne laser,17,116024,51701,https://cyberjapandata.gsi.go.jp/xyz/dem1a_png/17/116024/51701.png,138.6694336,35.4830381,138.6721802,35.4852746,candidate URL generated from official GSI tile scheme; existence/coverage not locally verified
DEM1A,~1 m,airborne laser,17,116024,51702,https://cyberjapandata.gsi.go.jp/xyz/dem1a_png/17/116024/51702.png,138.6694336,35.4808016,138.6721802,35.4830381,candidate URL generated from official GSI tile scheme; existence/coverage not locally verified
DEM1A,~1 m,airborne laser,17,116024,51703,https://cyberjapandata.gsi.go.jp/xyz/dem1a_png/17/116024/51703.png,138.6694336,35.478565,138.6721802,35.4808016,candidate URL generated from official GSI tile scheme; existence/coverage not locally verified
DEM1A,~1 m,airborne laser,17,116024,51704,https://cyberjapandata.gsi.go.jp/xyz/dem1a_png/17/116024/51704.png,138.6694336,35.4763283,138.6721802,35.478565,candidate URL generated from official GSI tile scheme; existence/coverage not locally verified
DEM1A,~1 m,airborne laser,17,116024,51705,https://cyberjapandata.gsi.go.jp/xyz/dem1a_png/17/116024/51705.png,138.6694336,35.4740916,138.6721802,35.4763283,candidate URL generated from official GSI tile scheme; existence/coverage not locally verified
DEM1A,~1 m,airborne laser,17,116024,51706,https://cyberjapandata.gsi.go.jp/xyz/dem1a_png/17/116024/51706.png,138.6694336,35.4718548,138.6721802,35.4740916,candidate URL generated from official GSI tile scheme; existence/coverage not locally verified
DEM1A,~1 m,airborne laser,17,116024,51707,https://cyberjapandata.gsi.go.jp/xyz/dem1a_png/17/116024/51707.png,138.6694336,35.469618,138.6721802,35.4718548,candidate URL generated from official GSI tile scheme; existence/coverage not locally verified
DEM1A,~1 m,airborne laser,17,116024,51708,https://cyberjapandata.gsi.go.jp/xyz/dem1a_png/17/116024/51708.png,138.6694336,35.4673811,138.6721802,35.469618,candidate URL generated from official GSI tile scheme; existence/coverage not locally verified
DEM1A,~1 m,airborne laser,17,116024,51709,https://cyberjapandata.gsi.go.jp/xyz/dem1a_png/17/116024/51709.png,138.6694336,35.4651441,138.6721802,35.4673811,candidate URL generated from official GSI tile scheme; existence/coverage not locally verified
DEM1A,~1 m,airborne laser,17,116024,51710,https://cyberjapandata.gsi.go.jp/xyz/dem1a_png/17/116024/51710.png,138.6694336,35.462907,138.6721802,35.4651441,candidate URL generated from official GSI tile scheme; existence/coverage not locally verified
DEM1A,~1 m,airborne laser,17,116024,51711,https://cyberjapandata.gsi.go.jp/xyz/dem1a_png/17/116024/51711.png,138.6694336,35.46067,138.6721802,35.462907,candidate URL generated from official GSI tile scheme; existence/coverage not locally verified
DEM1A,~1 m,airborne laser,17,116024,51712,https://cyberjapandata.gsi.go.jp/xyz/dem1a_png/17/116024/51712.png,138.6694336,35.4584328,138.6721802,35.46067,candidate URL generated from official GSI tile scheme; existence/coverage not locally verified
DEM1A,~1 m,airborne laser,17,116024,51713,https://cyberjapandata.gsi.go.jp/xyz/dem1a_png/17/116024/51713.png,138.6694336,35.4561956,138.6721802,35.4584328,candidate URL generated from official GSI tile scheme; existence/coverage not locally verified
DEM1A,~1 m,airborne laser,17,116024,51714,https://cyberjapandata.gsi.go.jp/xyz/dem1a_png/17/116024/51714.png,138.6694336,35.4539583,138.6721802,35.4561956,candidate URL generated from official GSI tile scheme; existence/coverage not locally verified
DEM1A,~1 m,airborne laser,17,116024,51715,https://cyberjapandata.gsi.go.jp/xyz/dem1a_png/17/116024/51715.png,138.6694336,35.4517209,138.6721802,35.4539583,candidate URL generated from official GSI tile scheme; existence/coverage not locally verified
DEM1A,~1 m,airborne laser,17,116024,51716,https://cyberjapandata.gsi.go.jp/xyz/dem1a_png/17/116024/51716.png,138.6694336,35.4494835,138.6721802,35.4517209,candidate URL generated from official GSI tile scheme; existence/coverage not locally verified
DEM1A,~1 m,airborne laser,17,116024,51717,https://cyberjapandata.gsi.go.jp/xyz/dem1a_png/17/116024/51717.png,138.6694336,35.4472461,138.6721802,35.4494835,candidate URL generated from official GSI tile scheme; existence/coverage not locally verified
DEM1A,~1 m,airborne laser,17,116024,51718,https://cyberjapandata.gsi.go.jp/xyz/dem1a_png/17/116024/51718.png,138.6694336,35.4450085,138.6721802,35.4472461,candidate URL generated from official GSI tile scheme; existence/coverage not locally verified
DEM1A,~1 m,airborne laser,17,116024,51719,https://cyberjapandata.gsi.go.jp/xyz/dem1a_png/17/116024/51719.png,138.6694336,35.4427709,138.6721802,35.4450085,candidate URL generated from official GSI tile scheme; existence/coverage not locally verified
DEM1A,~1 m,airborne laser,17,116024,51720,https://cyberjapandata.gsi.go.jp/xyz/dem1a_png/17/116024/51720.png,138.6694336,35.4405333,138.6721802,35.4427709,candidate URL generated from official GSI tile scheme; existence/coverage not locally verified
DEM1A,~1 m,airborne laser,17,116024,51721,https://cyberjapandata.gsi.go.jp/xyz/dem1a_png/17/116024/51721.png,138.6694336,35.4382955,138.6721802,35.4405333,candidate URL generated from official GSI tile scheme; existence/coverage not locally verified
DEM1A,~1 m,airborne laser,17,116024,51722,https://cyberjapandata.gsi.go.jp/xyz/dem1a_png/17/116024/51722.png,138.6694336,35.4360578,138.6721802,35.4382955,candidate URL generated from official GSI tile scheme; existence/coverage not locally verified
DEM1A,~1 m,airborne laser,17,116024,51723,https://cyberjapandata.gsi.go.jp/xyz/dem1a_png/17/116024/51723.png,138.6694336,35.4338199,138.6721802,35.4360578,candidate URL generated from official GSI tile scheme; existence/coverage not locally verified
DEM1A,~1 m,airborne laser,17,116024,51724,https://cyberjapandata.gsi.go.jp/xyz/dem1a_png/17/116024/51724.png,138.6694336,35.431582,138.6721802,35.4338199,candidate URL generated from official GSI tile scheme; existence/coverage not locally verified
DEM1A,~1 m,airborne laser,17,116024,51725,https://cyberjapandata.gsi.go.jp/xyz/dem1a_png/17/116024/51725.png,138.6694336,35.429344,138.6721802,35.431582,candidate URL generated from official GSI tile scheme; existence/coverage not locally verified
DEM1A,~1 m,airborne laser,17,116025,51680,https://cyberjapandata.gsi.go.jp/xyz/dem1a_png/17/116025/51680.png,138.6721802,35.5299911,138.6749268,35.5322262,candidate URL generated from official GSI tile scheme; existence/coverage not locally verified
DEM1A,~1 m,airborne laser,17,116025,51681,https://cyberjapandata.gsi.go.jp/xyz/dem1a_png/17/116025/51681.png,138.6721802,35.5277558,138.6749268,35.5299911,candidate URL generated from official GSI tile scheme; existence/coverage not locally verified
DEM1A,~1 m,airborne laser,17,116025,51682,https://cyberjapandata.gsi.go.jp/xyz/dem1a_png/17/116025/51682.png,138.6721802,35.5255205,138.6749268,35.5277558,candidate URL generated from official GSI tile scheme; existence/coverage not locally verified
DEM1A,~1 m,airborne laser,17,116025,51683,https://cyberjapandata.gsi.go.jp/xyz/dem1a_png/17/116025/51683.png,138.6721802,35.5232852,138.6749268,35.5255205,candidate URL generated from official GSI tile scheme; existence/coverage not locally verified
DEM1A,~1 m,airborne laser,17,116025,51684,https://cyberjapandata.gsi.go.jp/xyz/dem1a_png/17/116025/51684.png,138.6721802,35.5210498,138.6749268,35.5232852,candidate URL generated from official GSI tile scheme; existence/coverage not locally verified
DEM1A,~1 m,airborne laser,17,116025,51685,https://cyberjapandata.gsi.go.jp/xyz/dem1a_png/17/116025/51685.png,138.6721802,35.5188143,138.6749268,35.5210498,candidate URL generated from official GSI tile scheme; existence/coverage not locally verified
DEM1A,~1 m,airborne laser,17,116025,51686,https://cyberjapandata.gsi.go.jp/xyz/dem1a_png/17/116025/51686.png,138.6721802,35.5165787,138.6749268,35.5188143,candidate URL generated from official GSI tile scheme; existence/coverage not locally verified
DEM1A,~1 m,airborne laser,17,116025,51687,https://cyberjapandata.gsi.go.jp/xyz/dem1a_png/17/116025/51687.png,138.6721802,35.5143431,138.6749268,35.5165787,candidate URL generated from official GSI tile scheme; existence/coverage not locally verified
DEM1A,~1 m,airborne laser,17,116025,51688,https://cyberjapandata.gsi.go.jp/xyz/dem1a_png/17/116025/51688.png,138.6721802,35.5121075,138.6749268,35.5143431,candidate URL generated from official GSI tile scheme; existence/coverage not locally verified
DEM1A,~1 m,airborne laser,17,116025,51689,https://cyberjapandata.gsi.go.jp/xyz/dem1a_png/17/116025/51689.png,138.6721802,35.5098717,138.6749268,35.5121075,candidate URL generated from official GSI tile scheme; existence/coverage not locally verified
DEM1A,~1 m,airborne laser,17,116025,51690,https://cyberjapandata.gsi.go.jp/xyz/dem1a_png/17/116025/51690.png,138.6721802,35.5076359,138.6749268,35.5098717,candidate URL generated from official GSI tile scheme; existence/coverage not locally verified
DEM1A,~1 m,airborne laser,17,116025,51691,https://cyberjapandata.gsi.go.jp/xyz/dem1a_png/17/116025/51691.png,138.6721802,35.5054001,138.6749268,35.5076359,candidate URL generated from official GSI tile scheme; existence/coverage not locally verified
DEM1A,~1 m,airborne laser,17,116025,51692,https://cyberjapandata.gsi.go.jp/xyz/dem1a_png/17/116025/51692.png,138.6721802,35.5031642,138.6749268,35.5054001,candidate URL generated from official GSI tile scheme; existence/coverage not locally verified
DEM1A,~1 m,airborne laser,17,116025,51693,https://cyberjapandata.gsi.go.jp/xyz/dem1a_png/17/116025/51693.png,138.6721802,35.5009282,138.6749268,35.5031642,candidate URL generated from official GSI tile scheme; existence/coverage not locally verified
DEM1A,~1 m,airborne laser,17,116025,51694,https://cyberjapandata.gsi.go.jp/xyz/dem1a_png/17/116025/51694.png,138.6721802,35.4986922,138.6749268,35.5009282,candidate URL generated from official GSI tile scheme; existence/coverage not locally verified
DEM1A,~1 m,airborne laser,17,116025,51695,https://cyberjapandata.gsi.go.jp/xyz/dem1a_png/17/116025/51695.png,138.6721802,35.4964561,138.6749268,35.4986922,candidate URL generated from official GSI tile scheme; existence/coverage not locally verified
DEM1A,~1 m,airborne laser,17,116025,51696,https://cyberjapandata.gsi.go.jp/xyz/dem1a_png/17/116025/51696.png,138.6721802,35.4942199,138.6749268,35.4964561,candidate URL generated from official GSI tile scheme; existence/coverage not locally verified
DEM1A,~1 m,airborne laser,17,116025,51697,https://cyberjapandata.gsi.go.jp/xyz/dem1a_png/17/116025/51697.png,138.6721802,35.4919837,138.6749268,35.4942199,candidate URL generated from official GSI tile scheme; existence/coverage not locally verified
DEM1A,~1 m,airborne laser,17,116025,51698,https://cyberjapandata.gsi.go.jp/xyz/dem1a_png/17/116025/51698.png,138.6721802,35.4897474,138.6749268,35.4919837,candidate URL generated from official GSI tile scheme; existence/coverage not locally verified
DEM1A,~1 m,airborne laser,17,116025,51699,https://cyberjapandata.gsi.go.jp/xyz/dem1a_png/17/116025/51699.png,138.6721802,35.487511,138.6749268,35.4897474,candidate URL generated from official GSI tile scheme; existence/coverage not locally verified
DEM1A,~1 m,airborne laser,17,116025,51700,https://cyberjapandata.gsi.go.jp/xyz/dem1a_png/17/116025/51700.png,138.6721802,35.4852746,138.6749268,35.487511,candidate URL generated from official GSI tile scheme; existence/coverage not locally verified
DEM1A,~1 m,airborne laser,17,116025,51701,https://cyberjapandata.gsi.go.jp/xyz/dem1a_png/17/116025/51701.png,138.6721802,35.4830381,138.6749268,35.4852746,candidate URL generated from official GSI tile scheme; existence/coverage not locally verified
DEM1A,~1 m,airborne laser,17,116025,51702,https://cyberjapandata.gsi.go.jp/xyz/dem1a_png/17/116025/51702.png,138.6721802,35.4808016,138.6749268,35.4830381,candidate URL generated from official GSI tile scheme; existence/coverage not locally verified
DEM1A,~1 m,airborne laser,17,116025,51703,https://cyberjapandata.gsi.go.jp/xyz/dem1a_png/17/116025/51703.png,138.6721802,35.478565,138.6749268,35.4808016,candidate URL generated from official GSI tile scheme; existence/coverage not locally verified
DEM1A,~1 m,airborne laser,17,116025,51704,https://cyberjapandata.gsi.go.jp/xyz/dem1a_png/17/116025/51704.png,138.6721802,35.4763283,138.6749268,35.478565,candidate URL generated from official GSI tile scheme; existence/coverage not locally verified
DEM1A,~1 m,airborne laser,17,116025,51705,https://cyberjapandata.gsi.go.jp/xyz/dem1a_png/17/116025/51705.png,138.6721802,35.4740916,138.6749268,35.4763283,candidate URL generated from official GSI tile scheme; existence/coverage not locally verified
DEM1A,~1 m,airborne laser,17,116025,51706,https://cyberjapandata.gsi.go.jp/xyz/dem1a_png/17/116025/51706.png,138.6721802,35.4718548,138.6749268,35.4740916,candidate URL generated from official GSI tile scheme; existence/coverage not locally verified
DEM1A,~1 m,airborne laser,17,116025,51707,https://cyberjapandata.gsi.go.jp/xyz/dem1a_png/17/116025/51707.png,138.6721802,35.469618,138.6749268,35.4718548,candidate URL generated from official GSI tile scheme; existence/coverage not locally verified
DEM1A,~1 m,airborne laser,17,116025,51708,https://cyberjapandata.gsi.go.jp/xyz/dem1a_png/17/116025/51708.png,138.6721802,35.4673811,138.6749268,35.469618,candidate URL generated from official GSI tile scheme; existence/coverage not locally verified
DEM1A,~1 m,airborne laser,17,116025,51709,https://cyberjapandata.gsi.go.jp/xyz/dem1a_png/17/116025/51709.png,138.6721802,35.4651441,138.6749268,35.4673811,candidate URL generated from official GSI tile scheme; existence/coverage not locally verified
DEM1A,~1 m,airborne laser,17,116025,51710,https://cyberjapandata.gsi.go.jp/xyz/dem1a_png/17/116025/51710.png,138.6721802,35.462907,138.6749268,35.4651441,candidate URL generated from official GSI tile scheme; existence/coverage not locally verified
DEM1A,~1 m,airborne laser,17,116025,51711,https://cyberjapandata.gsi.go.jp/xyz/dem1a_png/17/116025/51711.png,138.6721802,35.46067,138.6749268,35.462907,candidate URL generated from official GSI tile scheme; existence/coverage not locally verified
DEM1A,~1 m,airborne laser,17,116025,51712,https://cyberjapandata.gsi.go.jp/xyz/dem1a_png/17/116025/51712.png,138.6721802,35.4584328,138.6749268,35.46067,candidate URL generated from official GSI tile scheme; existence/coverage not locally verified
DEM1A,~1 m,airborne laser,17,116025,51713,https://cyberjapandata.gsi.go.jp/xyz/dem1a_png/17/116025/51713.png,138.6721802,35.4561956,138.6749268,35.4584328,candidate URL generated from official GSI tile scheme; existence/coverage not locally verified
DEM1A,~1 m,airborne laser,17,116025,51714,https://cyberjapandata.gsi.go.jp/xyz/dem1a_png/17/116025/51714.png,138.6721802,35.4539583,138.6749268,35.4561956,candidate URL generated from official GSI tile scheme; existence/coverage not locally verified
DEM1A,~1 m,airborne laser,17,116025,51715,https://cyberjapandata.gsi.go.jp/xyz/dem1a_png/17/116025/51715.png,138.6721802,35.4517209,138.6749268,35.4539583,candidate URL generated from official GSI tile scheme; existence/coverage not locally verified
DEM1A,~1 m,airborne laser,17,116025,51716,https://cyberjapandata.gsi.go.jp/xyz/dem1a_png/17/116025/51716.png,138.6721802,35.4494835,138.6749268,35.4517209,candidate URL generated from official GSI tile scheme; existence/coverage not locally verified
DEM1A,~1 m,airborne laser,17,116025,51717,https://cyberjapandata.gsi.go.jp/xyz/dem1a_png/17/116025/51717.png,138.6721802,35.4472461,138.6749268,35.4494835,candidate URL generated from official GSI tile scheme; existence/coverage not locally verified
DEM1A,~1 m,airborne laser,17,116025,51718,https://cyberjapandata.gsi.go.jp/xyz/dem1a_png/17/116025/51718.png,138.6721802,35.4450085,138.6749268,35.4472461,candidate URL generated from official GSI tile scheme; existence/coverage not locally verified
DEM1A,~1 m,airborne laser,17,116025,51719,https://cyberjapandata.gsi.go.jp/xyz/dem1a_png/17/116025/51719.png,138.6721802,35.4427709,138.6749268,35.4450085,candidate URL generated from official GSI tile scheme; existence/coverage not locally verified
DEM1A,~1 m,airborne laser,17,116025,51720,https://cyberjapandata.gsi.go.jp/xyz/dem1a_png/17/116025/51720.png,138.6721802,35.4405333,138.6749268,35.4427709,candidate URL generated from official GSI tile scheme; existence/coverage not locally verified
DEM1A,~1 m,airborne laser,17,116025,51721,https://cyberjapandata.gsi.go.jp/xyz/dem1a_png/17/116025/51721.png,138.6721802,35.4382955,138.6749268,35.4405333,candidate URL generated from official GSI tile scheme; existence/coverage not locally verified
DEM1A,~1 m,airborne laser,17,116025,51722,https://cyberjapandata.gsi.go.jp/xyz/dem1a_png/17/116025/51722.png,138.6721802,35.4360578,138.6749268,35.4382955,candidate URL generated from official GSI tile scheme; existence/coverage not locally verified
DEM1A,~1 m,airborne laser,17,116025,51723,https://cyberjapandata.gsi.go.jp/xyz/dem1a_png/17/116025/51723.png,138.6721802,35.4338199,138.6749268,35.4360578,candidate URL generated from official GSI tile scheme; existence/coverage not locally verified
DEM1A,~1 m,airborne laser,17,116025,51724,https://cyberjapandata.gsi.go.jp/xyz/dem1a_png/17/116025/51724.png,138.6721802,35.431582,138.6749268,35.4338199,candidate URL generated from official GSI tile scheme; existence/coverage not locally verified
DEM1A,~1 m,airborne laser,17,116025,51725,https://cyberjapandata.gsi.go.jp/xyz/dem1a_png/17/116025/51725.png,138.6721802,35.429344,138.6749268,35.431582,candidate URL generated from official GSI tile scheme; existence/coverage not locally verified
DEM1A,~1 m,airborne laser,17,116026,51680,https://cyberjapandata.gsi.go.jp/xyz/dem1a_png/17/116026/51680.png,138.6749268,35.5299911,138.6776733,35.5322262,candidate URL generated from official GSI tile scheme; existence/coverage not locally verified
DEM1A,~1 m,airborne laser,17,116026,51681,https://cyberjapandata.gsi.go.jp/xyz/dem1a_png/17/116026/51681.png,138.6749268,35.5277558,138.6776733,35.5299911,candidate URL generated from official GSI tile scheme; existence/coverage not locally verified
DEM1A,~1 m,airborne laser,17,116026,51682,https://cyberjapandata.gsi.go.jp/xyz/dem1a_png/17/116026/51682.png,138.6749268,35.5255205,138.6776733,35.5277558,candidate URL generated from official GSI tile scheme; existence/coverage not locally verified
DEM1A,~1 m,airborne laser,17,116026,51683,https://cyberjapandata.gsi.go.jp/xyz/dem1a_png/17/116026/51683.png,138.6749268,35.5232852,138.6776733,35.5255205,candidate URL generated from official GSI tile scheme; existence/coverage not locally verified
DEM1A,~1 m,airborne laser,17,116026,51684,https://cyberjapandata.gsi.go.jp/xyz/dem1a_png/17/116026/51684.png,138.6749268,35.5210498,138.6776733,35.5232852,candidate URL generated from official GSI tile scheme; existence/coverage not locally verified
DEM1A,~1 m,airborne laser,17,116026,51685,https://cyberjapandata.gsi.go.jp/xyz/dem1a_png/17/116026/51685.png,138.6749268,35.5188143,138.6776733,35.5210498,candidate URL generated from official GSI tile scheme; existence/coverage not locally verified
DEM1A,~1 m,airborne laser,17,116026,51686,https://cyberjapandata.gsi.go.jp/xyz/dem1a_png/17/116026/51686.png,138.6749268,35.5165787,138.6776733,35.5188143,candidate URL generated from official GSI tile scheme; existence/coverage not locally verified
DEM1A,~1 m,airborne laser,17,116026,51687,https://cyberjapandata.gsi.go.jp/xyz/dem1a_png/17/116026/51687.png,138.6749268,35.5143431,138.6776733,35.5165787,candidate URL generated from official GSI tile scheme; existence/coverage not locally verified
DEM1A,~1 m,airborne laser,17,116026,51688,https://cyberjapandata.gsi.go.jp/xyz/dem1a_png/17/116026/51688.png,138.6749268,35.5121075,138.6776733,35.5143431,candidate URL generated from official GSI tile scheme; existence/coverage not locally verified
DEM1A,~1 m,airborne laser,17,116026,51689,https://cyberjapandata.gsi.go.jp/xyz/dem1a_png/17/116026/51689.png,138.6749268,35.5098717,138.6776733,35.5121075,candidate URL generated from official GSI tile scheme; existence/coverage not locally verified
DEM1A,~1 m,airborne laser,17,116026,51690,https://cyberjapandata.gsi.go.jp/xyz/dem1a_png/17/116026/51690.png,138.6749268,35.5076359,138.6776733,35.5098717,candidate URL generated from official GSI tile scheme; existence/coverage not locally verified
DEM1A,~1 m,airborne laser,17,116026,51691,https://cyberjapandata.gsi.go.jp/xyz/dem1a_png/17/116026/51691.png,138.6749268,35.5054001,138.6776733,35.5076359,candidate URL generated from official GSI tile scheme; existence/coverage not locally verified
DEM1A,~1 m,airborne laser,17,116026,51692,https://cyberjapandata.gsi.go.jp/xyz/dem1a_png/17/116026/51692.png,138.6749268,35.5031642,138.6776733,35.5054001,candidate URL generated from official GSI tile scheme; existence/coverage not locally verified
DEM1A,~1 m,airborne laser,17,116026,51693,https://cyberjapandata.gsi.go.jp/xyz/dem1a_png/17/116026/51693.png,138.6749268,35.5009282,138.6776733,35.5031642,candidate URL generated from official GSI tile scheme; existence/coverage not locally verified
DEM1A,~1 m,airborne laser,17,116026,51694,https://cyberjapandata.gsi.go.jp/xyz/dem1a_png/17/116026/51694.png,138.6749268,35.4986922,138.6776733,35.5009282,candidate URL generated from official GSI tile scheme; existence/coverage not locally verified
DEM1A,~1 m,airborne laser,17,116026,51695,https://cyberjapandata.gsi.go.jp/xyz/dem1a_png/17/116026/51695.png,138.6749268,35.4964561,138.6776733,35.4986922,candidate URL generated from official GSI tile scheme; existence/coverage not locally verified
DEM1A,~1 m,airborne laser,17,116026,51696,https://cyberjapandata.gsi.go.jp/xyz/dem1a_png/17/116026/51696.png,138.6749268,35.4942199,138.6776733,35.4964561,candidate URL generated from official GSI tile scheme; existence/coverage not locally verified
DEM1A,~1 m,airborne laser,17,116026,51697,https://cyberjapandata.gsi.go.jp/xyz/dem1a_png/17/116026/51697.png,138.6749268,35.4919837,138.6776733,35.4942199,candidate URL generated from official GSI tile scheme; existence/coverage not locally verified
DEM1A,~1 m,airborne laser,17,116026,51698,https://cyberjapandata.gsi.go.jp/xyz/dem1a_png/17/116026/51698.png,138.6749268,35.4897474,138.6776733,35.4919837,candidate URL generated from official GSI tile scheme; existence/coverage not locally verified
DEM1A,~1 m,airborne laser,17,116026,51699,https://cyberjapandata.gsi.go.jp/xyz/dem1a_png/17/116026/51699.png,138.6749268,35.487511,138.6776733,35.4897474,candidate URL generated from official GSI tile scheme; existence/coverage not locally verified
DEM1A,~1 m,airborne laser,17,116026,51700,https://cyberjapandata.gsi.go.jp/xyz/dem1a_png/17/116026/51700.png,138.6749268,35.4852746,138.6776733,35.487511,candidate URL generated from official GSI tile scheme; existence/coverage not locally verified
DEM1A,~1 m,airborne laser,17,116026,51701,https://cyberjapandata.gsi.go.jp/xyz/dem1a_png/17/116026/51701.png,138.6749268,35.4830381,138.6776733,35.4852746,candidate URL generated from official GSI tile scheme; existence/coverage not locally verified
DEM1A,~1 m,airborne laser,17,116026,51702,https://cyberjapandata.gsi.go.jp/xyz/dem1a_png/17/116026/51702.png,138.6749268,35.4808016,138.6776733,35.4830381,candidate URL generated from official GSI tile scheme; existence/coverage not locally verified
DEM1A,~1 m,airborne laser,17,116026,51703,https://cyberjapandata.gsi.go.jp/xyz/dem1a_png/17/116026/51703.png,138.6749268,35.478565,138.6776733,35.4808016,candidate URL generated from official GSI tile scheme; existence/coverage not locally verified
DEM1A,~1 m,airborne laser,17,116026,51704,https://cyberjapandata.gsi.go.jp/xyz/dem1a_png/17/116026/51704.png,138.6749268,35.4763283,138.6776733,35.478565,candidate URL generated from official GSI tile scheme; existence/coverage not locally verified
DEM1A,~1 m,airborne laser,17,116026,51705,https://cyberjapandata.gsi.go.jp/xyz/dem1a_png/17/116026/51705.png,138.6749268,35.4740916,138.6776733,35.4763283,candidate URL generated from official GSI tile scheme; existence/coverage not locally verified
DEM1A,~1 m,airborne laser,17,116026,51706,https://cyberjapandata.gsi.go.jp/xyz/dem1a_png/17/116026/51706.png,138.6749268,35.4718548,138.6776733,35.4740916,candidate URL generated from official GSI tile scheme; existence/coverage not locally verified
DEM1A,~1 m,airborne laser,17,116026,51707,https://cyberjapandata.gsi.go.jp/xyz/dem1a_png/17/116026/51707.png,138.6749268,35.469618,138.6776733,35.4718548,candidate URL generated from official GSI tile scheme; existence/coverage not locally verified
DEM1A,~1 m,airborne laser,17,116026,51708,https://cyberjapandata.gsi.go.jp/xyz/dem1a_png/17/116026/51708.png,138.6749268,35.4673811,138.6776733,35.469618,candidate URL generated from official GSI tile scheme; existence/coverage not locally verified
DEM1A,~1 m,airborne laser,17,116026,51709,https://cyberjapandata.gsi.go.jp/xyz/dem1a_png/17/116026/51709.png,138.6749268,35.4651441,138.6776733,35.4673811,candidate URL generated from official GSI tile scheme; existence/coverage not locally verified
DEM1A,~1 m,airborne laser,17,116026,51710,https://cyberjapandata.gsi.go.jp/xyz/dem1a_png/17/116026/51710.png,138.6749268,35.462907,138.6776733,35.4651441,candidate URL generated from official GSI tile scheme; existence/coverage not locally verified
DEM1A,~1 m,airborne laser,17,116026,51711,https://cyberjapandata.gsi.go.jp/xyz/dem1a_png/17/116026/51711.png,138.6749268,35.46067,138.6776733,35.462907,candidate URL generated from official GSI tile scheme; existence/coverage not locally verified
DEM1A,~1 m,airborne laser,17,116026,51712,https://cyberjapandata.gsi.go.jp/xyz/dem1a_png/17/116026/51712.png,138.6749268,35.4584328,138.6776733,35.46067,candidate URL generated from official GSI tile scheme; existence/coverage not locally verified
DEM1A,~1 m,airborne laser,17,116026,51713,https://cyberjapandata.gsi.go.jp/xyz/dem1a_png/17/116026/51713.png,138.6749268,35.4561956,138.6776733,35.4584328,candidate URL generated from official GSI tile scheme; existence/coverage not locally verified
DEM1A,~1 m,airborne laser,17,116026,51714,https://cyberjapandata.gsi.go.jp/xyz/dem1a_png/17/116026/51714.png,138.6749268,35.4539583,138.6776733,35.4561956,candidate URL generated from official GSI tile scheme; existence/coverage not locally verified
DEM1A,~1 m,airborne laser,17,116026,51715,https://cyberjapandata.gsi.go.jp/xyz/dem1a_png/17/116026/51715.png,138.6749268,35.4517209,138.6776733,35.4539583,candidate URL generated from official GSI tile scheme; existence/coverage not locally verified
DEM1A,~1 m,airborne laser,17,116026,51716,https://cyberjapandata.gsi.go.jp/xyz/dem1a_png/17/116026/51716.png,138.6749268,35.4494835,138.6776733,35.4517209,candidate URL generated from official GSI tile scheme; existence/coverage not locally verified
DEM1A,~1 m,airborne laser,17,116026,51717,https://cyberjapandata.gsi.go.jp/xyz/dem1a_png/17/116026/51717.png,138.6749268,35.4472461,138.6776733,35.4494835,candidate URL generated from official GSI tile scheme; existence/coverage not locally verified
DEM1A,~1 m,airborne laser,17,116026,51718,https://cyberjapandata.gsi.go.jp/xyz/dem1a_png/17/116026/51718.png,138.6749268,35.4450085,138.6776733,35.4472461,candidate URL generated from official GSI tile scheme; existence/coverage not locally verified
DEM1A,~1 m,airborne laser,17,116026,51719,https://cyberjapandata.gsi.go.jp/xyz/dem1a_png/17/116026/51719.png,138.6749268,35.4427709,138.6776733,35.4450085,candidate URL generated from official GSI tile scheme; existence/coverage not locally verified
DEM1A,~1 m,airborne laser,17,116026,51720,https://cyberjapandata.gsi.go.jp/xyz/dem1a_png/17/116026/51720.png,138.6749268,35.4405333,138.6776733,35.4427709,candidate URL generated from official GSI tile scheme; existence/coverage not locally verified
DEM1A,~1 m,airborne laser,17,116026,51721,https://cyberjapandata.gsi.go.jp/xyz/dem1a_png/17/116026/51721.png,138.6749268,35.4382955,138.6776733,35.4405333,candidate URL generated from official GSI tile scheme; existence/coverage not locally verified
DEM1A,~1 m,airborne laser,17,116026,51722,https://cyberjapandata.gsi.go.jp/xyz/dem1a_png/17/116026/51722.png,138.6749268,35.4360578,138.6776733,35.4382955,candidate URL generated from official GSI tile scheme; existence/coverage not locally verified
DEM1A,~1 m,airborne laser,17,116026,51723,https://cyberjapandata.gsi.go.jp/xyz/dem1a_png/17/116026/51723.png,138.6749268,35.4338199,138.6776733,35.4360578,candidate URL generated from official GSI tile scheme; existence/coverage not locally verified
DEM1A,~1 m,airborne laser,17,116026,51724,https://cyberjapandata.gsi.go.jp/xyz/dem1a_png/17/116026/51724.png,138.6749268,35.431582,138.6776733,35.4338199,candidate URL generated from official GSI tile scheme; existence/coverage not locally verified
DEM1A,~1 m,airborne laser,17,116026,51725,https://cyberjapandata.gsi.go.jp/xyz/dem1a_png/17/116026/51725.png,138.6749268,35.429344,138.6776733,35.431582,candidate URL generated from official GSI tile scheme; existence/coverage not locally verified
DEM1A,~1 m,airborne laser,17,116027,51680,https://cyberjapandata.gsi.go.jp/xyz/dem1a_png/17/116027/51680.png,138.6776733,35.5299911,138.6804199,35.5322262,candidate URL generated from official GSI tile scheme; existence/coverage not locally verified
DEM1A,~1 m,airborne laser,17,116027,51681,https://cyberjapandata.gsi.go.jp/xyz/dem1a_png/17/116027/51681.png,138.6776733,35.5277558,138.6804199,35.5299911,candidate URL generated from official GSI tile scheme; existence/coverage not locally verified
DEM1A,~1 m,airborne laser,17,116027,51682,https://cyberjapandata.gsi.go.jp/xyz/dem1a_png/17/116027/51682.png,138.6776733,35.5255205,138.6804199,35.5277558,candidate URL generated from official GSI tile scheme; existence/coverage not locally verified
DEM1A,~1 m,airborne laser,17,116027,51683,https://cyberjapandata.gsi.go.jp/xyz/dem1a_png/17/116027/51683.png,138.6776733,35.5232852,138.6804199,35.5255205,candidate URL generated from official GSI tile scheme; existence/coverage not locally verified
DEM1A,~1 m,airborne laser,17,116027,51684,https://cyberjapandata.gsi.go.jp/xyz/dem1a_png/17/116027/51684.png,138.6776733,35.5210498,138.6804199,35.5232852,candidate URL generated from official GSI tile scheme; existence/coverage not locally verified
DEM1A,~1 m,airborne laser,17,116027,51685,https://cyberjapandata.gsi.go.jp/xyz/dem1a_png/17/116027/51685.png,138.6776733,35.5188143,138.6804199,35.5210498,candidate URL generated from official GSI tile scheme; existence/coverage not locally verified
DEM1A,~1 m,airborne laser,17,116027,51686,https://cyberjapandata.gsi.go.jp/xyz/dem1a_png/17/116027/51686.png,138.6776733,35.5165787,138.6804199,35.5188143,candidate URL generated from official GSI tile scheme; existence/coverage not locally verified
DEM1A,~1 m,airborne laser,17,116027,51687,https://cyberjapandata.gsi.go.jp/xyz/dem1a_png/17/116027/51687.png,138.6776733,35.5143431,138.6804199,35.5165787,candidate URL generated from official GSI tile scheme; existence/coverage not locally verified
DEM1A,~1 m,airborne laser,17,116027,51688,https://cyberjapandata.gsi.go.jp/xyz/dem1a_png/17/116027/51688.png,138.6776733,35.5121075,138.6804199,35.5143431,candidate URL generated from official GSI tile scheme; existence/coverage not locally verified
DEM1A,~1 m,airborne laser,17,116027,51689,https://cyberjapandata.gsi.go.jp/xyz/dem1a_png/17/116027/51689.png,138.6776733,35.5098717,138.6804199,35.5121075,candidate URL generated from official GSI tile scheme; existence/coverage not locally verified
DEM1A,~1 m,airborne laser,17,116027,51690,https://cyberjapandata.gsi.go.jp/xyz/dem1a_png/17/116027/51690.png,138.6776733,35.5076359,138.6804199,35.5098717,candidate URL generated from official GSI tile scheme; existence/coverage not locally verified
DEM1A,~1 m,airborne laser,17,116027,51691,https://cyberjapandata.gsi.go.jp/xyz/dem1a_png/17/116027/51691.png,138.6776733,35.5054001,138.6804199,35.5076359,candidate URL generated from official GSI tile scheme; existence/coverage not locally verified
DEM1A,~1 m,airborne laser,17,116027,51692,https://cyberjapandata.gsi.go.jp/xyz/dem1a_png/17/116027/51692.png,138.6776733,35.5031642,138.6804199,35.5054001,candidate URL generated from official GSI tile scheme; existence/coverage not locally verified
DEM1A,~1 m,airborne laser,17,116027,51693,https://cyberjapandata.gsi.go.jp/xyz/dem1a_png/17/116027/51693.png,138.6776733,35.5009282,138.6804199,35.5031642,candidate URL generated from official GSI tile scheme; existence/coverage not locally verified
DEM1A,~1 m,airborne laser,17,116027,51694,https://cyberjapandata.gsi.go.jp/xyz/dem1a_png/17/116027/51694.png,138.6776733,35.4986922,138.6804199,35.5009282,candidate URL generated from official GSI tile scheme; existence/coverage not locally verified
DEM1A,~1 m,airborne laser,17,116027,51695,https://cyberjapandata.gsi.go.jp/xyz/dem1a_png/17/116027/51695.png,138.6776733,35.4964561,138.6804199,35.4986922,candidate URL generated from official GSI tile scheme; existence/coverage not locally verified
DEM1A,~1 m,airborne laser,17,116027,51696,https://cyberjapandata.gsi.go.jp/xyz/dem1a_png/17/116027/51696.png,138.6776733,35.4942199,138.6804199,35.4964561,candidate URL generated from official GSI tile scheme; existence/coverage not locally verified
DEM1A,~1 m,airborne laser,17,116027,51697,https://cyberjapandata.gsi.go.jp/xyz/dem1a_png/17/116027/51697.png,138.6776733,35.4919837,138.6804199,35.4942199,candidate URL generated from official GSI tile scheme; existence/coverage not locally verified
DEM1A,~1 m,airborne laser,17,116027,51698,https://cyberjapandata.gsi.go.jp/xyz/dem1a_png/17/116027/51698.png,138.6776733,35.4897474,138.6804199,35.4919837,candidate URL generated from official GSI tile scheme; existence/coverage not locally verified
DEM1A,~1 m,airborne laser,17,116027,51699,https://cyberjapandata.gsi.go.jp/xyz/dem1a_png/17/116027/51699.png,138.6776733,35.487511,138.6804199,35.4897474,candidate URL generated from official GSI tile scheme; existence/coverage not locally verified
DEM1A,~1 m,airborne laser,17,116027,51700,https://cyberjapandata.gsi.go.jp/xyz/dem1a_png/17/116027/51700.png,138.6776733,35.4852746,138.6804199,35.487511,candidate URL generated from official GSI tile scheme; existence/coverage not locally verified
DEM1A,~1 m,airborne laser,17,116027,51701,https://cyberjapandata.gsi.go.jp/xyz/dem1a_png/17/116027/51701.png,138.6776733,35.4830381,138.6804199,35.4852746,candidate URL generated from official GSI tile scheme; existence/coverage not locally verified
DEM1A,~1 m,airborne laser,17,116027,51702,https://cyberjapandata.gsi.go.jp/xyz/dem1a_png/17/116027/51702.png,138.6776733,35.4808016,138.6804199,35.4830381,candidate URL generated from official GSI tile scheme; existence/coverage not locally verified
DEM1A,~1 m,airborne laser,17,116027,51703,https://cyberjapandata.gsi.go.jp/xyz/dem1a_png/17/116027/51703.png,138.6776733,35.478565,138.6804199,35.4808016,candidate URL generated from official GSI tile scheme; existence/coverage not locally verified
DEM1A,~1 m,airborne laser,17,116027,51704,https://cyberjapandata.gsi.go.jp/xyz/dem1a_png/17/116027/51704.png,138.6776733,35.4763283,138.6804199,35.478565,candidate URL generated from official GSI tile scheme; existence/coverage not locally verified
DEM1A,~1 m,airborne laser,17,116027,51705,https://cyberjapandata.gsi.go.jp/xyz/dem1a_png/17/116027/51705.png,138.6776733,35.4740916,138.6804199,35.4763283,candidate URL generated from official GSI tile scheme; existence/coverage not locally verified
DEM1A,~1 m,airborne laser,17,116027,51706,https://cyberjapandata.gsi.go.jp/xyz/dem1a_png/17/116027/51706.png,138.6776733,35.4718548,138.6804199,35.4740916,candidate URL generated from official GSI tile scheme; existence/coverage not locally verified
DEM1A,~1 m,airborne laser,17,116027,51707,https://cyberjapandata.gsi.go.jp/xyz/dem1a_png/17/116027/51707.png,138.6776733,35.469618,138.6804199,35.4718548,candidate URL generated from official GSI tile scheme; existence/coverage not locally verified
DEM1A,~1 m,airborne laser,17,116027,51708,https://cyberjapandata.gsi.go.jp/xyz/dem1a_png/17/116027/51708.png,138.6776733,35.4673811,138.6804199,35.469618,candidate URL generated from official GSI tile scheme; existence/coverage not locally verified
DEM1A,~1 m,airborne laser,17,116027,51709,https://cyberjapandata.gsi.go.jp/xyz/dem1a_png/17/116027/51709.png,138.6776733,35.4651441,138.6804199,35.4673811,candidate URL generated from official GSI tile scheme; existence/coverage not locally verified
DEM1A,~1 m,airborne laser,17,116027,51710,https://cyberjapandata.gsi.go.jp/xyz/dem1a_png/17/116027/51710.png,138.6776733,35.462907,138.6804199,35.4651441,candidate URL generated from official GSI tile scheme; existence/coverage not locally verified
DEM1A,~1 m,airborne laser,17,116027,51711,https://cyberjapandata.gsi.go.jp/xyz/dem1a_png/17/116027/51711.png,138.6776733,35.46067,138.6804199,35.462907,candidate URL generated from official GSI tile scheme; existence/coverage not locally verified
DEM1A,~1 m,airborne laser,17,116027,51712,https://cyberjapandata.gsi.go.jp/xyz/dem1a_png/17/116027/51712.png,138.6776733,35.4584328,138.6804199,35.46067,candidate URL generated from official GSI tile scheme; existence/coverage not locally verified
DEM1A,~1 m,airborne laser,17,116027,51713,https://cyberjapandata.gsi.go.jp/xyz/dem1a_png/17/116027/51713.png,138.6776733,35.4561956,138.6804199,35.4584328,candidate URL generated from official GSI tile scheme; existence/coverage not locally verified
DEM1A,~1 m,airborne laser,17,116027,51714,https://cyberjapandata.gsi.go.jp/xyz/dem1a_png/17/116027/51714.png,138.6776733,35.4539583,138.6804199,35.4561956,candidate URL generated from official GSI tile scheme; existence/coverage not locally verified
DEM1A,~1 m,airborne laser,17,116027,51715,https://cyberjapandata.gsi.go.jp/xyz/dem1a_png/17/116027/51715.png,138.6776733,35.4517209,138.6804199,35.4539583,candidate URL generated from official GSI tile scheme; existence/coverage not locally verified
DEM1A,~1 m,airborne laser,17,116027,51716,https://cyberjapandata.gsi.go.jp/xyz/dem1a_png/17/116027/51716.png,138.6776733,35.4494835,138.6804199,35.4517209,candidate URL generated from official GSI tile scheme; existence/coverage not locally verified
DEM1A,~1 m,airborne laser,17,116027,51717,https://cyberjapandata.gsi.go.jp/xyz/dem1a_png/17/116027/51717.png,138.6776733,35.4472461,138.6804199,35.4494835,candidate URL generated from official GSI tile scheme; existence/coverage not locally verified
DEM1A,~1 m,airborne laser,17,116027,51718,https://cyberjapandata.gsi.go.jp/xyz/dem1a_png/17/116027/51718.png,138.6776733,35.4450085,138.6804199,35.4472461,candidate URL generated from official GSI tile scheme; existence/coverage not locally verified
DEM1A,~1 m,airborne laser,17,116027,51719,https://cyberjapandata.gsi.go.jp/xyz/dem1a_png/17/116027/51719.png,138.6776733,35.4427709,138.6804199,35.4450085,candidate URL generated from official GSI tile scheme; existence/coverage not locally verified
DEM1A,~1 m,airborne laser,17,116027,51720,https://cyberjapandata.gsi.go.jp/xyz/dem1a_png/17/116027/51720.png,138.6776733,35.4405333,138.6804199,35.4427709,candidate URL generated from official GSI tile scheme; existence/coverage not locally verified
DEM1A,~1 m,airborne laser,17,116027,51721,https://cyberjapandata.gsi.go.jp/xyz/dem1a_png/17/116027/51721.png,138.6776733,35.4382955,138.6804199,35.4405333,candidate URL generated from official GSI tile scheme; existence/coverage not locally verified
DEM1A,~1 m,airborne laser,17,116027,51722,https://cyberjapandata.gsi.go.jp/xyz/dem1a_png/17/116027/51722.png,138.6776733,35.4360578,138.6804199,35.4382955,candidate URL generated from official GSI tile scheme; existence/coverage not locally verified
DEM1A,~1 m,airborne laser,17,116027,51723,https://cyberjapandata.gsi.go.jp/xyz/dem1a_png/17/116027/51723.png,138.6776733,35.4338199,138.6804199,35.4360578,candidate URL generated from official GSI tile scheme; existence/coverage not locally verified
DEM1A,~1 m,airborne laser,17,116027,51724,https://cyberjapandata.gsi.go.jp/xyz/dem1a_png/17/116027/51724.png,138.6776733,35.431582,138.6804199,35.4338199,candidate URL generated from official GSI tile scheme; existence/coverage not locally verified
DEM1A,~1 m,airborne laser,17,116027,51725,https://cyberjapandata.gsi.go.jp/xyz/dem1a_png/17/116027/51725.png,138.6776733,35.429344,138.6804199,35.431582,candidate URL generated from official GSI tile scheme; existence/coverage not locally verified
DEM1A,~1 m,airborne laser,17,116028,51680,https://cyberjapandata.gsi.go.jp/xyz/dem1a_png/17/116028/51680.png,138.6804199,35.5299911,138.6831665,35.5322262,candidate URL generated from official GSI tile scheme; existence/coverage not locally verified
DEM1A,~1 m,airborne laser,17,116028,51681,https://cyberjapandata.gsi.go.jp/xyz/dem1a_png/17/116028/51681.png,138.6804199,35.5277558,138.6831665,35.5299911,candidate URL generated from official GSI tile scheme; existence/coverage not locally verified
DEM1A,~1 m,airborne laser,17,116028,51682,https://cyberjapandata.gsi.go.jp/xyz/dem1a_png/17/116028/51682.png,138.6804199,35.5255205,138.6831665,35.5277558,candidate URL generated from official GSI tile scheme; existence/coverage not locally verified
DEM1A,~1 m,airborne laser,17,116028,51683,https://cyberjapandata.gsi.go.jp/xyz/dem1a_png/17/116028/51683.png,138.6804199,35.5232852,138.6831665,35.5255205,candidate URL generated from official GSI tile scheme; existence/coverage not locally verified
DEM1A,~1 m,airborne laser,17,116028,51684,https://cyberjapandata.gsi.go.jp/xyz/dem1a_png/17/116028/51684.png,138.6804199,35.5210498,138.6831665,35.5232852,candidate URL generated from official GSI tile scheme; existence/coverage not locally verified
DEM1A,~1 m,airborne laser,17,116028,51685,https://cyberjapandata.gsi.go.jp/xyz/dem1a_png/17/116028/51685.png,138.6804199,35.5188143,138.6831665,35.5210498,candidate URL generated from official GSI tile scheme; existence/coverage not locally verified
DEM1A,~1 m,airborne laser,17,116028,51686,https://cyberjapandata.gsi.go.jp/xyz/dem1a_png/17/116028/51686.png,138.6804199,35.5165787,138.6831665,35.5188143,candidate URL generated from official GSI tile scheme; existence/coverage not locally verified
DEM1A,~1 m,airborne laser,17,116028,51687,https://cyberjapandata.gsi.go.jp/xyz/dem1a_png/17/116028/51687.png,138.6804199,35.5143431,138.6831665,35.5165787,candidate URL generated from official GSI tile scheme; existence/coverage not locally verified
DEM1A,~1 m,airborne laser,17,116028,51688,https://cyberjapandata.gsi.go.jp/xyz/dem1a_png/17/116028/51688.png,138.6804199,35.5121075,138.6831665,35.5143431,candidate URL generated from official GSI tile scheme; existence/coverage not locally verified
DEM1A,~1 m,airborne laser,17,116028,51689,https://cyberjapandata.gsi.go.jp/xyz/dem1a_png/17/116028/51689.png,138.6804199,35.5098717,138.6831665,35.5121075,candidate URL generated from official GSI tile scheme; existence/coverage not locally verified
DEM1A,~1 m,airborne laser,17,116028,51690,https://cyberjapandata.gsi.go.jp/xyz/dem1a_png/17/116028/51690.png,138.6804199,35.5076359,138.6831665,35.5098717,candidate URL generated from official GSI tile scheme; existence/coverage not locally verified
DEM1A,~1 m,airborne laser,17,116028,51691,https://cyberjapandata.gsi.go.jp/xyz/dem1a_png/17/116028/51691.png,138.6804199,35.5054001,138.6831665,35.5076359,candidate URL generated from official GSI tile scheme; existence/coverage not locally verified
DEM1A,~1 m,airborne laser,17,116028,51692,https://cyberjapandata.gsi.go.jp/xyz/dem1a_png/17/116028/51692.png,138.6804199,35.5031642,138.6831665,35.5054001,candidate URL generated from official GSI tile scheme; existence/coverage not locally verified
DEM1A,~1 m,airborne laser,17,116028,51693,https://cyberjapandata.gsi.go.jp/xyz/dem1a_png/17/116028/51693.png,138.6804199,35.5009282,138.6831665,35.5031642,candidate URL generated from official GSI tile scheme; existence/coverage not locally verified
DEM1A,~1 m,airborne laser,17,116028,51694,https://cyberjapandata.gsi.go.jp/xyz/dem1a_png/17/116028/51694.png,138.6804199,35.4986922,138.6831665,35.5009282,candidate URL generated from official GSI tile scheme; existence/coverage not locally verified
DEM1A,~1 m,airborne laser,17,116028,51695,https://cyberjapandata.gsi.go.jp/xyz/dem1a_png/17/116028/51695.png,138.6804199,35.4964561,138.6831665,35.4986922,candidate URL generated from official GSI tile scheme; existence/coverage not locally verified
DEM1A,~1 m,airborne laser,17,116028,51696,https://cyberjapandata.gsi.go.jp/xyz/dem1a_png/17/116028/51696.png,138.6804199,35.4942199,138.6831665,35.4964561,candidate URL generated from official GSI tile scheme; existence/coverage not locally verified
DEM1A,~1 m,airborne laser,17,116028,51697,https://cyberjapandata.gsi.go.jp/xyz/dem1a_png/17/116028/51697.png,138.6804199,35.4919837,138.6831665,35.4942199,candidate URL generated from official GSI tile scheme; existence/coverage not locally verified
DEM1A,~1 m,airborne laser,17,116028,51698,https://cyberjapandata.gsi.go.jp/xyz/dem1a_png/17/116028/51698.png,138.6804199,35.4897474,138.6831665,35.4919837,candidate URL generated from official GSI tile scheme; existence/coverage not locally verified
DEM1A,~1 m,airborne laser,17,116028,51699,https://cyberjapandata.gsi.go.jp/xyz/dem1a_png/17/116028/51699.png,138.6804199,35.487511,138.6831665,35.4897474,candidate URL generated from official GSI tile scheme; existence/coverage not locally verified
DEM1A,~1 m,airborne laser,17,116028,51700,https://cyberjapandata.gsi.go.jp/xyz/dem1a_png/17/116028/51700.png,138.6804199,35.4852746,138.6831665,35.487511,candidate URL generated from official GSI tile scheme; existence/coverage not locally verified
DEM1A,~1 m,airborne laser,17,116028,51701,https://cyberjapandata.gsi.go.jp/xyz/dem1a_png/17/116028/51701.png,138.6804199,35.4830381,138.6831665,35.4852746,candidate URL generated from official GSI tile scheme; existence/coverage not locally verified
DEM1A,~1 m,airborne laser,17,116028,51702,https://cyberjapandata.gsi.go.jp/xyz/dem1a_png/17/116028/51702.png,138.6804199,35.4808016,138.6831665,35.4830381,candidate URL generated from official GSI tile scheme; existence/coverage not locally verified
DEM1A,~1 m,airborne laser,17,116028,51703,https://cyberjapandata.gsi.go.jp/xyz/dem1a_png/17/116028/51703.png,138.6804199,35.478565,138.6831665,35.4808016,candidate URL generated from official GSI tile scheme; existence/coverage not locally verified
DEM1A,~1 m,airborne laser,17,116028,51704,https://cyberjapandata.gsi.go.jp/xyz/dem1a_png/17/116028/51704.png,138.6804199,35.4763283,138.6831665,35.478565,candidate URL generated from official GSI tile scheme; existence/coverage not locally verified
DEM1A,~1 m,airborne laser,17,116028,51705,https://cyberjapandata.gsi.go.jp/xyz/dem1a_png/17/116028/51705.png,138.6804199,35.4740916,138.6831665,35.4763283,candidate URL generated from official GSI tile scheme; existence/coverage not locally verified
DEM1A,~1 m,airborne laser,17,116028,51706,https://cyberjapandata.gsi.go.jp/xyz/dem1a_png/17/116028/51706.png,138.6804199,35.4718548,138.6831665,35.4740916,candidate URL generated from official GSI tile scheme; existence/coverage not locally verified
DEM1A,~1 m,airborne laser,17,116028,51707,https://cyberjapandata.gsi.go.jp/xyz/dem1a_png/17/116028/51707.png,138.6804199,35.469618,138.6831665,35.4718548,candidate URL generated from official GSI tile scheme; existence/coverage not locally verified
DEM1A,~1 m,airborne laser,17,116028,51708,https://cyberjapandata.gsi.go.jp/xyz/dem1a_png/17/116028/51708.png,138.6804199,35.4673811,138.6831665,35.469618,candidate URL generated from official GSI tile scheme; existence/coverage not locally verified
DEM1A,~1 m,airborne laser,17,116028,51709,https://cyberjapandata.gsi.go.jp/xyz/dem1a_png/17/116028/51709.png,138.6804199,35.4651441,138.6831665,35.4673811,candidate URL generated from official GSI tile scheme; existence/coverage not locally verified
DEM1A,~1 m,airborne laser,17,116028,51710,https://cyberjapandata.gsi.go.jp/xyz/dem1a_png/17/116028/51710.png,138.6804199,35.462907,138.6831665,35.4651441,candidate URL generated from official GSI tile scheme; existence/coverage not locally verified
DEM1A,~1 m,airborne laser,17,116028,51711,https://cyberjapandata.gsi.go.jp/xyz/dem1a_png/17/116028/51711.png,138.6804199,35.46067,138.6831665,35.462907,candidate URL generated from official GSI tile scheme; existence/coverage not locally verified
DEM1A,~1 m,airborne laser,17,116028,51712,https://cyberjapandata.gsi.go.jp/xyz/dem1a_png/17/116028/51712.png,138.6804199,35.4584328,138.6831665,35.46067,candidate URL generated from official GSI tile scheme; existence/coverage not locally verified
DEM1A,~1 m,airborne laser,17,116028,51713,https://cyberjapandata.gsi.go.jp/xyz/dem1a_png/17/116028/51713.png,138.6804199,35.4561956,138.6831665,35.4584328,candidate URL generated from official GSI tile scheme; existence/coverage not locally verified
DEM1A,~1 m,airborne laser,17,116028,51714,https://cyberjapandata.gsi.go.jp/xyz/dem1a_png/17/116028/51714.png,138.6804199,35.4539583,138.6831665,35.4561956,candidate URL generated from official GSI tile scheme; existence/coverage not locally verified
DEM1A,~1 m,airborne laser,17,116028,51715,https://cyberjapandata.gsi.go.jp/xyz/dem1a_png/17/116028/51715.png,138.6804199,35.4517209,138.6831665,35.4539583,candidate URL generated from official GSI tile scheme; existence/coverage not locally verified
DEM1A,~1 m,airborne laser,17,116028,51716,https://cyberjapandata.gsi.go.jp/xyz/dem1a_png/17/116028/51716.png,138.6804199,35.4494835,138.6831665,35.4517209,candidate URL generated from official GSI tile scheme; existence/coverage not locally verified
DEM1A,~1 m,airborne laser,17,116028,51717,https://cyberjapandata.gsi.go.jp/xyz/dem1a_png/17/116028/51717.png,138.6804199,35.4472461,138.6831665,35.4494835,candidate URL generated from official GSI tile scheme; existence/coverage not locally verified
DEM1A,~1 m,airborne laser,17,116028,51718,https://cyberjapandata.gsi.go.jp/xyz/dem1a_png/17/116028/51718.png,138.6804199,35.4450085,138.6831665,35.4472461,candidate URL generated from official GSI tile scheme; existence/coverage not locally verified
DEM1A,~1 m,airborne laser,17,116028,51719,https://cyberjapandata.gsi.go.jp/xyz/dem1a_png/17/116028/51719.png,138.6804199,35.4427709,138.6831665,35.4450085,candidate URL generated from official GSI tile scheme; existence/coverage not locally verified
DEM1A,~1 m,airborne laser,17,116028,51720,https://cyberjapandata.gsi.go.jp/xyz/dem1a_png/17/116028/51720.png,138.6804199,35.4405333,138.6831665,35.4427709,candidate URL generated from official GSI tile scheme; existence/coverage not locally verified
DEM1A,~1 m,airborne laser,17,116028,51721,https://cyberjapandata.gsi.go.jp/xyz/dem1a_png/17/116028/51721.png,138.6804199,35.4382955,138.6831665,35.4405333,candidate URL generated from official GSI tile scheme; existence/coverage not locally verified
DEM1A,~1 m,airborne laser,17,116028,51722,https://cyberjapandata.gsi.go.jp/xyz/dem1a_png/17/116028/51722.png,138.6804199,35.4360578,138.6831665,35.4382955,candidate URL generated from official GSI tile scheme; existence/coverage not locally verified
DEM1A,~1 m,airborne laser,17,116028,51723,https://cyberjapandata.gsi.go.jp/xyz/dem1a_png/17/116028/51723.png,138.6804199,35.4338199,138.6831665,35.4360578,candidate URL generated from official GSI tile scheme; existence/coverage not locally verified
DEM1A,~1 m,airborne laser,17,116028,51724,https://cyberjapandata.gsi.go.jp/xyz/dem1a_png/17/116028/51724.png,138.6804199,35.431582,138.6831665,35.4338199,candidate URL generated from official GSI tile scheme; existence/coverage not locally verified
DEM1A,~1 m,airborne laser,17,116028,51725,https://cyberjapandata.gsi.go.jp/xyz/dem1a_png/17/116028/51725.png,138.6804199,35.429344,138.6831665,35.431582,candidate URL generated from official GSI tile scheme; existence/coverage not locally verified
DEM1A,~1 m,airborne laser,17,116029,51680,https://cyberjapandata.gsi.go.jp/xyz/dem1a_png/17/116029/51680.png,138.6831665,35.5299911,138.6859131,35.5322262,candidate URL generated from official GSI tile scheme; existence/coverage not locally verified
DEM1A,~1 m,airborne laser,17,116029,51681,https://cyberjapandata.gsi.go.jp/xyz/dem1a_png/17/116029/51681.png,138.6831665,35.5277558,138.6859131,35.5299911,candidate URL generated from official GSI tile scheme; existence/coverage not locally verified
DEM1A,~1 m,airborne laser,17,116029,51682,https://cyberjapandata.gsi.go.jp/xyz/dem1a_png/17/116029/51682.png,138.6831665,35.5255205,138.6859131,35.5277558,candidate URL generated from official GSI tile scheme; existence/coverage not locally verified
DEM1A,~1 m,airborne laser,17,116029,51683,https://cyberjapandata.gsi.go.jp/xyz/dem1a_png/17/116029/51683.png,138.6831665,35.5232852,138.6859131,35.5255205,candidate URL generated from official GSI tile scheme; existence/coverage not locally verified
DEM1A,~1 m,airborne laser,17,116029,51684,https://cyberjapandata.gsi.go.jp/xyz/dem1a_png/17/116029/51684.png,138.6831665,35.5210498,138.6859131,35.5232852,candidate URL generated from official GSI tile scheme; existence/coverage not locally verified
DEM1A,~1 m,airborne laser,17,116029,51685,https://cyberjapandata.gsi.go.jp/xyz/dem1a_png/17/116029/51685.png,138.6831665,35.5188143,138.6859131,35.5210498,candidate URL generated from official GSI tile scheme; existence/coverage not locally verified
DEM1A,~1 m,airborne laser,17,116029,51686,https://cyberjapandata.gsi.go.jp/xyz/dem1a_png/17/116029/51686.png,138.6831665,35.5165787,138.6859131,35.5188143,candidate URL generated from official GSI tile scheme; existence/coverage not locally verified
DEM1A,~1 m,airborne laser,17,116029,51687,https://cyberjapandata.gsi.go.jp/xyz/dem1a_png/17/116029/51687.png,138.6831665,35.5143431,138.6859131,35.5165787,candidate URL generated from official GSI tile scheme; existence/coverage not locally verified
DEM1A,~1 m,airborne laser,17,116029,51688,https://cyberjapandata.gsi.go.jp/xyz/dem1a_png/17/116029/51688.png,138.6831665,35.5121075,138.6859131,35.5143431,candidate URL generated from official GSI tile scheme; existence/coverage not locally verified
DEM1A,~1 m,airborne laser,17,116029,51689,https://cyberjapandata.gsi.go.jp/xyz/dem1a_png/17/116029/51689.png,138.6831665,35.5098717,138.6859131,35.5121075,candidate URL generated from official GSI tile scheme; existence/coverage not locally verified
DEM1A,~1 m,airborne laser,17,116029,51690,https://cyberjapandata.gsi.go.jp/xyz/dem1a_png/17/116029/51690.png,138.6831665,35.5076359,138.6859131,35.5098717,candidate URL generated from official GSI tile scheme; existence/coverage not locally verified
DEM1A,~1 m,airborne laser,17,116029,51691,https://cyberjapandata.gsi.go.jp/xyz/dem1a_png/17/116029/51691.png,138.6831665,35.5054001,138.6859131,35.5076359,candidate URL generated from official GSI tile scheme; existence/coverage not locally verified
DEM1A,~1 m,airborne laser,17,116029,51692,https://cyberjapandata.gsi.go.jp/xyz/dem1a_png/17/116029/51692.png,138.6831665,35.5031642,138.6859131,35.5054001,candidate URL generated from official GSI tile scheme; existence/coverage not locally verified
DEM1A,~1 m,airborne laser,17,116029,51693,https://cyberjapandata.gsi.go.jp/xyz/dem1a_png/17/116029/51693.png,138.6831665,35.5009282,138.6859131,35.5031642,candidate URL generated from official GSI tile scheme; existence/coverage not locally verified
DEM1A,~1 m,airborne laser,17,116029,51694,https://cyberjapandata.gsi.go.jp/xyz/dem1a_png/17/116029/51694.png,138.6831665,35.4986922,138.6859131,35.5009282,candidate URL generated from official GSI tile scheme; existence/coverage not locally verified
DEM1A,~1 m,airborne laser,17,116029,51695,https://cyberjapandata.gsi.go.jp/xyz/dem1a_png/17/116029/51695.png,138.6831665,35.4964561,138.6859131,35.4986922,candidate URL generated from official GSI tile scheme; existence/coverage not locally verified
DEM1A,~1 m,airborne laser,17,116029,51696,https://cyberjapandata.gsi.go.jp/xyz/dem1a_png/17/116029/51696.png,138.6831665,35.4942199,138.6859131,35.4964561,candidate URL generated from official GSI tile scheme; existence/coverage not locally verified
DEM1A,~1 m,airborne laser,17,116029,51697,https://cyberjapandata.gsi.go.jp/xyz/dem1a_png/17/116029/51697.png,138.6831665,35.4919837,138.6859131,35.4942199,candidate URL generated from official GSI tile scheme; existence/coverage not locally verified
DEM1A,~1 m,airborne laser,17,116029,51698,https://cyberjapandata.gsi.go.jp/xyz/dem1a_png/17/116029/51698.png,138.6831665,35.4897474,138.6859131,35.4919837,candidate URL generated from official GSI tile scheme; existence/coverage not locally verified
DEM1A,~1 m,airborne laser,17,116029,51699,https://cyberjapandata.gsi.go.jp/xyz/dem1a_png/17/116029/51699.png,138.6831665,35.487511,138.6859131,35.4897474,candidate URL generated from official GSI tile scheme; existence/coverage not locally verified
DEM1A,~1 m,airborne laser,17,116029,51700,https://cyberjapandata.gsi.go.jp/xyz/dem1a_png/17/116029/51700.png,138.6831665,35.4852746,138.6859131,35.487511,candidate URL generated from official GSI tile scheme; existence/coverage not locally verified
DEM1A,~1 m,airborne laser,17,116029,51701,https://cyberjapandata.gsi.go.jp/xyz/dem1a_png/17/116029/51701.png,138.6831665,35.4830381,138.6859131,35.4852746,candidate URL generated from official GSI tile scheme; existence/coverage not locally verified
DEM1A,~1 m,airborne laser,17,116029,51702,https://cyberjapandata.gsi.go.jp/xyz/dem1a_png/17/116029/51702.png,138.6831665,35.4808016,138.6859131,35.4830381,candidate URL generated from official GSI tile scheme; existence/coverage not locally verified
DEM1A,~1 m,airborne laser,17,116029,51703,https://cyberjapandata.gsi.go.jp/xyz/dem1a_png/17/116029/51703.png,138.6831665,35.478565,138.6859131,35.4808016,candidate URL generated from official GSI tile scheme; existence/coverage not locally verified
DEM1A,~1 m,airborne laser,17,116029,51704,https://cyberjapandata.gsi.go.jp/xyz/dem1a_png/17/116029/51704.png,138.6831665,35.4763283,138.6859131,35.478565,candidate URL generated from official GSI tile scheme; existence/coverage not locally verified
DEM1A,~1 m,airborne laser,17,116029,51705,https://cyberjapandata.gsi.go.jp/xyz/dem1a_png/17/116029/51705.png,138.6831665,35.4740916,138.6859131,35.4763283,candidate URL generated from official GSI tile scheme; existence/coverage not locally verified
DEM1A,~1 m,airborne laser,17,116029,51706,https://cyberjapandata.gsi.go.jp/xyz/dem1a_png/17/116029/51706.png,138.6831665,35.4718548,138.6859131,35.4740916,candidate URL generated from official GSI tile scheme; existence/coverage not locally verified
DEM1A,~1 m,airborne laser,17,116029,51707,https://cyberjapandata.gsi.go.jp/xyz/dem1a_png/17/116029/51707.png,138.6831665,35.469618,138.6859131,35.4718548,candidate URL generated from official GSI tile scheme; existence/coverage not locally verified
DEM1A,~1 m,airborne laser,17,116029,51708,https://cyberjapandata.gsi.go.jp/xyz/dem1a_png/17/116029/51708.png,138.6831665,35.4673811,138.6859131,35.469618,candidate URL generated from official GSI tile scheme; existence/coverage not locally verified
DEM1A,~1 m,airborne laser,17,116029,51709,https://cyberjapandata.gsi.go.jp/xyz/dem1a_png/17/116029/51709.png,138.6831665,35.4651441,138.6859131,35.4673811,candidate URL generated from official GSI tile scheme; existence/coverage not locally verified
DEM1A,~1 m,airborne laser,17,116029,51710,https://cyberjapandata.gsi.go.jp/xyz/dem1a_png/17/116029/51710.png,138.6831665,35.462907,138.6859131,35.4651441,candidate URL generated from official GSI tile scheme; existence/coverage not locally verified
DEM1A,~1 m,airborne laser,17,116029,51711,https://cyberjapandata.gsi.go.jp/xyz/dem1a_png/17/116029/51711.png,138.6831665,35.46067,138.6859131,35.462907,candidate URL generated from official GSI tile scheme; existence/coverage not locally verified
DEM1A,~1 m,airborne laser,17,116029,51712,https://cyberjapandata.gsi.go.jp/xyz/dem1a_png/17/116029/51712.png,138.6831665,35.4584328,138.6859131,35.46067,candidate URL generated from official GSI tile scheme; existence/coverage not locally verified
DEM1A,~1 m,airborne laser,17,116029,51713,https://cyberjapandata.gsi.go.jp/xyz/dem1a_png/17/116029/51713.png,138.6831665,35.4561956,138.6859131,35.4584328,candidate URL generated from official GSI tile scheme; existence/coverage not locally verified
DEM1A,~1 m,airborne laser,17,116029,51714,https://cyberjapandata.gsi.go.jp/xyz/dem1a_png/17/116029/51714.png,138.6831665,35.4539583,138.6859131,35.4561956,candidate URL generated from official GSI tile scheme; existence/coverage not locally verified
DEM1A,~1 m,airborne laser,17,116029,51715,https://cyberjapandata.gsi.go.jp/xyz/dem1a_png/17/116029/51715.png,138.6831665,35.4517209,138.6859131,35.4539583,candidate URL generated from official GSI tile scheme; existence/coverage not locally verified
DEM1A,~1 m,airborne laser,17,116029,51716,https://cyberjapandata.gsi.go.jp/xyz/dem1a_png/17/116029/51716.png,138.6831665,35.4494835,138.6859131,35.4517209,candidate URL generated from official GSI tile scheme; existence/coverage not locally verified
DEM1A,~1 m,airborne laser,17,116029,51717,https://cyberjapandata.gsi.go.jp/xyz/dem1a_png/17/116029/51717.png,138.6831665,35.4472461,138.6859131,35.4494835,candidate URL generated from official GSI tile scheme; existence/coverage not locally verified
DEM1A,~1 m,airborne laser,17,116029,51718,https://cyberjapandata.gsi.go.jp/xyz/dem1a_png/17/116029/51718.png,138.6831665,35.4450085,138.6859131,35.4472461,candidate URL generated from official GSI tile scheme; existence/coverage not locally verified
DEM1A,~1 m,airborne laser,17,116029,51719,https://cyberjapandata.gsi.go.jp/xyz/dem1a_png/17/116029/51719.png,138.6831665,35.4427709,138.6859131,35.4450085,candidate URL generated from official GSI tile scheme; existence/coverage not locally verified
DEM1A,~1 m,airborne laser,17,116029,51720,https://cyberjapandata.gsi.go.jp/xyz/dem1a_png/17/116029/51720.png,138.6831665,35.4405333,138.6859131,35.4427709,candidate URL generated from official GSI tile scheme; existence/coverage not locally verified
DEM1A,~1 m,airborne laser,17,116029,51721,https://cyberjapandata.gsi.go.jp/xyz/dem1a_png/17/116029/51721.png,138.6831665,35.4382955,138.6859131,35.4405333,candidate URL generated from official GSI tile scheme; existence/coverage not locally verified
DEM1A,~1 m,airborne laser,17,116029,51722,https://cyberjapandata.gsi.go.jp/xyz/dem1a_png/17/116029/51722.png,138.6831665,35.4360578,138.6859131,35.4382955,candidate URL generated from official GSI tile scheme; existence/coverage not locally verified
DEM1A,~1 m,airborne laser,17,116029,51723,https://cyberjapandata.gsi.go.jp/xyz/dem1a_png/17/116029/51723.png,138.6831665,35.4338199,138.6859131,35.4360578,candidate URL generated from official GSI tile scheme; existence/coverage not locally verified
DEM1A,~1 m,airborne laser,17,116029,51724,https://cyberjapandata.gsi.go.jp/xyz/dem1a_png/17/116029/51724.png,138.6831665,35.431582,138.6859131,35.4338199,candidate URL generated from official GSI tile scheme; existence/coverage not locally verified
DEM1A,~1 m,airborne laser,17,116029,51725,https://cyberjapandata.gsi.go.jp/xyz/dem1a_png/17/116029/51725.png,138.6831665,35.429344,138.6859131,35.431582,candidate URL generated from official GSI tile scheme; existence/coverage not locally verified
DEM1A,~1 m,airborne laser,17,116030,51680,https://cyberjapandata.gsi.go.jp/xyz/dem1a_png/17/116030/51680.png,138.6859131,35.5299911,138.6886597,35.5322262,candidate URL generated from official GSI tile scheme; existence/coverage not locally verified
DEM1A,~1 m,airborne laser,17,116030,51681,https://cyberjapandata.gsi.go.jp/xyz/dem1a_png/17/116030/51681.png,138.6859131,35.5277558,138.6886597,35.5299911,candidate URL generated from official GSI tile scheme; existence/coverage not locally verified
DEM1A,~1 m,airborne laser,17,116030,51682,https://cyberjapandata.gsi.go.jp/xyz/dem1a_png/17/116030/51682.png,138.6859131,35.5255205,138.6886597,35.5277558,candidate URL generated from official GSI tile scheme; existence/coverage not locally verified
DEM1A,~1 m,airborne laser,17,116030,51683,https://cyberjapandata.gsi.go.jp/xyz/dem1a_png/17/116030/51683.png,138.6859131,35.5232852,138.6886597,35.5255205,candidate URL generated from official GSI tile scheme; existence/coverage not locally verified
DEM1A,~1 m,airborne laser,17,116030,51684,https://cyberjapandata.gsi.go.jp/xyz/dem1a_png/17/116030/51684.png,138.6859131,35.5210498,138.6886597,35.5232852,candidate URL generated from official GSI tile scheme; existence/coverage not locally verified
DEM1A,~1 m,airborne laser,17,116030,51685,https://cyberjapandata.gsi.go.jp/xyz/dem1a_png/17/116030/51685.png,138.6859131,35.5188143,138.6886597,35.5210498,candidate URL generated from official GSI tile scheme; existence/coverage not locally verified
DEM1A,~1 m,airborne laser,17,116030,51686,https://cyberjapandata.gsi.go.jp/xyz/dem1a_png/17/116030/51686.png,138.6859131,35.5165787,138.6886597,35.5188143,candidate URL generated from official GSI tile scheme; existence/coverage not locally verified
DEM1A,~1 m,airborne laser,17,116030,51687,https://cyberjapandata.gsi.go.jp/xyz/dem1a_png/17/116030/51687.png,138.6859131,35.5143431,138.6886597,35.5165787,candidate URL generated from official GSI tile scheme; existence/coverage not locally verified
DEM1A,~1 m,airborne laser,17,116030,51688,https://cyberjapandata.gsi.go.jp/xyz/dem1a_png/17/116030/51688.png,138.6859131,35.5121075,138.6886597,35.5143431,candidate URL generated from official GSI tile scheme; existence/coverage not locally verified
DEM1A,~1 m,airborne laser,17,116030,51689,https://cyberjapandata.gsi.go.jp/xyz/dem1a_png/17/116030/51689.png,138.6859131,35.5098717,138.6886597,35.5121075,candidate URL generated from official GSI tile scheme; existence/coverage not locally verified
DEM1A,~1 m,airborne laser,17,116030,51690,https://cyberjapandata.gsi.go.jp/xyz/dem1a_png/17/116030/51690.png,138.6859131,35.5076359,138.6886597,35.5098717,candidate URL generated from official GSI tile scheme; existence/coverage not locally verified
DEM1A,~1 m,airborne laser,17,116030,51691,https://cyberjapandata.gsi.go.jp/xyz/dem1a_png/17/116030/51691.png,138.6859131,35.5054001,138.6886597,35.5076359,candidate URL generated from official GSI tile scheme; existence/coverage not locally verified
DEM1A,~1 m,airborne laser,17,116030,51692,https://cyberjapandata.gsi.go.jp/xyz/dem1a_png/17/116030/51692.png,138.6859131,35.5031642,138.6886597,35.5054001,candidate URL generated from official GSI tile scheme; existence/coverage not locally verified
DEM1A,~1 m,airborne laser,17,116030,51693,https://cyberjapandata.gsi.go.jp/xyz/dem1a_png/17/116030/51693.png,138.6859131,35.5009282,138.6886597,35.5031642,candidate URL generated from official GSI tile scheme; existence/coverage not locally verified
DEM1A,~1 m,airborne laser,17,116030,51694,https://cyberjapandata.gsi.go.jp/xyz/dem1a_png/17/116030/51694.png,138.6859131,35.4986922,138.6886597,35.5009282,candidate URL generated from official GSI tile scheme; existence/coverage not locally verified
DEM1A,~1 m,airborne laser,17,116030,51695,https://cyberjapandata.gsi.go.jp/xyz/dem1a_png/17/116030/51695.png,138.6859131,35.4964561,138.6886597,35.4986922,candidate URL generated from official GSI tile scheme; existence/coverage not locally verified
DEM1A,~1 m,airborne laser,17,116030,51696,https://cyberjapandata.gsi.go.jp/xyz/dem1a_png/17/116030/51696.png,138.6859131,35.4942199,138.6886597,35.4964561,candidate URL generated from official GSI tile scheme; existence/coverage not locally verified
DEM1A,~1 m,airborne laser,17,116030,51697,https://cyberjapandata.gsi.go.jp/xyz/dem1a_png/17/116030/51697.png,138.6859131,35.4919837,138.6886597,35.4942199,candidate URL generated from official GSI tile scheme; existence/coverage not locally verified
DEM1A,~1 m,airborne laser,17,116030,51698,https://cyberjapandata.gsi.go.jp/xyz/dem1a_png/17/116030/51698.png,138.6859131,35.4897474,138.6886597,35.4919837,candidate URL generated from official GSI tile scheme; existence/coverage not locally verified
DEM1A,~1 m,airborne laser,17,116030,51699,https://cyberjapandata.gsi.go.jp/xyz/dem1a_png/17/116030/51699.png,138.6859131,35.487511,138.6886597,35.4897474,candidate URL generated from official GSI tile scheme; existence/coverage not locally verified
DEM1A,~1 m,airborne laser,17,116030,51700,https://cyberjapandata.gsi.go.jp/xyz/dem1a_png/17/116030/51700.png,138.6859131,35.4852746,138.6886597,35.487511,candidate URL generated from official GSI tile scheme; existence/coverage not locally verified
DEM1A,~1 m,airborne laser,17,116030,51701,https://cyberjapandata.gsi.go.jp/xyz/dem1a_png/17/116030/51701.png,138.6859131,35.4830381,138.6886597,35.4852746,candidate URL generated from official GSI tile scheme; existence/coverage not locally verified
DEM1A,~1 m,airborne laser,17,116030,51702,https://cyberjapandata.gsi.go.jp/xyz/dem1a_png/17/116030/51702.png,138.6859131,35.4808016,138.6886597,35.4830381,candidate URL generated from official GSI tile scheme; existence/coverage not locally verified
DEM1A,~1 m,airborne laser,17,116030,51703,https://cyberjapandata.gsi.go.jp/xyz/dem1a_png/17/116030/51703.png,138.6859131,35.478565,138.6886597,35.4808016,candidate URL generated from official GSI tile scheme; existence/coverage not locally verified
DEM1A,~1 m,airborne laser,17,116030,51704,https://cyberjapandata.gsi.go.jp/xyz/dem1a_png/17/116030/51704.png,138.6859131,35.4763283,138.6886597,35.478565,candidate URL generated from official GSI tile scheme; existence/coverage not locally verified
DEM1A,~1 m,airborne laser,17,116030,51705,https://cyberjapandata.gsi.go.jp/xyz/dem1a_png/17/116030/51705.png,138.6859131,35.4740916,138.6886597,35.4763283,candidate URL generated from official GSI tile scheme; existence/coverage not locally verified
DEM1A,~1 m,airborne laser,17,116030,51706,https://cyberjapandata.gsi.go.jp/xyz/dem1a_png/17/116030/51706.png,138.6859131,35.4718548,138.6886597,35.4740916,candidate URL generated from official GSI tile scheme; existence/coverage not locally verified
DEM1A,~1 m,airborne laser,17,116030,51707,https://cyberjapandata.gsi.go.jp/xyz/dem1a_png/17/116030/51707.png,138.6859131,35.469618,138.6886597,35.4718548,candidate URL generated from official GSI tile scheme; existence/coverage not locally verified
DEM1A,~1 m,airborne laser,17,116030,51708,https://cyberjapandata.gsi.go.jp/xyz/dem1a_png/17/116030/51708.png,138.6859131,35.4673811,138.6886597,35.469618,candidate URL generated from official GSI tile scheme; existence/coverage not locally verified
DEM1A,~1 m,airborne laser,17,116030,51709,https://cyberjapandata.gsi.go.jp/xyz/dem1a_png/17/116030/51709.png,138.6859131,35.4651441,138.6886597,35.4673811,candidate URL generated from official GSI tile scheme; existence/coverage not locally verified
DEM1A,~1 m,airborne laser,17,116030,51710,https://cyberjapandata.gsi.go.jp/xyz/dem1a_png/17/116030/51710.png,138.6859131,35.462907,138.6886597,35.4651441,candidate URL generated from official GSI tile scheme; existence/coverage not locally verified
DEM1A,~1 m,airborne laser,17,116030,51711,https://cyberjapandata.gsi.go.jp/xyz/dem1a_png/17/116030/51711.png,138.6859131,35.46067,138.6886597,35.462907,candidate URL generated from official GSI tile scheme; existence/coverage not locally verified
DEM1A,~1 m,airborne laser,17,116030,51712,https://cyberjapandata.gsi.go.jp/xyz/dem1a_png/17/116030/51712.png,138.6859131,35.4584328,138.6886597,35.46067,candidate URL generated from official GSI tile scheme; existence/coverage not locally verified
DEM1A,~1 m,airborne laser,17,116030,51713,https://cyberjapandata.gsi.go.jp/xyz/dem1a_png/17/116030/51713.png,138.6859131,35.4561956,138.6886597,35.4584328,candidate URL generated from official GSI tile scheme; existence/coverage not locally verified
DEM1A,~1 m,airborne laser,17,116030,51714,https://cyberjapandata.gsi.go.jp/xyz/dem1a_png/17/116030/51714.png,138.6859131,35.4539583,138.6886597,35.4561956,candidate URL generated from official GSI tile scheme; existence/coverage not locally verified
DEM1A,~1 m,airborne laser,17,116030,51715,https://cyberjapandata.gsi.go.jp/xyz/dem1a_png/17/116030/51715.png,138.6859131,35.4517209,138.6886597,35.4539583,candidate URL generated from official GSI tile scheme; existence/coverage not locally verified
DEM1A,~1 m,airborne laser,17,116030,51716,https://cyberjapandata.gsi.go.jp/xyz/dem1a_png/17/116030/51716.png,138.6859131,35.4494835,138.6886597,35.4517209,candidate URL generated from official GSI tile scheme; existence/coverage not locally verified
DEM1A,~1 m,airborne laser,17,116030,51717,https://cyberjapandata.gsi.go.jp/xyz/dem1a_png/17/116030/51717.png,138.6859131,35.4472461,138.6886597,35.4494835,candidate URL generated from official GSI tile scheme; existence/coverage not locally verified
DEM1A,~1 m,airborne laser,17,116030,51718,https://cyberjapandata.gsi.go.jp/xyz/dem1a_png/17/116030/51718.png,138.6859131,35.4450085,138.6886597,35.4472461,candidate URL generated from official GSI tile scheme; existence/coverage not locally verified
DEM1A,~1 m,airborne laser,17,116030,51719,https://cyberjapandata.gsi.go.jp/xyz/dem1a_png/17/116030/51719.png,138.6859131,35.4427709,138.6886597,35.4450085,candidate URL generated from official GSI tile scheme; existence/coverage not locally verified
DEM1A,~1 m,airborne laser,17,116030,51720,https://cyberjapandata.gsi.go.jp/xyz/dem1a_png/17/116030/51720.png,138.6859131,35.4405333,138.6886597,35.4427709,candidate URL generated from official GSI tile scheme; existence/coverage not locally verified
DEM1A,~1 m,airborne laser,17,116030,51721,https://cyberjapandata.gsi.go.jp/xyz/dem1a_png/17/116030/51721.png,138.6859131,35.4382955,138.6886597,35.4405333,candidate URL generated from official GSI tile scheme; existence/coverage not locally verified
DEM1A,~1 m,airborne laser,17,116030,51722,https://cyberjapandata.gsi.go.jp/xyz/dem1a_png/17/116030/51722.png,138.6859131,35.4360578,138.6886597,35.4382955,candidate URL generated from official GSI tile scheme; existence/coverage not locally verified
DEM1A,~1 m,airborne laser,17,116030,51723,https://cyberjapandata.gsi.go.jp/xyz/dem1a_png/17/116030/51723.png,138.6859131,35.4338199,138.6886597,35.4360578,candidate URL generated from official GSI tile scheme; existence/coverage not locally verified
DEM1A,~1 m,airborne laser,17,116030,51724,https://cyberjapandata.gsi.go.jp/xyz/dem1a_png/17/116030/51724.png,138.6859131,35.431582,138.6886597,35.4338199,candidate URL generated from official GSI tile scheme; existence/coverage not locally verified
DEM1A,~1 m,airborne laser,17,116030,51725,https://cyberjapandata.gsi.go.jp/xyz/dem1a_png/17/116030/51725.png,138.6859131,35.429344,138.6886597,35.431582,candidate URL generated from official GSI tile scheme; existence/coverage not locally verified
DEM1A,~1 m,airborne laser,17,116031,51680,https://cyberjapandata.gsi.go.jp/xyz/dem1a_png/17/116031/51680.png,138.6886597,35.5299911,138.6914062,35.5322262,candidate URL generated from official GSI tile scheme; existence/coverage not locally verified
DEM1A,~1 m,airborne laser,17,116031,51681,https://cyberjapandata.gsi.go.jp/xyz/dem1a_png/17/116031/51681.png,138.6886597,35.5277558,138.6914062,35.5299911,candidate URL generated from official GSI tile scheme; existence/coverage not locally verified
DEM1A,~1 m,airborne laser,17,116031,51682,https://cyberjapandata.gsi.go.jp/xyz/dem1a_png/17/116031/51682.png,138.6886597,35.5255205,138.6914062,35.5277558,candidate URL generated from official GSI tile scheme; existence/coverage not locally verified
DEM1A,~1 m,airborne laser,17,116031,51683,https://cyberjapandata.gsi.go.jp/xyz/dem1a_png/17/116031/51683.png,138.6886597,35.5232852,138.6914062,35.5255205,candidate URL generated from official GSI tile scheme; existence/coverage not locally verified
DEM1A,~1 m,airborne laser,17,116031,51684,https://cyberjapandata.gsi.go.jp/xyz/dem1a_png/17/116031/51684.png,138.6886597,35.5210498,138.6914062,35.5232852,candidate URL generated from official GSI tile scheme; existence/coverage not locally verified
DEM1A,~1 m,airborne laser,17,116031,51685,https://cyberjapandata.gsi.go.jp/xyz/dem1a_png/17/116031/51685.png,138.6886597,35.5188143,138.6914062,35.5210498,candidate URL generated from official GSI tile scheme; existence/coverage not locally verified
DEM1A,~1 m,airborne laser,17,116031,51686,https://cyberjapandata.gsi.go.jp/xyz/dem1a_png/17/116031/51686.png,138.6886597,35.5165787,138.6914062,35.5188143,candidate URL generated from official GSI tile scheme; existence/coverage not locally verified
DEM1A,~1 m,airborne laser,17,116031,51687,https://cyberjapandata.gsi.go.jp/xyz/dem1a_png/17/116031/51687.png,138.6886597,35.5143431,138.6914062,35.5165787,candidate URL generated from official GSI tile scheme; existence/coverage not locally verified
DEM1A,~1 m,airborne laser,17,116031,51688,https://cyberjapandata.gsi.go.jp/xyz/dem1a_png/17/116031/51688.png,138.6886597,35.5121075,138.6914062,35.5143431,candidate URL generated from official GSI tile scheme; existence/coverage not locally verified
DEM1A,~1 m,airborne laser,17,116031,51689,https://cyberjapandata.gsi.go.jp/xyz/dem1a_png/17/116031/51689.png,138.6886597,35.5098717,138.6914062,35.5121075,candidate URL generated from official GSI tile scheme; existence/coverage not locally verified
DEM1A,~1 m,airborne laser,17,116031,51690,https://cyberjapandata.gsi.go.jp/xyz/dem1a_png/17/116031/51690.png,138.6886597,35.5076359,138.6914062,35.5098717,candidate URL generated from official GSI tile scheme; existence/coverage not locally verified
DEM1A,~1 m,airborne laser,17,116031,51691,https://cyberjapandata.gsi.go.jp/xyz/dem1a_png/17/116031/51691.png,138.6886597,35.5054001,138.6914062,35.5076359,candidate URL generated from official GSI tile scheme; existence/coverage not locally verified
DEM1A,~1 m,airborne laser,17,116031,51692,https://cyberjapandata.gsi.go.jp/xyz/dem1a_png/17/116031/51692.png,138.6886597,35.5031642,138.6914062,35.5054001,candidate URL generated from official GSI tile scheme; existence/coverage not locally verified
DEM1A,~1 m,airborne laser,17,116031,51693,https://cyberjapandata.gsi.go.jp/xyz/dem1a_png/17/116031/51693.png,138.6886597,35.5009282,138.6914062,35.5031642,candidate URL generated from official GSI tile scheme; existence/coverage not locally verified
DEM1A,~1 m,airborne laser,17,116031,51694,https://cyberjapandata.gsi.go.jp/xyz/dem1a_png/17/116031/51694.png,138.6886597,35.4986922,138.6914062,35.5009282,candidate URL generated from official GSI tile scheme; existence/coverage not locally verified
DEM1A,~1 m,airborne laser,17,116031,51695,https://cyberjapandata.gsi.go.jp/xyz/dem1a_png/17/116031/51695.png,138.6886597,35.4964561,138.6914062,35.4986922,candidate URL generated from official GSI tile scheme; existence/coverage not locally verified
DEM1A,~1 m,airborne laser,17,116031,51696,https://cyberjapandata.gsi.go.jp/xyz/dem1a_png/17/116031/51696.png,138.6886597,35.4942199,138.6914062,35.4964561,candidate URL generated from official GSI tile scheme; existence/coverage not locally verified
DEM1A,~1 m,airborne laser,17,116031,51697,https://cyberjapandata.gsi.go.jp/xyz/dem1a_png/17/116031/51697.png,138.6886597,35.4919837,138.6914062,35.4942199,candidate URL generated from official GSI tile scheme; existence/coverage not locally verified
DEM1A,~1 m,airborne laser,17,116031,51698,https://cyberjapandata.gsi.go.jp/xyz/dem1a_png/17/116031/51698.png,138.6886597,35.4897474,138.6914062,35.4919837,candidate URL generated from official GSI tile scheme; existence/coverage not locally verified
DEM1A,~1 m,airborne laser,17,116031,51699,https://cyberjapandata.gsi.go.jp/xyz/dem1a_png/17/116031/51699.png,138.6886597,35.487511,138.6914062,35.4897474,candidate URL generated from official GSI tile scheme; existence/coverage not locally verified
DEM1A,~1 m,airborne laser,17,116031,51700,https://cyberjapandata.gsi.go.jp/xyz/dem1a_png/17/116031/51700.png,138.6886597,35.4852746,138.6914062,35.487511,candidate URL generated from official GSI tile scheme; existence/coverage not locally verified
DEM1A,~1 m,airborne laser,17,116031,51701,https://cyberjapandata.gsi.go.jp/xyz/dem1a_png/17/116031/51701.png,138.6886597,35.4830381,138.6914062,35.4852746,candidate URL generated from official GSI tile scheme; existence/coverage not locally verified
DEM1A,~1 m,airborne laser,17,116031,51702,https://cyberjapandata.gsi.go.jp/xyz/dem1a_png/17/116031/51702.png,138.6886597,35.4808016,138.6914062,35.4830381,candidate URL generated from official GSI tile scheme; existence/coverage not locally verified
DEM1A,~1 m,airborne laser,17,116031,51703,https://cyberjapandata.gsi.go.jp/xyz/dem1a_png/17/116031/51703.png,138.6886597,35.478565,138.6914062,35.4808016,candidate URL generated from official GSI tile scheme; existence/coverage not locally verified
DEM1A,~1 m,airborne laser,17,116031,51704,https://cyberjapandata.gsi.go.jp/xyz/dem1a_png/17/116031/51704.png,138.6886597,35.4763283,138.6914062,35.478565,candidate URL generated from official GSI tile scheme; existence/coverage not locally verified
DEM1A,~1 m,airborne laser,17,116031,51705,https://cyberjapandata.gsi.go.jp/xyz/dem1a_png/17/116031/51705.png,138.6886597,35.4740916,138.6914062,35.4763283,candidate URL generated from official GSI tile scheme; existence/coverage not locally verified
DEM1A,~1 m,airborne laser,17,116031,51706,https://cyberjapandata.gsi.go.jp/xyz/dem1a_png/17/116031/51706.png,138.6886597,35.4718548,138.6914062,35.4740916,candidate URL generated from official GSI tile scheme; existence/coverage not locally verified
DEM1A,~1 m,airborne laser,17,116031,51707,https://cyberjapandata.gsi.go.jp/xyz/dem1a_png/17/116031/51707.png,138.6886597,35.469618,138.6914062,35.4718548,candidate URL generated from official GSI tile scheme; existence/coverage not locally verified
DEM1A,~1 m,airborne laser,17,116031,51708,https://cyberjapandata.gsi.go.jp/xyz/dem1a_png/17/116031/51708.png,138.6886597,35.4673811,138.6914062,35.469618,candidate URL generated from official GSI tile scheme; existence/coverage not locally verified
DEM1A,~1 m,airborne laser,17,116031,51709,https://cyberjapandata.gsi.go.jp/xyz/dem1a_png/17/116031/51709.png,138.6886597,35.4651441,138.6914062,35.4673811,candidate URL generated from official GSI tile scheme; existence/coverage not locally verified
DEM1A,~1 m,airborne laser,17,116031,51710,https://cyberjapandata.gsi.go.jp/xyz/dem1a_png/17/116031/51710.png,138.6886597,35.462907,138.6914062,35.4651441,candidate URL generated from official GSI tile scheme; existence/coverage not locally verified
DEM1A,~1 m,airborne laser,17,116031,51711,https://cyberjapandata.gsi.go.jp/xyz/dem1a_png/17/116031/51711.png,138.6886597,35.46067,138.6914062,35.462907,candidate URL generated from official GSI tile scheme; existence/coverage not locally verified
DEM1A,~1 m,airborne laser,17,116031,51712,https://cyberjapandata.gsi.go.jp/xyz/dem1a_png/17/116031/51712.png,138.6886597,35.4584328,138.6914062,35.46067,candidate URL generated from official GSI tile scheme; existence/coverage not locally verified
DEM1A,~1 m,airborne laser,17,116031,51713,https://cyberjapandata.gsi.go.jp/xyz/dem1a_png/17/116031/51713.png,138.6886597,35.4561956,138.6914062,35.4584328,candidate URL generated from official GSI tile scheme; existence/coverage not locally verified
DEM1A,~1 m,airborne laser,17,116031,51714,https://cyberjapandata.gsi.go.jp/xyz/dem1a_png/17/116031/51714.png,138.6886597,35.4539583,138.6914062,35.4561956,candidate URL generated from official GSI tile scheme; existence/coverage not locally verified
DEM1A,~1 m,airborne laser,17,116031,51715,https://cyberjapandata.gsi.go.jp/xyz/dem1a_png/17/116031/51715.png,138.6886597,35.4517209,138.6914062,35.4539583,candidate URL generated from official GSI tile scheme; existence/coverage not locally verified
DEM1A,~1 m,airborne laser,17,116031,51716,https://cyberjapandata.gsi.go.jp/xyz/dem1a_png/17/116031/51716.png,138.6886597,35.4494835,138.6914062,35.4517209,candidate URL generated from official GSI tile scheme; existence/coverage not locally verified
DEM1A,~1 m,airborne laser,17,116031,51717,https://cyberjapandata.gsi.go.jp/xyz/dem1a_png/17/116031/51717.png,138.6886597,35.4472461,138.6914062,35.4494835,candidate URL generated from official GSI tile scheme; existence/coverage not locally verified
DEM1A,~1 m,airborne laser,17,116031,51718,https://cyberjapandata.gsi.go.jp/xyz/dem1a_png/17/116031/51718.png,138.6886597,35.4450085,138.6914062,35.4472461,candidate URL generated from official GSI tile scheme; existence/coverage not locally verified
DEM1A,~1 m,airborne laser,17,116031,51719,https://cyberjapandata.gsi.go.jp/xyz/dem1a_png/17/116031/51719.png,138.6886597,35.4427709,138.6914062,35.4450085,candidate URL generated from official GSI tile scheme; existence/coverage not locally verified
DEM1A,~1 m,airborne laser,17,116031,51720,https://cyberjapandata.gsi.go.jp/xyz/dem1a_png/17/116031/51720.png,138.6886597,35.4405333,138.6914062,35.4427709,candidate URL generated from official GSI tile scheme; existence/coverage not locally verified
DEM1A,~1 m,airborne laser,17,116031,51721,https://cyberjapandata.gsi.go.jp/xyz/dem1a_png/17/116031/51721.png,138.6886597,35.4382955,138.6914062,35.4405333,candidate URL generated from official GSI tile scheme; existence/coverage not locally verified
DEM1A,~1 m,airborne laser,17,116031,51722,https://cyberjapandata.gsi.go.jp/xyz/dem1a_png/17/116031/51722.png,138.6886597,35.4360578,138.6914062,35.4382955,candidate URL generated from official GSI tile scheme; existence/coverage not locally verified
DEM1A,~1 m,airborne laser,17,116031,51723,https://cyberjapandata.gsi.go.jp/xyz/dem1a_png/17/116031/51723.png,138.6886597,35.4338199,138.6914062,35.4360578,candidate URL generated from official GSI tile scheme; existence/coverage not locally verified
DEM1A,~1 m,airborne laser,17,116031,51724,https://cyberjapandata.gsi.go.jp/xyz/dem1a_png/17/116031/51724.png,138.6886597,35.431582,138.6914062,35.4338199,candidate URL generated from official GSI tile scheme; existence/coverage not locally verified
DEM1A,~1 m,airborne laser,17,116031,51725,https://cyberjapandata.gsi.go.jp/xyz/dem1a_png/17/116031/51725.png,138.6886597,35.429344,138.6914062,35.431582,candidate URL generated from official GSI tile scheme; existence/coverage not locally verified
DEM1A,~1 m,airborne laser,17,116032,51680,https://cyberjapandata.gsi.go.jp/xyz/dem1a_png/17/116032/51680.png,138.6914062,35.5299911,138.6941528,35.5322262,candidate URL generated from official GSI tile scheme; existence/coverage not locally verified
DEM1A,~1 m,airborne laser,17,116032,51681,https://cyberjapandata.gsi.go.jp/xyz/dem1a_png/17/116032/51681.png,138.6914062,35.5277558,138.6941528,35.5299911,candidate URL generated from official GSI tile scheme; existence/coverage not locally verified
DEM1A,~1 m,airborne laser,17,116032,51682,https://cyberjapandata.gsi.go.jp/xyz/dem1a_png/17/116032/51682.png,138.6914062,35.5255205,138.6941528,35.5277558,candidate URL generated from official GSI tile scheme; existence/coverage not locally verified
DEM1A,~1 m,airborne laser,17,116032,51683,https://cyberjapandata.gsi.go.jp/xyz/dem1a_png/17/116032/51683.png,138.6914062,35.5232852,138.6941528,35.5255205,candidate URL generated from official GSI tile scheme; existence/coverage not locally verified
DEM1A,~1 m,airborne laser,17,116032,51684,https://cyberjapandata.gsi.go.jp/xyz/dem1a_png/17/116032/51684.png,138.6914062,35.5210498,138.6941528,35.5232852,candidate URL generated from official GSI tile scheme; existence/coverage not locally verified
DEM1A,~1 m,airborne laser,17,116032,51685,https://cyberjapandata.gsi.go.jp/xyz/dem1a_png/17/116032/51685.png,138.6914062,35.5188143,138.6941528,35.5210498,candidate URL generated from official GSI tile scheme; existence/coverage not locally verified
DEM1A,~1 m,airborne laser,17,116032,51686,https://cyberjapandata.gsi.go.jp/xyz/dem1a_png/17/116032/51686.png,138.6914062,35.5165787,138.6941528,35.5188143,candidate URL generated from official GSI tile scheme; existence/coverage not locally verified
DEM1A,~1 m,airborne laser,17,116032,51687,https://cyberjapandata.gsi.go.jp/xyz/dem1a_png/17/116032/51687.png,138.6914062,35.5143431,138.6941528,35.5165787,candidate URL generated from official GSI tile scheme; existence/coverage not locally verified
DEM1A,~1 m,airborne laser,17,116032,51688,https://cyberjapandata.gsi.go.jp/xyz/dem1a_png/17/116032/51688.png,138.6914062,35.5121075,138.6941528,35.5143431,candidate URL generated from official GSI tile scheme; existence/coverage not locally verified
DEM1A,~1 m,airborne laser,17,116032,51689,https://cyberjapandata.gsi.go.jp/xyz/dem1a_png/17/116032/51689.png,138.6914062,35.5098717,138.6941528,35.5121075,candidate URL generated from official GSI tile scheme; existence/coverage not locally verified
DEM1A,~1 m,airborne laser,17,116032,51690,https://cyberjapandata.gsi.go.jp/xyz/dem1a_png/17/116032/51690.png,138.6914062,35.5076359,138.6941528,35.5098717,candidate URL generated from official GSI tile scheme; existence/coverage not locally verified
DEM1A,~1 m,airborne laser,17,116032,51691,https://cyberjapandata.gsi.go.jp/xyz/dem1a_png/17/116032/51691.png,138.6914062,35.5054001,138.6941528,35.5076359,candidate URL generated from official GSI tile scheme; existence/coverage not locally verified
DEM1A,~1 m,airborne laser,17,116032,51692,https://cyberjapandata.gsi.go.jp/xyz/dem1a_png/17/116032/51692.png,138.6914062,35.5031642,138.6941528,35.5054001,candidate URL generated from official GSI tile scheme; existence/coverage not locally verified
DEM1A,~1 m,airborne laser,17,116032,51693,https://cyberjapandata.gsi.go.jp/xyz/dem1a_png/17/116032/51693.png,138.6914062,35.5009282,138.6941528,35.5031642,candidate URL generated from official GSI tile scheme; existence/coverage not locally verified
DEM1A,~1 m,airborne laser,17,116032,51694,https://cyberjapandata.gsi.go.jp/xyz/dem1a_png/17/116032/51694.png,138.6914062,35.4986922,138.6941528,35.5009282,candidate URL generated from official GSI tile scheme; existence/coverage not locally verified
DEM1A,~1 m,airborne laser,17,116032,51695,https://cyberjapandata.gsi.go.jp/xyz/dem1a_png/17/116032/51695.png,138.6914062,35.4964561,138.6941528,35.4986922,candidate URL generated from official GSI tile scheme; existence/coverage not locally verified
DEM1A,~1 m,airborne laser,17,116032,51696,https://cyberjapandata.gsi.go.jp/xyz/dem1a_png/17/116032/51696.png,138.6914062,35.4942199,138.6941528,35.4964561,candidate URL generated from official GSI tile scheme; existence/coverage not locally verified
DEM1A,~1 m,airborne laser,17,116032,51697,https://cyberjapandata.gsi.go.jp/xyz/dem1a_png/17/116032/51697.png,138.6914062,35.4919837,138.6941528,35.4942199,candidate URL generated from official GSI tile scheme; existence/coverage not locally verified
DEM1A,~1 m,airborne laser,17,116032,51698,https://cyberjapandata.gsi.go.jp/xyz/dem1a_png/17/116032/51698.png,138.6914062,35.4897474,138.6941528,35.4919837,candidate URL generated from official GSI tile scheme; existence/coverage not locally verified
DEM1A,~1 m,airborne laser,17,116032,51699,https://cyberjapandata.gsi.go.jp/xyz/dem1a_png/17/116032/51699.png,138.6914062,35.487511,138.6941528,35.4897474,candidate URL generated from official GSI tile scheme; existence/coverage not locally verified
DEM1A,~1 m,airborne laser,17,116032,51700,https://cyberjapandata.gsi.go.jp/xyz/dem1a_png/17/116032/51700.png,138.6914062,35.4852746,138.6941528,35.487511,candidate URL generated from official GSI tile scheme; existence/coverage not locally verified
DEM1A,~1 m,airborne laser,17,116032,51701,https://cyberjapandata.gsi.go.jp/xyz/dem1a_png/17/116032/51701.png,138.6914062,35.4830381,138.6941528,35.4852746,candidate URL generated from official GSI tile scheme; existence/coverage not locally verified
DEM1A,~1 m,airborne laser,17,116032,51702,https://cyberjapandata.gsi.go.jp/xyz/dem1a_png/17/116032/51702.png,138.6914062,35.4808016,138.6941528,35.4830381,candidate URL generated from official GSI tile scheme; existence/coverage not locally verified
DEM1A,~1 m,airborne laser,17,116032,51703,https://cyberjapandata.gsi.go.jp/xyz/dem1a_png/17/116032/51703.png,138.6914062,35.478565,138.6941528,35.4808016,candidate URL generated from official GSI tile scheme; existence/coverage not locally verified
DEM1A,~1 m,airborne laser,17,116032,51704,https://cyberjapandata.gsi.go.jp/xyz/dem1a_png/17/116032/51704.png,138.6914062,35.4763283,138.6941528,35.478565,candidate URL generated from official GSI tile scheme; existence/coverage not locally verified
DEM1A,~1 m,airborne laser,17,116032,51705,https://cyberjapandata.gsi.go.jp/xyz/dem1a_png/17/116032/51705.png,138.6914062,35.4740916,138.6941528,35.4763283,candidate URL generated from official GSI tile scheme; existence/coverage not locally verified
DEM1A,~1 m,airborne laser,17,116032,51706,https://cyberjapandata.gsi.go.jp/xyz/dem1a_png/17/116032/51706.png,138.6914062,35.4718548,138.6941528,35.4740916,candidate URL generated from official GSI tile scheme; existence/coverage not locally verified
DEM1A,~1 m,airborne laser,17,116032,51707,https://cyberjapandata.gsi.go.jp/xyz/dem1a_png/17/116032/51707.png,138.6914062,35.469618,138.6941528,35.4718548,candidate URL generated from official GSI tile scheme; existence/coverage not locally verified
DEM1A,~1 m,airborne laser,17,116032,51708,https://cyberjapandata.gsi.go.jp/xyz/dem1a_png/17/116032/51708.png,138.6914062,35.4673811,138.6941528,35.469618,candidate URL generated from official GSI tile scheme; existence/coverage not locally verified
DEM1A,~1 m,airborne laser,17,116032,51709,https://cyberjapandata.gsi.go.jp/xyz/dem1a_png/17/116032/51709.png,138.6914062,35.4651441,138.6941528,35.4673811,candidate URL generated from official GSI tile scheme; existence/coverage not locally verified
DEM1A,~1 m,airborne laser,17,116032,51710,https://cyberjapandata.gsi.go.jp/xyz/dem1a_png/17/116032/51710.png,138.6914062,35.462907,138.6941528,35.4651441,candidate URL generated from official GSI tile scheme; existence/coverage not locally verified
DEM1A,~1 m,airborne laser,17,116032,51711,https://cyberjapandata.gsi.go.jp/xyz/dem1a_png/17/116032/51711.png,138.6914062,35.46067,138.6941528,35.462907,candidate URL generated from official GSI tile scheme; existence/coverage not locally verified
DEM1A,~1 m,airborne laser,17,116032,51712,https://cyberjapandata.gsi.go.jp/xyz/dem1a_png/17/116032/51712.png,138.6914062,35.4584328,138.6941528,35.46067,candidate URL generated from official GSI tile scheme; existence/coverage not locally verified
DEM1A,~1 m,airborne laser,17,116032,51713,https://cyberjapandata.gsi.go.jp/xyz/dem1a_png/17/116032/51713.png,138.6914062,35.4561956,138.6941528,35.4584328,candidate URL generated from official GSI tile scheme; existence/coverage not locally verified
DEM1A,~1 m,airborne laser,17,116032,51714,https://cyberjapandata.gsi.go.jp/xyz/dem1a_png/17/116032/51714.png,138.6914062,35.4539583,138.6941528,35.4561956,candidate URL generated from official GSI tile scheme; existence/coverage not locally verified
DEM1A,~1 m,airborne laser,17,116032,51715,https://cyberjapandata.gsi.go.jp/xyz/dem1a_png/17/116032/51715.png,138.6914062,35.4517209,138.6941528,35.4539583,candidate URL generated from official GSI tile scheme; existence/coverage not locally verified
DEM1A,~1 m,airborne laser,17,116032,51716,https://cyberjapandata.gsi.go.jp/xyz/dem1a_png/17/116032/51716.png,138.6914062,35.4494835,138.6941528,35.4517209,candidate URL generated from official GSI tile scheme; existence/coverage not locally verified
DEM1A,~1 m,airborne laser,17,116032,51717,https://cyberjapandata.gsi.go.jp/xyz/dem1a_png/17/116032/51717.png,138.6914062,35.4472461,138.6941528,35.4494835,candidate URL generated from official GSI tile scheme; existence/coverage not locally verified
DEM1A,~1 m,airborne laser,17,116032,51718,https://cyberjapandata.gsi.go.jp/xyz/dem1a_png/17/116032/51718.png,138.6914062,35.4450085,138.6941528,35.4472461,candidate URL generated from official GSI tile scheme; existence/coverage not locally verified
DEM1A,~1 m,airborne laser,17,116032,51719,https://cyberjapandata.gsi.go.jp/xyz/dem1a_png/17/116032/51719.png,138.6914062,35.4427709,138.6941528,35.4450085,candidate URL generated from official GSI tile scheme; existence/coverage not locally verified
DEM1A,~1 m,airborne laser,17,116032,51720,https://cyberjapandata.gsi.go.jp/xyz/dem1a_png/17/116032/51720.png,138.6914062,35.4405333,138.6941528,35.4427709,candidate URL generated from official GSI tile scheme; existence/coverage not locally verified
DEM1A,~1 m,airborne laser,17,116032,51721,https://cyberjapandata.gsi.go.jp/xyz/dem1a_png/17/116032/51721.png,138.6914062,35.4382955,138.6941528,35.4405333,candidate URL generated from official GSI tile scheme; existence/coverage not locally verified
DEM1A,~1 m,airborne laser,17,116032,51722,https://cyberjapandata.gsi.go.jp/xyz/dem1a_png/17/116032/51722.png,138.6914062,35.4360578,138.6941528,35.4382955,candidate URL generated from official GSI tile scheme; existence/coverage not locally verified
DEM1A,~1 m,airborne laser,17,116032,51723,https://cyberjapandata.gsi.go.jp/xyz/dem1a_png/17/116032/51723.png,138.6914062,35.4338199,138.6941528,35.4360578,candidate URL generated from official GSI tile scheme; existence/coverage not locally verified
DEM1A,~1 m,airborne laser,17,116032,51724,https://cyberjapandata.gsi.go.jp/xyz/dem1a_png/17/116032/51724.png,138.6914062,35.431582,138.6941528,35.4338199,candidate URL generated from official GSI tile scheme; existence/coverage not locally verified
DEM1A,~1 m,airborne laser,17,116032,51725,https://cyberjapandata.gsi.go.jp/xyz/dem1a_png/17/116032/51725.png,138.6914062,35.429344,138.6941528,35.431582,candidate URL generated from official GSI tile scheme; existence/coverage not locally verified
DEM1A,~1 m,airborne laser,17,116033,51680,https://cyberjapandata.gsi.go.jp/xyz/dem1a_png/17/116033/51680.png,138.6941528,35.5299911,138.6968994,35.5322262,candidate URL generated from official GSI tile scheme; existence/coverage not locally verified
DEM1A,~1 m,airborne laser,17,116033,51681,https://cyberjapandata.gsi.go.jp/xyz/dem1a_png/17/116033/51681.png,138.6941528,35.5277558,138.6968994,35.5299911,candidate URL generated from official GSI tile scheme; existence/coverage not locally verified
DEM1A,~1 m,airborne laser,17,116033,51682,https://cyberjapandata.gsi.go.jp/xyz/dem1a_png/17/116033/51682.png,138.6941528,35.5255205,138.6968994,35.5277558,candidate URL generated from official GSI tile scheme; existence/coverage not locally verified
DEM1A,~1 m,airborne laser,17,116033,51683,https://cyberjapandata.gsi.go.jp/xyz/dem1a_png/17/116033/51683.png,138.6941528,35.5232852,138.6968994,35.5255205,candidate URL generated from official GSI tile scheme; existence/coverage not locally verified
DEM1A,~1 m,airborne laser,17,116033,51684,https://cyberjapandata.gsi.go.jp/xyz/dem1a_png/17/116033/51684.png,138.6941528,35.5210498,138.6968994,35.5232852,candidate URL generated from official GSI tile scheme; existence/coverage not locally verified
DEM1A,~1 m,airborne laser,17,116033,51685,https://cyberjapandata.gsi.go.jp/xyz/dem1a_png/17/116033/51685.png,138.6941528,35.5188143,138.6968994,35.5210498,candidate URL generated from official GSI tile scheme; existence/coverage not locally verified
DEM1A,~1 m,airborne laser,17,116033,51686,https://cyberjapandata.gsi.go.jp/xyz/dem1a_png/17/116033/51686.png,138.6941528,35.5165787,138.6968994,35.5188143,candidate URL generated from official GSI tile scheme; existence/coverage not locally verified
DEM1A,~1 m,airborne laser,17,116033,51687,https://cyberjapandata.gsi.go.jp/xyz/dem1a_png/17/116033/51687.png,138.6941528,35.5143431,138.6968994,35.5165787,candidate URL generated from official GSI tile scheme; existence/coverage not locally verified
DEM1A,~1 m,airborne laser,17,116033,51688,https://cyberjapandata.gsi.go.jp/xyz/dem1a_png/17/116033/51688.png,138.6941528,35.5121075,138.6968994,35.5143431,candidate URL generated from official GSI tile scheme; existence/coverage not locally verified
DEM1A,~1 m,airborne laser,17,116033,51689,https://cyberjapandata.gsi.go.jp/xyz/dem1a_png/17/116033/51689.png,138.6941528,35.5098717,138.6968994,35.5121075,candidate URL generated from official GSI tile scheme; existence/coverage not locally verified
DEM1A,~1 m,airborne laser,17,116033,51690,https://cyberjapandata.gsi.go.jp/xyz/dem1a_png/17/116033/51690.png,138.6941528,35.5076359,138.6968994,35.5098717,candidate URL generated from official GSI tile scheme; existence/coverage not locally verified
DEM1A,~1 m,airborne laser,17,116033,51691,https://cyberjapandata.gsi.go.jp/xyz/dem1a_png/17/116033/51691.png,138.6941528,35.5054001,138.6968994,35.5076359,candidate URL generated from official GSI tile scheme; existence/coverage not locally verified
DEM1A,~1 m,airborne laser,17,116033,51692,https://cyberjapandata.gsi.go.jp/xyz/dem1a_png/17/116033/51692.png,138.6941528,35.5031642,138.6968994,35.5054001,candidate URL generated from official GSI tile scheme; existence/coverage not locally verified
DEM1A,~1 m,airborne laser,17,116033,51693,https://cyberjapandata.gsi.go.jp/xyz/dem1a_png/17/116033/51693.png,138.6941528,35.5009282,138.6968994,35.5031642,candidate URL generated from official GSI tile scheme; existence/coverage not locally verified
DEM1A,~1 m,airborne laser,17,116033,51694,https://cyberjapandata.gsi.go.jp/xyz/dem1a_png/17/116033/51694.png,138.6941528,35.4986922,138.6968994,35.5009282,candidate URL generated from official GSI tile scheme; existence/coverage not locally verified
DEM1A,~1 m,airborne laser,17,116033,51695,https://cyberjapandata.gsi.go.jp/xyz/dem1a_png/17/116033/51695.png,138.6941528,35.4964561,138.6968994,35.4986922,candidate URL generated from official GSI tile scheme; existence/coverage not locally verified
DEM1A,~1 m,airborne laser,17,116033,51696,https://cyberjapandata.gsi.go.jp/xyz/dem1a_png/17/116033/51696.png,138.6941528,35.4942199,138.6968994,35.4964561,candidate URL generated from official GSI tile scheme; existence/coverage not locally verified
DEM1A,~1 m,airborne laser,17,116033,51697,https://cyberjapandata.gsi.go.jp/xyz/dem1a_png/17/116033/51697.png,138.6941528,35.4919837,138.6968994,35.4942199,candidate URL generated from official GSI tile scheme; existence/coverage not locally verified
DEM1A,~1 m,airborne laser,17,116033,51698,https://cyberjapandata.gsi.go.jp/xyz/dem1a_png/17/116033/51698.png,138.6941528,35.4897474,138.6968994,35.4919837,candidate URL generated from official GSI tile scheme; existence/coverage not locally verified
DEM1A,~1 m,airborne laser,17,116033,51699,https://cyberjapandata.gsi.go.jp/xyz/dem1a_png/17/116033/51699.png,138.6941528,35.487511,138.6968994,35.4897474,candidate URL generated from official GSI tile scheme; existence/coverage not locally verified
DEM1A,~1 m,airborne laser,17,116033,51700,https://cyberjapandata.gsi.go.jp/xyz/dem1a_png/17/116033/51700.png,138.6941528,35.4852746,138.6968994,35.487511,candidate URL generated from official GSI tile scheme; existence/coverage not locally verified
DEM1A,~1 m,airborne laser,17,116033,51701,https://cyberjapandata.gsi.go.jp/xyz/dem1a_png/17/116033/51701.png,138.6941528,35.4830381,138.6968994,35.4852746,candidate URL generated from official GSI tile scheme; existence/coverage not locally verified
DEM1A,~1 m,airborne laser,17,116033,51702,https://cyberjapandata.gsi.go.jp/xyz/dem1a_png/17/116033/51702.png,138.6941528,35.4808016,138.6968994,35.4830381,candidate URL generated from official GSI tile scheme; existence/coverage not locally verified
DEM1A,~1 m,airborne laser,17,116033,51703,https://cyberjapandata.gsi.go.jp/xyz/dem1a_png/17/116033/51703.png,138.6941528,35.478565,138.6968994,35.4808016,candidate URL generated from official GSI tile scheme; existence/coverage not locally verified
DEM1A,~1 m,airborne laser,17,116033,51704,https://cyberjapandata.gsi.go.jp/xyz/dem1a_png/17/116033/51704.png,138.6941528,35.4763283,138.6968994,35.478565,candidate URL generated from official GSI tile scheme; existence/coverage not locally verified
DEM1A,~1 m,airborne laser,17,116033,51705,https://cyberjapandata.gsi.go.jp/xyz/dem1a_png/17/116033/51705.png,138.6941528,35.4740916,138.6968994,35.4763283,candidate URL generated from official GSI tile scheme; existence/coverage not locally verified
DEM1A,~1 m,airborne laser,17,116033,51706,https://cyberjapandata.gsi.go.jp/xyz/dem1a_png/17/116033/51706.png,138.6941528,35.4718548,138.6968994,35.4740916,candidate URL generated from official GSI tile scheme; existence/coverage not locally verified
DEM1A,~1 m,airborne laser,17,116033,51707,https://cyberjapandata.gsi.go.jp/xyz/dem1a_png/17/116033/51707.png,138.6941528,35.469618,138.6968994,35.4718548,candidate URL generated from official GSI tile scheme; existence/coverage not locally verified
DEM1A,~1 m,airborne laser,17,116033,51708,https://cyberjapandata.gsi.go.jp/xyz/dem1a_png/17/116033/51708.png,138.6941528,35.4673811,138.6968994,35.469618,candidate URL generated from official GSI tile scheme; existence/coverage not locally verified
DEM1A,~1 m,airborne laser,17,116033,51709,https://cyberjapandata.gsi.go.jp/xyz/dem1a_png/17/116033/51709.png,138.6941528,35.4651441,138.6968994,35.4673811,candidate URL generated from official GSI tile scheme; existence/coverage not locally verified
DEM1A,~1 m,airborne laser,17,116033,51710,https://cyberjapandata.gsi.go.jp/xyz/dem1a_png/17/116033/51710.png,138.6941528,35.462907,138.6968994,35.4651441,candidate URL generated from official GSI tile scheme; existence/coverage not locally verified
DEM1A,~1 m,airborne laser,17,116033,51711,https://cyberjapandata.gsi.go.jp/xyz/dem1a_png/17/116033/51711.png,138.6941528,35.46067,138.6968994,35.462907,candidate URL generated from official GSI tile scheme; existence/coverage not locally verified
DEM1A,~1 m,airborne laser,17,116033,51712,https://cyberjapandata.gsi.go.jp/xyz/dem1a_png/17/116033/51712.png,138.6941528,35.4584328,138.6968994,35.46067,candidate URL generated from official GSI tile scheme; existence/coverage not locally verified
DEM1A,~1 m,airborne laser,17,116033,51713,https://cyberjapandata.gsi.go.jp/xyz/dem1a_png/17/116033/51713.png,138.6941528,35.4561956,138.6968994,35.4584328,candidate URL generated from official GSI tile scheme; existence/coverage not locally verified
DEM1A,~1 m,airborne laser,17,116033,51714,https://cyberjapandata.gsi.go.jp/xyz/dem1a_png/17/116033/51714.png,138.6941528,35.4539583,138.6968994,35.4561956,candidate URL generated from official GSI tile scheme; existence/coverage not locally verified
DEM1A,~1 m,airborne laser,17,116033,51715,https://cyberjapandata.gsi.go.jp/xyz/dem1a_png/17/116033/51715.png,138.6941528,35.4517209,138.6968994,35.4539583,candidate URL generated from official GSI tile scheme; existence/coverage not locally verified
DEM1A,~1 m,airborne laser,17,116033,51716,https://cyberjapandata.gsi.go.jp/xyz/dem1a_png/17/116033/51716.png,138.6941528,35.4494835,138.6968994,35.4517209,candidate URL generated from official GSI tile scheme; existence/coverage not locally verified
DEM1A,~1 m,airborne laser,17,116033,51717,https://cyberjapandata.gsi.go.jp/xyz/dem1a_png/17/116033/51717.png,138.6941528,35.4472461,138.6968994,35.4494835,candidate URL generated from official GSI tile scheme; existence/coverage not locally verified
DEM1A,~1 m,airborne laser,17,116033,51718,https://cyberjapandata.gsi.go.jp/xyz/dem1a_png/17/116033/51718.png,138.6941528,35.4450085,138.6968994,35.4472461,candidate URL generated from official GSI tile scheme; existence/coverage not locally verified
DEM1A,~1 m,airborne laser,17,116033,51719,https://cyberjapandata.gsi.go.jp/xyz/dem1a_png/17/116033/51719.png,138.6941528,35.4427709,138.6968994,35.4450085,candidate URL generated from official GSI tile scheme; existence/coverage not locally verified
DEM1A,~1 m,airborne laser,17,116033,51720,https://cyberjapandata.gsi.go.jp/xyz/dem1a_png/17/116033/51720.png,138.6941528,35.4405333,138.6968994,35.4427709,candidate URL generated from official GSI tile scheme; existence/coverage not locally verified
DEM1A,~1 m,airborne laser,17,116033,51721,https://cyberjapandata.gsi.go.jp/xyz/dem1a_png/17/116033/51721.png,138.6941528,35.4382955,138.6968994,35.4405333,candidate URL generated from official GSI tile scheme; existence/coverage not locally verified
DEM1A,~1 m,airborne laser,17,116033,51722,https://cyberjapandata.gsi.go.jp/xyz/dem1a_png/17/116033/51722.png,138.6941528,35.4360578,138.6968994,35.4382955,candidate URL generated from official GSI tile scheme; existence/coverage not locally verified
DEM1A,~1 m,airborne laser,17,116033,51723,https://cyberjapandata.gsi.go.jp/xyz/dem1a_png/17/116033/51723.png,138.6941528,35.4338199,138.6968994,35.4360578,candidate URL generated from official GSI tile scheme; existence/coverage not locally verified
DEM1A,~1 m,airborne laser,17,116033,51724,https://cyberjapandata.gsi.go.jp/xyz/dem1a_png/17/116033/51724.png,138.6941528,35.431582,138.6968994,35.4338199,candidate URL generated from official GSI tile scheme; existence/coverage not locally verified
DEM1A,~1 m,airborne laser,17,116033,51725,https://cyberjapandata.gsi.go.jp/xyz/dem1a_png/17/116033/51725.png,138.6941528,35.429344,138.6968994,35.431582,candidate URL generated from official GSI tile scheme; existence/coverage not locally verified
DEM1A,~1 m,airborne laser,17,116034,51680,https://cyberjapandata.gsi.go.jp/xyz/dem1a_png/17/116034/51680.png,138.6968994,35.5299911,138.699646,35.5322262,candidate URL generated from official GSI tile scheme; existence/coverage not locally verified
DEM1A,~1 m,airborne laser,17,116034,51681,https://cyberjapandata.gsi.go.jp/xyz/dem1a_png/17/116034/51681.png,138.6968994,35.5277558,138.699646,35.5299911,candidate URL generated from official GSI tile scheme; existence/coverage not locally verified
DEM1A,~1 m,airborne laser,17,116034,51682,https://cyberjapandata.gsi.go.jp/xyz/dem1a_png/17/116034/51682.png,138.6968994,35.5255205,138.699646,35.5277558,candidate URL generated from official GSI tile scheme; existence/coverage not locally verified
DEM1A,~1 m,airborne laser,17,116034,51683,https://cyberjapandata.gsi.go.jp/xyz/dem1a_png/17/116034/51683.png,138.6968994,35.5232852,138.699646,35.5255205,candidate URL generated from official GSI tile scheme; existence/coverage not locally verified
DEM1A,~1 m,airborne laser,17,116034,51684,https://cyberjapandata.gsi.go.jp/xyz/dem1a_png/17/116034/51684.png,138.6968994,35.5210498,138.699646,35.5232852,candidate URL generated from official GSI tile scheme; existence/coverage not locally verified
DEM1A,~1 m,airborne laser,17,116034,51685,https://cyberjapandata.gsi.go.jp/xyz/dem1a_png/17/116034/51685.png,138.6968994,35.5188143,138.699646,35.5210498,candidate URL generated from official GSI tile scheme; existence/coverage not locally verified
DEM1A,~1 m,airborne laser,17,116034,51686,https://cyberjapandata.gsi.go.jp/xyz/dem1a_png/17/116034/51686.png,138.6968994,35.5165787,138.699646,35.5188143,candidate URL generated from official GSI tile scheme; existence/coverage not locally verified
DEM1A,~1 m,airborne laser,17,116034,51687,https://cyberjapandata.gsi.go.jp/xyz/dem1a_png/17/116034/51687.png,138.6968994,35.5143431,138.699646,35.5165787,candidate URL generated from official GSI tile scheme; existence/coverage not locally verified
DEM1A,~1 m,airborne laser,17,116034,51688,https://cyberjapandata.gsi.go.jp/xyz/dem1a_png/17/116034/51688.png,138.6968994,35.5121075,138.699646,35.5143431,candidate URL generated from official GSI tile scheme; existence/coverage not locally verified
DEM1A,~1 m,airborne laser,17,116034,51689,https://cyberjapandata.gsi.go.jp/xyz/dem1a_png/17/116034/51689.png,138.6968994,35.5098717,138.699646,35.5121075,candidate URL generated from official GSI tile scheme; existence/coverage not locally verified
DEM1A,~1 m,airborne laser,17,116034,51690,https://cyberjapandata.gsi.go.jp/xyz/dem1a_png/17/116034/51690.png,138.6968994,35.5076359,138.699646,35.5098717,candidate URL generated from official GSI tile scheme; existence/coverage not locally verified
DEM1A,~1 m,airborne laser,17,116034,51691,https://cyberjapandata.gsi.go.jp/xyz/dem1a_png/17/116034/51691.png,138.6968994,35.5054001,138.699646,35.5076359,candidate URL generated from official GSI tile scheme; existence/coverage not locally verified
DEM1A,~1 m,airborne laser,17,116034,51692,https://cyberjapandata.gsi.go.jp/xyz/dem1a_png/17/116034/51692.png,138.6968994,35.5031642,138.699646,35.5054001,candidate URL generated from official GSI tile scheme; existence/coverage not locally verified
DEM1A,~1 m,airborne laser,17,116034,51693,https://cyberjapandata.gsi.go.jp/xyz/dem1a_png/17/116034/51693.png,138.6968994,35.5009282,138.699646,35.5031642,candidate URL generated from official GSI tile scheme; existence/coverage not locally verified
DEM1A,~1 m,airborne laser,17,116034,51694,https://cyberjapandata.gsi.go.jp/xyz/dem1a_png/17/116034/51694.png,138.6968994,35.4986922,138.699646,35.5009282,candidate URL generated from official GSI tile scheme; existence/coverage not locally verified
DEM1A,~1 m,airborne laser,17,116034,51695,https://cyberjapandata.gsi.go.jp/xyz/dem1a_png/17/116034/51695.png,138.6968994,35.4964561,138.699646,35.4986922,candidate URL generated from official GSI tile scheme; existence/coverage not locally verified
DEM1A,~1 m,airborne laser,17,116034,51696,https://cyberjapandata.gsi.go.jp/xyz/dem1a_png/17/116034/51696.png,138.6968994,35.4942199,138.699646,35.4964561,candidate URL generated from official GSI tile scheme; existence/coverage not locally verified
DEM1A,~1 m,airborne laser,17,116034,51697,https://cyberjapandata.gsi.go.jp/xyz/dem1a_png/17/116034/51697.png,138.6968994,35.4919837,138.699646,35.4942199,candidate URL generated from official GSI tile scheme; existence/coverage not locally verified
DEM1A,~1 m,airborne laser,17,116034,51698,https://cyberjapandata.gsi.go.jp/xyz/dem1a_png/17/116034/51698.png,138.6968994,35.4897474,138.699646,35.4919837,candidate URL generated from official GSI tile scheme; existence/coverage not locally verified
DEM1A,~1 m,airborne laser,17,116034,51699,https://cyberjapandata.gsi.go.jp/xyz/dem1a_png/17/116034/51699.png,138.6968994,35.487511,138.699646,35.4897474,candidate URL generated from official GSI tile scheme; existence/coverage not locally verified
DEM1A,~1 m,airborne laser,17,116034,51700,https://cyberjapandata.gsi.go.jp/xyz/dem1a_png/17/116034/51700.png,138.6968994,35.4852746,138.699646,35.487511,candidate URL generated from official GSI tile scheme; existence/coverage not locally verified
DEM1A,~1 m,airborne laser,17,116034,51701,https://cyberjapandata.gsi.go.jp/xyz/dem1a_png/17/116034/51701.png,138.6968994,35.4830381,138.699646,35.4852746,candidate URL generated from official GSI tile scheme; existence/coverage not locally verified
DEM1A,~1 m,airborne laser,17,116034,51702,https://cyberjapandata.gsi.go.jp/xyz/dem1a_png/17/116034/51702.png,138.6968994,35.4808016,138.699646,35.4830381,candidate URL generated from official GSI tile scheme; existence/coverage not locally verified
DEM1A,~1 m,airborne laser,17,116034,51703,https://cyberjapandata.gsi.go.jp/xyz/dem1a_png/17/116034/51703.png,138.6968994,35.478565,138.699646,35.4808016,candidate URL generated from official GSI tile scheme; existence/coverage not locally verified
DEM1A,~1 m,airborne laser,17,116034,51704,https://cyberjapandata.gsi.go.jp/xyz/dem1a_png/17/116034/51704.png,138.6968994,35.4763283,138.699646,35.478565,candidate URL generated from official GSI tile scheme; existence/coverage not locally verified
DEM1A,~1 m,airborne laser,17,116034,51705,https://cyberjapandata.gsi.go.jp/xyz/dem1a_png/17/116034/51705.png,138.6968994,35.4740916,138.699646,35.4763283,candidate URL generated from official GSI tile scheme; existence/coverage not locally verified
DEM1A,~1 m,airborne laser,17,116034,51706,https://cyberjapandata.gsi.go.jp/xyz/dem1a_png/17/116034/51706.png,138.6968994,35.4718548,138.699646,35.4740916,candidate URL generated from official GSI tile scheme; existence/coverage not locally verified
DEM1A,~1 m,airborne laser,17,116034,51707,https://cyberjapandata.gsi.go.jp/xyz/dem1a_png/17/116034/51707.png,138.6968994,35.469618,138.699646,35.4718548,candidate URL generated from official GSI tile scheme; existence/coverage not locally verified
DEM1A,~1 m,airborne laser,17,116034,51708,https://cyberjapandata.gsi.go.jp/xyz/dem1a_png/17/116034/51708.png,138.6968994,35.4673811,138.699646,35.469618,candidate URL generated from official GSI tile scheme; existence/coverage not locally verified
DEM1A,~1 m,airborne laser,17,116034,51709,https://cyberjapandata.gsi.go.jp/xyz/dem1a_png/17/116034/51709.png,138.6968994,35.4651441,138.699646,35.4673811,candidate URL generated from official GSI tile scheme; existence/coverage not locally verified
DEM1A,~1 m,airborne laser,17,116034,51710,https://cyberjapandata.gsi.go.jp/xyz/dem1a_png/17/116034/51710.png,138.6968994,35.462907,138.699646,35.4651441,candidate URL generated from official GSI tile scheme; existence/coverage not locally verified
DEM1A,~1 m,airborne laser,17,116034,51711,https://cyberjapandata.gsi.go.jp/xyz/dem1a_png/17/116034/51711.png,138.6968994,35.46067,138.699646,35.462907,candidate URL generated from official GSI tile scheme; existence/coverage not locally verified
DEM1A,~1 m,airborne laser,17,116034,51712,https://cyberjapandata.gsi.go.jp/xyz/dem1a_png/17/116034/51712.png,138.6968994,35.4584328,138.699646,35.46067,candidate URL generated from official GSI tile scheme; existence/coverage not locally verified
DEM1A,~1 m,airborne laser,17,116034,51713,https://cyberjapandata.gsi.go.jp/xyz/dem1a_png/17/116034/51713.png,138.6968994,35.4561956,138.699646,35.4584328,candidate URL generated from official GSI tile scheme; existence/coverage not locally verified
DEM1A,~1 m,airborne laser,17,116034,51714,https://cyberjapandata.gsi.go.jp/xyz/dem1a_png/17/116034/51714.png,138.6968994,35.4539583,138.699646,35.4561956,candidate URL generated from official GSI tile scheme; existence/coverage not locally verified
DEM1A,~1 m,airborne laser,17,116034,51715,https://cyberjapandata.gsi.go.jp/xyz/dem1a_png/17/116034/51715.png,138.6968994,35.4517209,138.699646,35.4539583,candidate URL generated from official GSI tile scheme; existence/coverage not locally verified
DEM1A,~1 m,airborne laser,17,116034,51716,https://cyberjapandata.gsi.go.jp/xyz/dem1a_png/17/116034/51716.png,138.6968994,35.4494835,138.699646,35.4517209,candidate URL generated from official GSI tile scheme; existence/coverage not locally verified
DEM1A,~1 m,airborne laser,17,116034,51717,https://cyberjapandata.gsi.go.jp/xyz/dem1a_png/17/116034/51717.png,138.6968994,35.4472461,138.699646,35.4494835,candidate URL generated from official GSI tile scheme; existence/coverage not locally verified
DEM1A,~1 m,airborne laser,17,116034,51718,https://cyberjapandata.gsi.go.jp/xyz/dem1a_png/17/116034/51718.png,138.6968994,35.4450085,138.699646,35.4472461,candidate URL generated from official GSI tile scheme; existence/coverage not locally verified
DEM1A,~1 m,airborne laser,17,116034,51719,https://cyberjapandata.gsi.go.jp/xyz/dem1a_png/17/116034/51719.png,138.6968994,35.4427709,138.699646,35.4450085,candidate URL generated from official GSI tile scheme; existence/coverage not locally verified
DEM1A,~1 m,airborne laser,17,116034,51720,https://cyberjapandata.gsi.go.jp/xyz/dem1a_png/17/116034/51720.png,138.6968994,35.4405333,138.699646,35.4427709,candidate URL generated from official GSI tile scheme; existence/coverage not locally verified
DEM1A,~1 m,airborne laser,17,116034,51721,https://cyberjapandata.gsi.go.jp/xyz/dem1a_png/17/116034/51721.png,138.6968994,35.4382955,138.699646,35.4405333,candidate URL generated from official GSI tile scheme; existence/coverage not locally verified
DEM1A,~1 m,airborne laser,17,116034,51722,https://cyberjapandata.gsi.go.jp/xyz/dem1a_png/17/116034/51722.png,138.6968994,35.4360578,138.699646,35.4382955,candidate URL generated from official GSI tile scheme; existence/coverage not locally verified
DEM1A,~1 m,airborne laser,17,116034,51723,https://cyberjapandata.gsi.go.jp/xyz/dem1a_png/17/116034/51723.png,138.6968994,35.4338199,138.699646,35.4360578,candidate URL generated from official GSI tile scheme; existence/coverage not locally verified
DEM1A,~1 m,airborne laser,17,116034,51724,https://cyberjapandata.gsi.go.jp/xyz/dem1a_png/17/116034/51724.png,138.6968994,35.431582,138.699646,35.4338199,candidate URL generated from official GSI tile scheme; existence/coverage not locally verified
DEM1A,~1 m,airborne laser,17,116034,51725,https://cyberjapandata.gsi.go.jp/xyz/dem1a_png/17/116034/51725.png,138.6968994,35.429344,138.699646,35.431582,candidate URL generated from official GSI tile scheme; existence/coverage not locally verified
DEM1A,~1 m,airborne laser,17,116035,51680,https://cyberjapandata.gsi.go.jp/xyz/dem1a_png/17/116035/51680.png,138.699646,35.5299911,138.7023926,35.5322262,candidate URL generated from official GSI tile scheme; existence/coverage not locally verified
DEM1A,~1 m,airborne laser,17,116035,51681,https://cyberjapandata.gsi.go.jp/xyz/dem1a_png/17/116035/51681.png,138.699646,35.5277558,138.7023926,35.5299911,candidate URL generated from official GSI tile scheme; existence/coverage not locally verified
DEM1A,~1 m,airborne laser,17,116035,51682,https://cyberjapandata.gsi.go.jp/xyz/dem1a_png/17/116035/51682.png,138.699646,35.5255205,138.7023926,35.5277558,candidate URL generated from official GSI tile scheme; existence/coverage not locally verified
DEM1A,~1 m,airborne laser,17,116035,51683,https://cyberjapandata.gsi.go.jp/xyz/dem1a_png/17/116035/51683.png,138.699646,35.5232852,138.7023926,35.5255205,candidate URL generated from official GSI tile scheme; existence/coverage not locally verified
DEM1A,~1 m,airborne laser,17,116035,51684,https://cyberjapandata.gsi.go.jp/xyz/dem1a_png/17/116035/51684.png,138.699646,35.5210498,138.7023926,35.5232852,candidate URL generated from official GSI tile scheme; existence/coverage not locally verified
DEM1A,~1 m,airborne laser,17,116035,51685,https://cyberjapandata.gsi.go.jp/xyz/dem1a_png/17/116035/51685.png,138.699646,35.5188143,138.7023926,35.5210498,candidate URL generated from official GSI tile scheme; existence/coverage not locally verified
DEM1A,~1 m,airborne laser,17,116035,51686,https://cyberjapandata.gsi.go.jp/xyz/dem1a_png/17/116035/51686.png,138.699646,35.5165787,138.7023926,35.5188143,candidate URL generated from official GSI tile scheme; existence/coverage not locally verified
DEM1A,~1 m,airborne laser,17,116035,51687,https://cyberjapandata.gsi.go.jp/xyz/dem1a_png/17/116035/51687.png,138.699646,35.5143431,138.7023926,35.5165787,candidate URL generated from official GSI tile scheme; existence/coverage not locally verified
DEM1A,~1 m,airborne laser,17,116035,51688,https://cyberjapandata.gsi.go.jp/xyz/dem1a_png/17/116035/51688.png,138.699646,35.5121075,138.7023926,35.5143431,candidate URL generated from official GSI tile scheme; existence/coverage not locally verified
DEM1A,~1 m,airborne laser,17,116035,51689,https://cyberjapandata.gsi.go.jp/xyz/dem1a_png/17/116035/51689.png,138.699646,35.5098717,138.7023926,35.5121075,candidate URL generated from official GSI tile scheme; existence/coverage not locally verified
DEM1A,~1 m,airborne laser,17,116035,51690,https://cyberjapandata.gsi.go.jp/xyz/dem1a_png/17/116035/51690.png,138.699646,35.5076359,138.7023926,35.5098717,candidate URL generated from official GSI tile scheme; existence/coverage not locally verified
DEM1A,~1 m,airborne laser,17,116035,51691,https://cyberjapandata.gsi.go.jp/xyz/dem1a_png/17/116035/51691.png,138.699646,35.5054001,138.7023926,35.5076359,candidate URL generated from official GSI tile scheme; existence/coverage not locally verified
DEM1A,~1 m,airborne laser,17,116035,51692,https://cyberjapandata.gsi.go.jp/xyz/dem1a_png/17/116035/51692.png,138.699646,35.5031642,138.7023926,35.5054001,candidate URL generated from official GSI tile scheme; existence/coverage not locally verified
DEM1A,~1 m,airborne laser,17,116035,51693,https://cyberjapandata.gsi.go.jp/xyz/dem1a_png/17/116035/51693.png,138.699646,35.5009282,138.7023926,35.5031642,candidate URL generated from official GSI tile scheme; existence/coverage not locally verified
DEM1A,~1 m,airborne laser,17,116035,51694,https://cyberjapandata.gsi.go.jp/xyz/dem1a_png/17/116035/51694.png,138.699646,35.4986922,138.7023926,35.5009282,candidate URL generated from official GSI tile scheme; existence/coverage not locally verified
DEM1A,~1 m,airborne laser,17,116035,51695,https://cyberjapandata.gsi.go.jp/xyz/dem1a_png/17/116035/51695.png,138.699646,35.4964561,138.7023926,35.4986922,candidate URL generated from official GSI tile scheme; existence/coverage not locally verified
DEM1A,~1 m,airborne laser,17,116035,51696,https://cyberjapandata.gsi.go.jp/xyz/dem1a_png/17/116035/51696.png,138.699646,35.4942199,138.7023926,35.4964561,candidate URL generated from official GSI tile scheme; existence/coverage not locally verified
DEM1A,~1 m,airborne laser,17,116035,51697,https://cyberjapandata.gsi.go.jp/xyz/dem1a_png/17/116035/51697.png,138.699646,35.4919837,138.7023926,35.4942199,candidate URL generated from official GSI tile scheme; existence/coverage not locally verified
DEM1A,~1 m,airborne laser,17,116035,51698,https://cyberjapandata.gsi.go.jp/xyz/dem1a_png/17/116035/51698.png,138.699646,35.4897474,138.7023926,35.4919837,candidate URL generated from official GSI tile scheme; existence/coverage not locally verified
DEM1A,~1 m,airborne laser,17,116035,51699,https://cyberjapandata.gsi.go.jp/xyz/dem1a_png/17/116035/51699.png,138.699646,35.487511,138.7023926,35.4897474,candidate URL generated from official GSI tile scheme; existence/coverage not locally verified
DEM1A,~1 m,airborne laser,17,116035,51700,https://cyberjapandata.gsi.go.jp/xyz/dem1a_png/17/116035/51700.png,138.699646,35.4852746,138.7023926,35.487511,candidate URL generated from official GSI tile scheme; existence/coverage not locally verified
DEM1A,~1 m,airborne laser,17,116035,51701,https://cyberjapandata.gsi.go.jp/xyz/dem1a_png/17/116035/51701.png,138.699646,35.4830381,138.7023926,35.4852746,candidate URL generated from official GSI tile scheme; existence/coverage not locally verified
DEM1A,~1 m,airborne laser,17,116035,51702,https://cyberjapandata.gsi.go.jp/xyz/dem1a_png/17/116035/51702.png,138.699646,35.4808016,138.7023926,35.4830381,candidate URL generated from official GSI tile scheme; existence/coverage not locally verified
DEM1A,~1 m,airborne laser,17,116035,51703,https://cyberjapandata.gsi.go.jp/xyz/dem1a_png/17/116035/51703.png,138.699646,35.478565,138.7023926,35.4808016,candidate URL generated from official GSI tile scheme; existence/coverage not locally verified
DEM1A,~1 m,airborne laser,17,116035,51704,https://cyberjapandata.gsi.go.jp/xyz/dem1a_png/17/116035/51704.png,138.699646,35.4763283,138.7023926,35.478565,candidate URL generated from official GSI tile scheme; existence/coverage not locally verified
DEM1A,~1 m,airborne laser,17,116035,51705,https://cyberjapandata.gsi.go.jp/xyz/dem1a_png/17/116035/51705.png,138.699646,35.4740916,138.7023926,35.4763283,candidate URL generated from official GSI tile scheme; existence/coverage not locally verified
DEM1A,~1 m,airborne laser,17,116035,51706,https://cyberjapandata.gsi.go.jp/xyz/dem1a_png/17/116035/51706.png,138.699646,35.4718548,138.7023926,35.4740916,candidate URL generated from official GSI tile scheme; existence/coverage not locally verified
DEM1A,~1 m,airborne laser,17,116035,51707,https://cyberjapandata.gsi.go.jp/xyz/dem1a_png/17/116035/51707.png,138.699646,35.469618,138.7023926,35.4718548,candidate URL generated from official GSI tile scheme; existence/coverage not locally verified
DEM1A,~1 m,airborne laser,17,116035,51708,https://cyberjapandata.gsi.go.jp/xyz/dem1a_png/17/116035/51708.png,138.699646,35.4673811,138.7023926,35.469618,candidate URL generated from official GSI tile scheme; existence/coverage not locally verified
DEM1A,~1 m,airborne laser,17,116035,51709,https://cyberjapandata.gsi.go.jp/xyz/dem1a_png/17/116035/51709.png,138.699646,35.4651441,138.7023926,35.4673811,candidate URL generated from official GSI tile scheme; existence/coverage not locally verified
DEM1A,~1 m,airborne laser,17,116035,51710,https://cyberjapandata.gsi.go.jp/xyz/dem1a_png/17/116035/51710.png,138.699646,35.462907,138.7023926,35.4651441,candidate URL generated from official GSI tile scheme; existence/coverage not locally verified
DEM1A,~1 m,airborne laser,17,116035,51711,https://cyberjapandata.gsi.go.jp/xyz/dem1a_png/17/116035/51711.png,138.699646,35.46067,138.7023926,35.462907,candidate URL generated from official GSI tile scheme; existence/coverage not locally verified
DEM1A,~1 m,airborne laser,17,116035,51712,https://cyberjapandata.gsi.go.jp/xyz/dem1a_png/17/116035/51712.png,138.699646,35.4584328,138.7023926,35.46067,candidate URL generated from official GSI tile scheme; existence/coverage not locally verified
DEM1A,~1 m,airborne laser,17,116035,51713,https://cyberjapandata.gsi.go.jp/xyz/dem1a_png/17/116035/51713.png,138.699646,35.4561956,138.7023926,35.4584328,candidate URL generated from official GSI tile scheme; existence/coverage not locally verified
DEM1A,~1 m,airborne laser,17,116035,51714,https://cyberjapandata.gsi.go.jp/xyz/dem1a_png/17/116035/51714.png,138.699646,35.4539583,138.7023926,35.4561956,candidate URL generated from official GSI tile scheme; existence/coverage not locally verified
DEM1A,~1 m,airborne laser,17,116035,51715,https://cyberjapandata.gsi.go.jp/xyz/dem1a_png/17/116035/51715.png,138.699646,35.4517209,138.7023926,35.4539583,candidate URL generated from official GSI tile scheme; existence/coverage not locally verified
DEM1A,~1 m,airborne laser,17,116035,51716,https://cyberjapandata.gsi.go.jp/xyz/dem1a_png/17/116035/51716.png,138.699646,35.4494835,138.7023926,35.4517209,candidate URL generated from official GSI tile scheme; existence/coverage not locally verified
DEM1A,~1 m,airborne laser,17,116035,51717,https://cyberjapandata.gsi.go.jp/xyz/dem1a_png/17/116035/51717.png,138.699646,35.4472461,138.7023926,35.4494835,candidate URL generated from official GSI tile scheme; existence/coverage not locally verified
DEM1A,~1 m,airborne laser,17,116035,51718,https://cyberjapandata.gsi.go.jp/xyz/dem1a_png/17/116035/51718.png,138.699646,35.4450085,138.7023926,35.4472461,candidate URL generated from official GSI tile scheme; existence/coverage not locally verified
DEM1A,~1 m,airborne laser,17,116035,51719,https://cyberjapandata.gsi.go.jp/xyz/dem1a_png/17/116035/51719.png,138.699646,35.4427709,138.7023926,35.4450085,candidate URL generated from official GSI tile scheme; existence/coverage not locally verified
DEM1A,~1 m,airborne laser,17,116035,51720,https://cyberjapandata.gsi.go.jp/xyz/dem1a_png/17/116035/51720.png,138.699646,35.4405333,138.7023926,35.4427709,candidate URL generated from official GSI tile scheme; existence/coverage not locally verified
DEM1A,~1 m,airborne laser,17,116035,51721,https://cyberjapandata.gsi.go.jp/xyz/dem1a_png/17/116035/51721.png,138.699646,35.4382955,138.7023926,35.4405333,candidate URL generated from official GSI tile scheme; existence/coverage not locally verified
DEM1A,~1 m,airborne laser,17,116035,51722,https://cyberjapandata.gsi.go.jp/xyz/dem1a_png/17/116035/51722.png,138.699646,35.4360578,138.7023926,35.4382955,candidate URL generated from official GSI tile scheme; existence/coverage not locally verified
DEM1A,~1 m,airborne laser,17,116035,51723,https://cyberjapandata.gsi.go.jp/xyz/dem1a_png/17/116035/51723.png,138.699646,35.4338199,138.7023926,35.4360578,candidate URL generated from official GSI tile scheme; existence/coverage not locally verified
DEM1A,~1 m,airborne laser,17,116035,51724,https://cyberjapandata.gsi.go.jp/xyz/dem1a_png/17/116035/51724.png,138.699646,35.431582,138.7023926,35.4338199,candidate URL generated from official GSI tile scheme; existence/coverage not locally verified
DEM1A,~1 m,airborne laser,17,116035,51725,https://cyberjapandata.gsi.go.jp/xyz/dem1a_png/17/116035/51725.png,138.699646,35.429344,138.7023926,35.431582,candidate URL generated from official GSI tile scheme; existence/coverage not locally verified
DEM1A,~1 m,airborne laser,17,116036,51680,https://cyberjapandata.gsi.go.jp/xyz/dem1a_png/17/116036/51680.png,138.7023926,35.5299911,138.7051392,35.5322262,candidate URL generated from official GSI tile scheme; existence/coverage not locally verified
DEM1A,~1 m,airborne laser,17,116036,51681,https://cyberjapandata.gsi.go.jp/xyz/dem1a_png/17/116036/51681.png,138.7023926,35.5277558,138.7051392,35.5299911,candidate URL generated from official GSI tile scheme; existence/coverage not locally verified
DEM1A,~1 m,airborne laser,17,116036,51682,https://cyberjapandata.gsi.go.jp/xyz/dem1a_png/17/116036/51682.png,138.7023926,35.5255205,138.7051392,35.5277558,candidate URL generated from official GSI tile scheme; existence/coverage not locally verified
DEM1A,~1 m,airborne laser,17,116036,51683,https://cyberjapandata.gsi.go.jp/xyz/dem1a_png/17/116036/51683.png,138.7023926,35.5232852,138.7051392,35.5255205,candidate URL generated from official GSI tile scheme; existence/coverage not locally verified
DEM1A,~1 m,airborne laser,17,116036,51684,https://cyberjapandata.gsi.go.jp/xyz/dem1a_png/17/116036/51684.png,138.7023926,35.5210498,138.7051392,35.5232852,candidate URL generated from official GSI tile scheme; existence/coverage not locally verified
DEM1A,~1 m,airborne laser,17,116036,51685,https://cyberjapandata.gsi.go.jp/xyz/dem1a_png/17/116036/51685.png,138.7023926,35.5188143,138.7051392,35.5210498,candidate URL generated from official GSI tile scheme; existence/coverage not locally verified
DEM1A,~1 m,airborne laser,17,116036,51686,https://cyberjapandata.gsi.go.jp/xyz/dem1a_png/17/116036/51686.png,138.7023926,35.5165787,138.7051392,35.5188143,candidate URL generated from official GSI tile scheme; existence/coverage not locally verified
DEM1A,~1 m,airborne laser,17,116036,51687,https://cyberjapandata.gsi.go.jp/xyz/dem1a_png/17/116036/51687.png,138.7023926,35.5143431,138.7051392,35.5165787,candidate URL generated from official GSI tile scheme; existence/coverage not locally verified
DEM1A,~1 m,airborne laser,17,116036,51688,https://cyberjapandata.gsi.go.jp/xyz/dem1a_png/17/116036/51688.png,138.7023926,35.5121075,138.7051392,35.5143431,candidate URL generated from official GSI tile scheme; existence/coverage not locally verified
DEM1A,~1 m,airborne laser,17,116036,51689,https://cyberjapandata.gsi.go.jp/xyz/dem1a_png/17/116036/51689.png,138.7023926,35.5098717,138.7051392,35.5121075,candidate URL generated from official GSI tile scheme; existence/coverage not locally verified
DEM1A,~1 m,airborne laser,17,116036,51690,https://cyberjapandata.gsi.go.jp/xyz/dem1a_png/17/116036/51690.png,138.7023926,35.5076359,138.7051392,35.5098717,candidate URL generated from official GSI tile scheme; existence/coverage not locally verified
DEM1A,~1 m,airborne laser,17,116036,51691,https://cyberjapandata.gsi.go.jp/xyz/dem1a_png/17/116036/51691.png,138.7023926,35.5054001,138.7051392,35.5076359,candidate URL generated from official GSI tile scheme; existence/coverage not locally verified
DEM1A,~1 m,airborne laser,17,116036,51692,https://cyberjapandata.gsi.go.jp/xyz/dem1a_png/17/116036/51692.png,138.7023926,35.5031642,138.7051392,35.5054001,candidate URL generated from official GSI tile scheme; existence/coverage not locally verified
DEM1A,~1 m,airborne laser,17,116036,51693,https://cyberjapandata.gsi.go.jp/xyz/dem1a_png/17/116036/51693.png,138.7023926,35.5009282,138.7051392,35.5031642,candidate URL generated from official GSI tile scheme; existence/coverage not locally verified
DEM1A,~1 m,airborne laser,17,116036,51694,https://cyberjapandata.gsi.go.jp/xyz/dem1a_png/17/116036/51694.png,138.7023926,35.4986922,138.7051392,35.5009282,candidate URL generated from official GSI tile scheme; existence/coverage not locally verified
DEM1A,~1 m,airborne laser,17,116036,51695,https://cyberjapandata.gsi.go.jp/xyz/dem1a_png/17/116036/51695.png,138.7023926,35.4964561,138.7051392,35.4986922,candidate URL generated from official GSI tile scheme; existence/coverage not locally verified
DEM1A,~1 m,airborne laser,17,116036,51696,https://cyberjapandata.gsi.go.jp/xyz/dem1a_png/17/116036/51696.png,138.7023926,35.4942199,138.7051392,35.4964561,candidate URL generated from official GSI tile scheme; existence/coverage not locally verified
DEM1A,~1 m,airborne laser,17,116036,51697,https://cyberjapandata.gsi.go.jp/xyz/dem1a_png/17/116036/51697.png,138.7023926,35.4919837,138.7051392,35.4942199,candidate URL generated from official GSI tile scheme; existence/coverage not locally verified
DEM1A,~1 m,airborne laser,17,116036,51698,https://cyberjapandata.gsi.go.jp/xyz/dem1a_png/17/116036/51698.png,138.7023926,35.4897474,138.7051392,35.4919837,candidate URL generated from official GSI tile scheme; existence/coverage not locally verified
DEM1A,~1 m,airborne laser,17,116036,51699,https://cyberjapandata.gsi.go.jp/xyz/dem1a_png/17/116036/51699.png,138.7023926,35.487511,138.7051392,35.4897474,candidate URL generated from official GSI tile scheme; existence/coverage not locally verified
DEM1A,~1 m,airborne laser,17,116036,51700,https://cyberjapandata.gsi.go.jp/xyz/dem1a_png/17/116036/51700.png,138.7023926,35.4852746,138.7051392,35.487511,candidate URL generated from official GSI tile scheme; existence/coverage not locally verified
DEM1A,~1 m,airborne laser,17,116036,51701,https://cyberjapandata.gsi.go.jp/xyz/dem1a_png/17/116036/51701.png,138.7023926,35.4830381,138.7051392,35.4852746,candidate URL generated from official GSI tile scheme; existence/coverage not locally verified
DEM1A,~1 m,airborne laser,17,116036,51702,https://cyberjapandata.gsi.go.jp/xyz/dem1a_png/17/116036/51702.png,138.7023926,35.4808016,138.7051392,35.4830381,candidate URL generated from official GSI tile scheme; existence/coverage not locally verified
DEM1A,~1 m,airborne laser,17,116036,51703,https://cyberjapandata.gsi.go.jp/xyz/dem1a_png/17/116036/51703.png,138.7023926,35.478565,138.7051392,35.4808016,candidate URL generated from official GSI tile scheme; existence/coverage not locally verified
DEM1A,~1 m,airborne laser,17,116036,51704,https://cyberjapandata.gsi.go.jp/xyz/dem1a_png/17/116036/51704.png,138.7023926,35.4763283,138.7051392,35.478565,candidate URL generated from official GSI tile scheme; existence/coverage not locally verified
DEM1A,~1 m,airborne laser,17,116036,51705,https://cyberjapandata.gsi.go.jp/xyz/dem1a_png/17/116036/51705.png,138.7023926,35.4740916,138.7051392,35.4763283,candidate URL generated from official GSI tile scheme; existence/coverage not locally verified
DEM1A,~1 m,airborne laser,17,116036,51706,https://cyberjapandata.gsi.go.jp/xyz/dem1a_png/17/116036/51706.png,138.7023926,35.4718548,138.7051392,35.4740916,candidate URL generated from official GSI tile scheme; existence/coverage not locally verified
DEM1A,~1 m,airborne laser,17,116036,51707,https://cyberjapandata.gsi.go.jp/xyz/dem1a_png/17/116036/51707.png,138.7023926,35.469618,138.7051392,35.4718548,candidate URL generated from official GSI tile scheme; existence/coverage not locally verified
DEM1A,~1 m,airborne laser,17,116036,51708,https://cyberjapandata.gsi.go.jp/xyz/dem1a_png/17/116036/51708.png,138.7023926,35.4673811,138.7051392,35.469618,candidate URL generated from official GSI tile scheme; existence/coverage not locally verified
DEM1A,~1 m,airborne laser,17,116036,51709,https://cyberjapandata.gsi.go.jp/xyz/dem1a_png/17/116036/51709.png,138.7023926,35.4651441,138.7051392,35.4673811,candidate URL generated from official GSI tile scheme; existence/coverage not locally verified
DEM1A,~1 m,airborne laser,17,116036,51710,https://cyberjapandata.gsi.go.jp/xyz/dem1a_png/17/116036/51710.png,138.7023926,35.462907,138.7051392,35.4651441,candidate URL generated from official GSI tile scheme; existence/coverage not locally verified
DEM1A,~1 m,airborne laser,17,116036,51711,https://cyberjapandata.gsi.go.jp/xyz/dem1a_png/17/116036/51711.png,138.7023926,35.46067,138.7051392,35.462907,candidate URL generated from official GSI tile scheme; existence/coverage not locally verified
DEM1A,~1 m,airborne laser,17,116036,51712,https://cyberjapandata.gsi.go.jp/xyz/dem1a_png/17/116036/51712.png,138.7023926,35.4584328,138.7051392,35.46067,candidate URL generated from official GSI tile scheme; existence/coverage not locally verified
DEM1A,~1 m,airborne laser,17,116036,51713,https://cyberjapandata.gsi.go.jp/xyz/dem1a_png/17/116036/51713.png,138.7023926,35.4561956,138.7051392,35.4584328,candidate URL generated from official GSI tile scheme; existence/coverage not locally verified
DEM1A,~1 m,airborne laser,17,116036,51714,https://cyberjapandata.gsi.go.jp/xyz/dem1a_png/17/116036/51714.png,138.7023926,35.4539583,138.7051392,35.4561956,candidate URL generated from official GSI tile scheme; existence/coverage not locally verified
DEM1A,~1 m,airborne laser,17,116036,51715,https://cyberjapandata.gsi.go.jp/xyz/dem1a_png/17/116036/51715.png,138.7023926,35.4517209,138.7051392,35.4539583,candidate URL generated from official GSI tile scheme; existence/coverage not locally verified
DEM1A,~1 m,airborne laser,17,116036,51716,https://cyberjapandata.gsi.go.jp/xyz/dem1a_png/17/116036/51716.png,138.7023926,35.4494835,138.7051392,35.4517209,candidate URL generated from official GSI tile scheme; existence/coverage not locally verified
DEM1A,~1 m,airborne laser,17,116036,51717,https://cyberjapandata.gsi.go.jp/xyz/dem1a_png/17/116036/51717.png,138.7023926,35.4472461,138.7051392,35.4494835,candidate URL generated from official GSI tile scheme; existence/coverage not locally verified
DEM1A,~1 m,airborne laser,17,116036,51718,https://cyberjapandata.gsi.go.jp/xyz/dem1a_png/17/116036/51718.png,138.7023926,35.4450085,138.7051392,35.4472461,candidate URL generated from official GSI tile scheme; existence/coverage not locally verified
DEM1A,~1 m,airborne laser,17,116036,51719,https://cyberjapandata.gsi.go.jp/xyz/dem1a_png/17/116036/51719.png,138.7023926,35.4427709,138.7051392,35.4450085,candidate URL generated from official GSI tile scheme; existence/coverage not locally verified
DEM1A,~1 m,airborne laser,17,116036,51720,https://cyberjapandata.gsi.go.jp/xyz/dem1a_png/17/116036/51720.png,138.7023926,35.4405333,138.7051392,35.4427709,candidate URL generated from official GSI tile scheme; existence/coverage not locally verified
DEM1A,~1 m,airborne laser,17,116036,51721,https://cyberjapandata.gsi.go.jp/xyz/dem1a_png/17/116036/51721.png,138.7023926,35.4382955,138.7051392,35.4405333,candidate URL generated from official GSI tile scheme; existence/coverage not locally verified
DEM1A,~1 m,airborne laser,17,116036,51722,https://cyberjapandata.gsi.go.jp/xyz/dem1a_png/17/116036/51722.png,138.7023926,35.4360578,138.7051392,35.4382955,candidate URL generated from official GSI tile scheme; existence/coverage not locally verified
DEM1A,~1 m,airborne laser,17,116036,51723,https://cyberjapandata.gsi.go.jp/xyz/dem1a_png/17/116036/51723.png,138.7023926,35.4338199,138.7051392,35.4360578,candidate URL generated from official GSI tile scheme; existence/coverage not locally verified
DEM1A,~1 m,airborne laser,17,116036,51724,https://cyberjapandata.gsi.go.jp/xyz/dem1a_png/17/116036/51724.png,138.7023926,35.431582,138.7051392,35.4338199,candidate URL generated from official GSI tile scheme; existence/coverage not locally verified
DEM1A,~1 m,airborne laser,17,116036,51725,https://cyberjapandata.gsi.go.jp/xyz/dem1a_png/17/116036/51725.png,138.7023926,35.429344,138.7051392,35.431582,candidate URL generated from official GSI tile scheme; existence/coverage not locally verified
DEM1A,~1 m,airborne laser,17,116037,51680,https://cyberjapandata.gsi.go.jp/xyz/dem1a_png/17/116037/51680.png,138.7051392,35.5299911,138.7078857,35.5322262,candidate URL generated from official GSI tile scheme; existence/coverage not locally verified
DEM1A,~1 m,airborne laser,17,116037,51681,https://cyberjapandata.gsi.go.jp/xyz/dem1a_png/17/116037/51681.png,138.7051392,35.5277558,138.7078857,35.5299911,candidate URL generated from official GSI tile scheme; existence/coverage not locally verified
DEM1A,~1 m,airborne laser,17,116037,51682,https://cyberjapandata.gsi.go.jp/xyz/dem1a_png/17/116037/51682.png,138.7051392,35.5255205,138.7078857,35.5277558,candidate URL generated from official GSI tile scheme; existence/coverage not locally verified
DEM1A,~1 m,airborne laser,17,116037,51683,https://cyberjapandata.gsi.go.jp/xyz/dem1a_png/17/116037/51683.png,138.7051392,35.5232852,138.7078857,35.5255205,candidate URL generated from official GSI tile scheme; existence/coverage not locally verified
DEM1A,~1 m,airborne laser,17,116037,51684,https://cyberjapandata.gsi.go.jp/xyz/dem1a_png/17/116037/51684.png,138.7051392,35.5210498,138.7078857,35.5232852,candidate URL generated from official GSI tile scheme; existence/coverage not locally verified
DEM1A,~1 m,airborne laser,17,116037,51685,https://cyberjapandata.gsi.go.jp/xyz/dem1a_png/17/116037/51685.png,138.7051392,35.5188143,138.7078857,35.5210498,candidate URL generated from official GSI tile scheme; existence/coverage not locally verified
DEM1A,~1 m,airborne laser,17,116037,51686,https://cyberjapandata.gsi.go.jp/xyz/dem1a_png/17/116037/51686.png,138.7051392,35.5165787,138.7078857,35.5188143,candidate URL generated from official GSI tile scheme; existence/coverage not locally verified
DEM1A,~1 m,airborne laser,17,116037,51687,https://cyberjapandata.gsi.go.jp/xyz/dem1a_png/17/116037/51687.png,138.7051392,35.5143431,138.7078857,35.5165787,candidate URL generated from official GSI tile scheme; existence/coverage not locally verified
DEM1A,~1 m,airborne laser,17,116037,51688,https://cyberjapandata.gsi.go.jp/xyz/dem1a_png/17/116037/51688.png,138.7051392,35.5121075,138.7078857,35.5143431,candidate URL generated from official GSI tile scheme; existence/coverage not locally verified
DEM1A,~1 m,airborne laser,17,116037,51689,https://cyberjapandata.gsi.go.jp/xyz/dem1a_png/17/116037/51689.png,138.7051392,35.5098717,138.7078857,35.5121075,candidate URL generated from official GSI tile scheme; existence/coverage not locally verified
DEM1A,~1 m,airborne laser,17,116037,51690,https://cyberjapandata.gsi.go.jp/xyz/dem1a_png/17/116037/51690.png,138.7051392,35.5076359,138.7078857,35.5098717,candidate URL generated from official GSI tile scheme; existence/coverage not locally verified
DEM1A,~1 m,airborne laser,17,116037,51691,https://cyberjapandata.gsi.go.jp/xyz/dem1a_png/17/116037/51691.png,138.7051392,35.5054001,138.7078857,35.5076359,candidate URL generated from official GSI tile scheme; existence/coverage not locally verified
DEM1A,~1 m,airborne laser,17,116037,51692,https://cyberjapandata.gsi.go.jp/xyz/dem1a_png/17/116037/51692.png,138.7051392,35.5031642,138.7078857,35.5054001,candidate URL generated from official GSI tile scheme; existence/coverage not locally verified
DEM1A,~1 m,airborne laser,17,116037,51693,https://cyberjapandata.gsi.go.jp/xyz/dem1a_png/17/116037/51693.png,138.7051392,35.5009282,138.7078857,35.5031642,candidate URL generated from official GSI tile scheme; existence/coverage not locally verified
DEM1A,~1 m,airborne laser,17,116037,51694,https://cyberjapandata.gsi.go.jp/xyz/dem1a_png/17/116037/51694.png,138.7051392,35.4986922,138.7078857,35.5009282,candidate URL generated from official GSI tile scheme; existence/coverage not locally verified
DEM1A,~1 m,airborne laser,17,116037,51695,https://cyberjapandata.gsi.go.jp/xyz/dem1a_png/17/116037/51695.png,138.7051392,35.4964561,138.7078857,35.4986922,candidate URL generated from official GSI tile scheme; existence/coverage not locally verified
DEM1A,~1 m,airborne laser,17,116037,51696,https://cyberjapandata.gsi.go.jp/xyz/dem1a_png/17/116037/51696.png,138.7051392,35.4942199,138.7078857,35.4964561,candidate URL generated from official GSI tile scheme; existence/coverage not locally verified
DEM1A,~1 m,airborne laser,17,116037,51697,https://cyberjapandata.gsi.go.jp/xyz/dem1a_png/17/116037/51697.png,138.7051392,35.4919837,138.7078857,35.4942199,candidate URL generated from official GSI tile scheme; existence/coverage not locally verified
DEM1A,~1 m,airborne laser,17,116037,51698,https://cyberjapandata.gsi.go.jp/xyz/dem1a_png/17/116037/51698.png,138.7051392,35.4897474,138.7078857,35.4919837,candidate URL generated from official GSI tile scheme; existence/coverage not locally verified
DEM1A,~1 m,airborne laser,17,116037,51699,https://cyberjapandata.gsi.go.jp/xyz/dem1a_png/17/116037/51699.png,138.7051392,35.487511,138.7078857,35.4897474,candidate URL generated from official GSI tile scheme; existence/coverage not locally verified
DEM1A,~1 m,airborne laser,17,116037,51700,https://cyberjapandata.gsi.go.jp/xyz/dem1a_png/17/116037/51700.png,138.7051392,35.4852746,138.7078857,35.487511,candidate URL generated from official GSI tile scheme; existence/coverage not locally verified
DEM1A,~1 m,airborne laser,17,116037,51701,https://cyberjapandata.gsi.go.jp/xyz/dem1a_png/17/116037/51701.png,138.7051392,35.4830381,138.7078857,35.4852746,candidate URL generated from official GSI tile scheme; existence/coverage not locally verified
DEM1A,~1 m,airborne laser,17,116037,51702,https://cyberjapandata.gsi.go.jp/xyz/dem1a_png/17/116037/51702.png,138.7051392,35.4808016,138.7078857,35.4830381,candidate URL generated from official GSI tile scheme; existence/coverage not locally verified
DEM1A,~1 m,airborne laser,17,116037,51703,https://cyberjapandata.gsi.go.jp/xyz/dem1a_png/17/116037/51703.png,138.7051392,35.478565,138.7078857,35.4808016,candidate URL generated from official GSI tile scheme; existence/coverage not locally verified
DEM1A,~1 m,airborne laser,17,116037,51704,https://cyberjapandata.gsi.go.jp/xyz/dem1a_png/17/116037/51704.png,138.7051392,35.4763283,138.7078857,35.478565,candidate URL generated from official GSI tile scheme; existence/coverage not locally verified
DEM1A,~1 m,airborne laser,17,116037,51705,https://cyberjapandata.gsi.go.jp/xyz/dem1a_png/17/116037/51705.png,138.7051392,35.4740916,138.7078857,35.4763283,candidate URL generated from official GSI tile scheme; existence/coverage not locally verified
DEM1A,~1 m,airborne laser,17,116037,51706,https://cyberjapandata.gsi.go.jp/xyz/dem1a_png/17/116037/51706.png,138.7051392,35.4718548,138.7078857,35.4740916,candidate URL generated from official GSI tile scheme; existence/coverage not locally verified
DEM1A,~1 m,airborne laser,17,116037,51707,https://cyberjapandata.gsi.go.jp/xyz/dem1a_png/17/116037/51707.png,138.7051392,35.469618,138.7078857,35.4718548,candidate URL generated from official GSI tile scheme; existence/coverage not locally verified
DEM1A,~1 m,airborne laser,17,116037,51708,https://cyberjapandata.gsi.go.jp/xyz/dem1a_png/17/116037/51708.png,138.7051392,35.4673811,138.7078857,35.469618,candidate URL generated from official GSI tile scheme; existence/coverage not locally verified
DEM1A,~1 m,airborne laser,17,116037,51709,https://cyberjapandata.gsi.go.jp/xyz/dem1a_png/17/116037/51709.png,138.7051392,35.4651441,138.7078857,35.4673811,candidate URL generated from official GSI tile scheme; existence/coverage not locally verified
DEM1A,~1 m,airborne laser,17,116037,51710,https://cyberjapandata.gsi.go.jp/xyz/dem1a_png/17/116037/51710.png,138.7051392,35.462907,138.7078857,35.4651441,candidate URL generated from official GSI tile scheme; existence/coverage not locally verified
DEM1A,~1 m,airborne laser,17,116037,51711,https://cyberjapandata.gsi.go.jp/xyz/dem1a_png/17/116037/51711.png,138.7051392,35.46067,138.7078857,35.462907,candidate URL generated from official GSI tile scheme; existence/coverage not locally verified
DEM1A,~1 m,airborne laser,17,116037,51712,https://cyberjapandata.gsi.go.jp/xyz/dem1a_png/17/116037/51712.png,138.7051392,35.4584328,138.7078857,35.46067,candidate URL generated from official GSI tile scheme; existence/coverage not locally verified
DEM1A,~1 m,airborne laser,17,116037,51713,https://cyberjapandata.gsi.go.jp/xyz/dem1a_png/17/116037/51713.png,138.7051392,35.4561956,138.7078857,35.4584328,candidate URL generated from official GSI tile scheme; existence/coverage not locally verified
DEM1A,~1 m,airborne laser,17,116037,51714,https://cyberjapandata.gsi.go.jp/xyz/dem1a_png/17/116037/51714.png,138.7051392,35.4539583,138.7078857,35.4561956,candidate URL generated from official GSI tile scheme; existence/coverage not locally verified
DEM1A,~1 m,airborne laser,17,116037,51715,https://cyberjapandata.gsi.go.jp/xyz/dem1a_png/17/116037/51715.png,138.7051392,35.4517209,138.7078857,35.4539583,candidate URL generated from official GSI tile scheme; existence/coverage not locally verified
DEM1A,~1 m,airborne laser,17,116037,51716,https://cyberjapandata.gsi.go.jp/xyz/dem1a_png/17/116037/51716.png,138.7051392,35.4494835,138.7078857,35.4517209,candidate URL generated from official GSI tile scheme; existence/coverage not locally verified
DEM1A,~1 m,airborne laser,17,116037,51717,https://cyberjapandata.gsi.go.jp/xyz/dem1a_png/17/116037/51717.png,138.7051392,35.4472461,138.7078857,35.4494835,candidate URL generated from official GSI tile scheme; existence/coverage not locally verified
DEM1A,~1 m,airborne laser,17,116037,51718,https://cyberjapandata.gsi.go.jp/xyz/dem1a_png/17/116037/51718.png,138.7051392,35.4450085,138.7078857,35.4472461,candidate URL generated from official GSI tile scheme; existence/coverage not locally verified
DEM1A,~1 m,airborne laser,17,116037,51719,https://cyberjapandata.gsi.go.jp/xyz/dem1a_png/17/116037/51719.png,138.7051392,35.4427709,138.7078857,35.4450085,candidate URL generated from official GSI tile scheme; existence/coverage not locally verified
DEM1A,~1 m,airborne laser,17,116037,51720,https://cyberjapandata.gsi.go.jp/xyz/dem1a_png/17/116037/51720.png,138.7051392,35.4405333,138.7078857,35.4427709,candidate URL generated from official GSI tile scheme; existence/coverage not locally verified
DEM1A,~1 m,airborne laser,17,116037,51721,https://cyberjapandata.gsi.go.jp/xyz/dem1a_png/17/116037/51721.png,138.7051392,35.4382955,138.7078857,35.4405333,candidate URL generated from official GSI tile scheme; existence/coverage not locally verified
DEM1A,~1 m,airborne laser,17,116037,51722,https://cyberjapandata.gsi.go.jp/xyz/dem1a_png/17/116037/51722.png,138.7051392,35.4360578,138.7078857,35.4382955,candidate URL generated from official GSI tile scheme; existence/coverage not locally verified
DEM1A,~1 m,airborne laser,17,116037,51723,https://cyberjapandata.gsi.go.jp/xyz/dem1a_png/17/116037/51723.png,138.7051392,35.4338199,138.7078857,35.4360578,candidate URL generated from official GSI tile scheme; existence/coverage not locally verified
DEM1A,~1 m,airborne laser,17,116037,51724,https://cyberjapandata.gsi.go.jp/xyz/dem1a_png/17/116037/51724.png,138.7051392,35.431582,138.7078857,35.4338199,candidate URL generated from official GSI tile scheme; existence/coverage not locally verified
DEM1A,~1 m,airborne laser,17,116037,51725,https://cyberjapandata.gsi.go.jp/xyz/dem1a_png/17/116037/51725.png,138.7051392,35.429344,138.7078857,35.431582,candidate URL generated from official GSI tile scheme; existence/coverage not locally verified
DEM1A,~1 m,airborne laser,17,116038,51680,https://cyberjapandata.gsi.go.jp/xyz/dem1a_png/17/116038/51680.png,138.7078857,35.5299911,138.7106323,35.5322262,candidate URL generated from official GSI tile scheme; existence/coverage not locally verified
DEM1A,~1 m,airborne laser,17,116038,51681,https://cyberjapandata.gsi.go.jp/xyz/dem1a_png/17/116038/51681.png,138.7078857,35.5277558,138.7106323,35.5299911,candidate URL generated from official GSI tile scheme; existence/coverage not locally verified
DEM1A,~1 m,airborne laser,17,116038,51682,https://cyberjapandata.gsi.go.jp/xyz/dem1a_png/17/116038/51682.png,138.7078857,35.5255205,138.7106323,35.5277558,candidate URL generated from official GSI tile scheme; existence/coverage not locally verified
DEM1A,~1 m,airborne laser,17,116038,51683,https://cyberjapandata.gsi.go.jp/xyz/dem1a_png/17/116038/51683.png,138.7078857,35.5232852,138.7106323,35.5255205,candidate URL generated from official GSI tile scheme; existence/coverage not locally verified
DEM1A,~1 m,airborne laser,17,116038,51684,https://cyberjapandata.gsi.go.jp/xyz/dem1a_png/17/116038/51684.png,138.7078857,35.5210498,138.7106323,35.5232852,candidate URL generated from official GSI tile scheme; existence/coverage not locally verified
DEM1A,~1 m,airborne laser,17,116038,51685,https://cyberjapandata.gsi.go.jp/xyz/dem1a_png/17/116038/51685.png,138.7078857,35.5188143,138.7106323,35.5210498,candidate URL generated from official GSI tile scheme; existence/coverage not locally verified
DEM1A,~1 m,airborne laser,17,116038,51686,https://cyberjapandata.gsi.go.jp/xyz/dem1a_png/17/116038/51686.png,138.7078857,35.5165787,138.7106323,35.5188143,candidate URL generated from official GSI tile scheme; existence/coverage not locally verified
DEM1A,~1 m,airborne laser,17,116038,51687,https://cyberjapandata.gsi.go.jp/xyz/dem1a_png/17/116038/51687.png,138.7078857,35.5143431,138.7106323,35.5165787,candidate URL generated from official GSI tile scheme; existence/coverage not locally verified
DEM1A,~1 m,airborne laser,17,116038,51688,https://cyberjapandata.gsi.go.jp/xyz/dem1a_png/17/116038/51688.png,138.7078857,35.5121075,138.7106323,35.5143431,candidate URL generated from official GSI tile scheme; existence/coverage not locally verified
DEM1A,~1 m,airborne laser,17,116038,51689,https://cyberjapandata.gsi.go.jp/xyz/dem1a_png/17/116038/51689.png,138.7078857,35.5098717,138.7106323,35.5121075,candidate URL generated from official GSI tile scheme; existence/coverage not locally verified
DEM1A,~1 m,airborne laser,17,116038,51690,https://cyberjapandata.gsi.go.jp/xyz/dem1a_png/17/116038/51690.png,138.7078857,35.5076359,138.7106323,35.5098717,candidate URL generated from official GSI tile scheme; existence/coverage not locally verified
DEM1A,~1 m,airborne laser,17,116038,51691,https://cyberjapandata.gsi.go.jp/xyz/dem1a_png/17/116038/51691.png,138.7078857,35.5054001,138.7106323,35.5076359,candidate URL generated from official GSI tile scheme; existence/coverage not locally verified
DEM1A,~1 m,airborne laser,17,116038,51692,https://cyberjapandata.gsi.go.jp/xyz/dem1a_png/17/116038/51692.png,138.7078857,35.5031642,138.7106323,35.5054001,candidate URL generated from official GSI tile scheme; existence/coverage not locally verified
DEM1A,~1 m,airborne laser,17,116038,51693,https://cyberjapandata.gsi.go.jp/xyz/dem1a_png/17/116038/51693.png,138.7078857,35.5009282,138.7106323,35.5031642,candidate URL generated from official GSI tile scheme; existence/coverage not locally verified
DEM1A,~1 m,airborne laser,17,116038,51694,https://cyberjapandata.gsi.go.jp/xyz/dem1a_png/17/116038/51694.png,138.7078857,35.4986922,138.7106323,35.5009282,candidate URL generated from official GSI tile scheme; existence/coverage not locally verified
DEM1A,~1 m,airborne laser,17,116038,51695,https://cyberjapandata.gsi.go.jp/xyz/dem1a_png/17/116038/51695.png,138.7078857,35.4964561,138.7106323,35.4986922,candidate URL generated from official GSI tile scheme; existence/coverage not locally verified
DEM1A,~1 m,airborne laser,17,116038,51696,https://cyberjapandata.gsi.go.jp/xyz/dem1a_png/17/116038/51696.png,138.7078857,35.4942199,138.7106323,35.4964561,candidate URL generated from official GSI tile scheme; existence/coverage not locally verified
DEM1A,~1 m,airborne laser,17,116038,51697,https://cyberjapandata.gsi.go.jp/xyz/dem1a_png/17/116038/51697.png,138.7078857,35.4919837,138.7106323,35.4942199,candidate URL generated from official GSI tile scheme; existence/coverage not locally verified
DEM1A,~1 m,airborne laser,17,116038,51698,https://cyberjapandata.gsi.go.jp/xyz/dem1a_png/17/116038/51698.png,138.7078857,35.4897474,138.7106323,35.4919837,candidate URL generated from official GSI tile scheme; existence/coverage not locally verified
DEM1A,~1 m,airborne laser,17,116038,51699,https://cyberjapandata.gsi.go.jp/xyz/dem1a_png/17/116038/51699.png,138.7078857,35.487511,138.7106323,35.4897474,candidate URL generated from official GSI tile scheme; existence/coverage not locally verified
DEM1A,~1 m,airborne laser,17,116038,51700,https://cyberjapandata.gsi.go.jp/xyz/dem1a_png/17/116038/51700.png,138.7078857,35.4852746,138.7106323,35.487511,candidate URL generated from official GSI tile scheme; existence/coverage not locally verified
DEM1A,~1 m,airborne laser,17,116038,51701,https://cyberjapandata.gsi.go.jp/xyz/dem1a_png/17/116038/51701.png,138.7078857,35.4830381,138.7106323,35.4852746,candidate URL generated from official GSI tile scheme; existence/coverage not locally verified
DEM1A,~1 m,airborne laser,17,116038,51702,https://cyberjapandata.gsi.go.jp/xyz/dem1a_png/17/116038/51702.png,138.7078857,35.4808016,138.7106323,35.4830381,candidate URL generated from official GSI tile scheme; existence/coverage not locally verified
DEM1A,~1 m,airborne laser,17,116038,51703,https://cyberjapandata.gsi.go.jp/xyz/dem1a_png/17/116038/51703.png,138.7078857,35.478565,138.7106323,35.4808016,candidate URL generated from official GSI tile scheme; existence/coverage not locally verified
DEM1A,~1 m,airborne laser,17,116038,51704,https://cyberjapandata.gsi.go.jp/xyz/dem1a_png/17/116038/51704.png,138.7078857,35.4763283,138.7106323,35.478565,candidate URL generated from official GSI tile scheme; existence/coverage not locally verified
DEM1A,~1 m,airborne laser,17,116038,51705,https://cyberjapandata.gsi.go.jp/xyz/dem1a_png/17/116038/51705.png,138.7078857,35.4740916,138.7106323,35.4763283,candidate URL generated from official GSI tile scheme; existence/coverage not locally verified
DEM1A,~1 m,airborne laser,17,116038,51706,https://cyberjapandata.gsi.go.jp/xyz/dem1a_png/17/116038/51706.png,138.7078857,35.4718548,138.7106323,35.4740916,candidate URL generated from official GSI tile scheme; existence/coverage not locally verified
DEM1A,~1 m,airborne laser,17,116038,51707,https://cyberjapandata.gsi.go.jp/xyz/dem1a_png/17/116038/51707.png,138.7078857,35.469618,138.7106323,35.4718548,candidate URL generated from official GSI tile scheme; existence/coverage not locally verified
DEM1A,~1 m,airborne laser,17,116038,51708,https://cyberjapandata.gsi.go.jp/xyz/dem1a_png/17/116038/51708.png,138.7078857,35.4673811,138.7106323,35.469618,candidate URL generated from official GSI tile scheme; existence/coverage not locally verified
DEM1A,~1 m,airborne laser,17,116038,51709,https://cyberjapandata.gsi.go.jp/xyz/dem1a_png/17/116038/51709.png,138.7078857,35.4651441,138.7106323,35.4673811,candidate URL generated from official GSI tile scheme; existence/coverage not locally verified
DEM1A,~1 m,airborne laser,17,116038,51710,https://cyberjapandata.gsi.go.jp/xyz/dem1a_png/17/116038/51710.png,138.7078857,35.462907,138.7106323,35.4651441,candidate URL generated from official GSI tile scheme; existence/coverage not locally verified
DEM1A,~1 m,airborne laser,17,116038,51711,https://cyberjapandata.gsi.go.jp/xyz/dem1a_png/17/116038/51711.png,138.7078857,35.46067,138.7106323,35.462907,candidate URL generated from official GSI tile scheme; existence/coverage not locally verified
DEM1A,~1 m,airborne laser,17,116038,51712,https://cyberjapandata.gsi.go.jp/xyz/dem1a_png/17/116038/51712.png,138.7078857,35.4584328,138.7106323,35.46067,candidate URL generated from official GSI tile scheme; existence/coverage not locally verified
DEM1A,~1 m,airborne laser,17,116038,51713,https://cyberjapandata.gsi.go.jp/xyz/dem1a_png/17/116038/51713.png,138.7078857,35.4561956,138.7106323,35.4584328,candidate URL generated from official GSI tile scheme; existence/coverage not locally verified
DEM1A,~1 m,airborne laser,17,116038,51714,https://cyberjapandata.gsi.go.jp/xyz/dem1a_png/17/116038/51714.png,138.7078857,35.4539583,138.7106323,35.4561956,candidate URL generated from official GSI tile scheme; existence/coverage not locally verified
DEM1A,~1 m,airborne laser,17,116038,51715,https://cyberjapandata.gsi.go.jp/xyz/dem1a_png/17/116038/51715.png,138.7078857,35.4517209,138.7106323,35.4539583,candidate URL generated from official GSI tile scheme; existence/coverage not locally verified
DEM1A,~1 m,airborne laser,17,116038,51716,https://cyberjapandata.gsi.go.jp/xyz/dem1a_png/17/116038/51716.png,138.7078857,35.4494835,138.7106323,35.4517209,candidate URL generated from official GSI tile scheme; existence/coverage not locally verified
DEM1A,~1 m,airborne laser,17,116038,51717,https://cyberjapandata.gsi.go.jp/xyz/dem1a_png/17/116038/51717.png,138.7078857,35.4472461,138.7106323,35.4494835,candidate URL generated from official GSI tile scheme; existence/coverage not locally verified
DEM1A,~1 m,airborne laser,17,116038,51718,https://cyberjapandata.gsi.go.jp/xyz/dem1a_png/17/116038/51718.png,138.7078857,35.4450085,138.7106323,35.4472461,candidate URL generated from official GSI tile scheme; existence/coverage not locally verified
DEM1A,~1 m,airborne laser,17,116038,51719,https://cyberjapandata.gsi.go.jp/xyz/dem1a_png/17/116038/51719.png,138.7078857,35.4427709,138.7106323,35.4450085,candidate URL generated from official GSI tile scheme; existence/coverage not locally verified
DEM1A,~1 m,airborne laser,17,116038,51720,https://cyberjapandata.gsi.go.jp/xyz/dem1a_png/17/116038/51720.png,138.7078857,35.4405333,138.7106323,35.4427709,candidate URL generated from official GSI tile scheme; existence/coverage not locally verified
DEM1A,~1 m,airborne laser,17,116038,51721,https://cyberjapandata.gsi.go.jp/xyz/dem1a_png/17/116038/51721.png,138.7078857,35.4382955,138.7106323,35.4405333,candidate URL generated from official GSI tile scheme; existence/coverage not locally verified
DEM1A,~1 m,airborne laser,17,116038,51722,https://cyberjapandata.gsi.go.jp/xyz/dem1a_png/17/116038/51722.png,138.7078857,35.4360578,138.7106323,35.4382955,candidate URL generated from official GSI tile scheme; existence/coverage not locally verified
DEM1A,~1 m,airborne laser,17,116038,51723,https://cyberjapandata.gsi.go.jp/xyz/dem1a_png/17/116038/51723.png,138.7078857,35.4338199,138.7106323,35.4360578,candidate URL generated from official GSI tile scheme; existence/coverage not locally verified
DEM1A,~1 m,airborne laser,17,116038,51724,https://cyberjapandata.gsi.go.jp/xyz/dem1a_png/17/116038/51724.png,138.7078857,35.431582,138.7106323,35.4338199,candidate URL generated from official GSI tile scheme; existence/coverage not locally verified
DEM1A,~1 m,airborne laser,17,116038,51725,https://cyberjapandata.gsi.go.jp/xyz/dem1a_png/17/116038/51725.png,138.7078857,35.429344,138.7106323,35.431582,candidate URL generated from official GSI tile scheme; existence/coverage not locally verified
DEM1A,~1 m,airborne laser,17,116039,51680,https://cyberjapandata.gsi.go.jp/xyz/dem1a_png/17/116039/51680.png,138.7106323,35.5299911,138.7133789,35.5322262,candidate URL generated from official GSI tile scheme; existence/coverage not locally verified
DEM1A,~1 m,airborne laser,17,116039,51681,https://cyberjapandata.gsi.go.jp/xyz/dem1a_png/17/116039/51681.png,138.7106323,35.5277558,138.7133789,35.5299911,candidate URL generated from official GSI tile scheme; existence/coverage not locally verified
DEM1A,~1 m,airborne laser,17,116039,51682,https://cyberjapandata.gsi.go.jp/xyz/dem1a_png/17/116039/51682.png,138.7106323,35.5255205,138.7133789,35.5277558,candidate URL generated from official GSI tile scheme; existence/coverage not locally verified
DEM1A,~1 m,airborne laser,17,116039,51683,https://cyberjapandata.gsi.go.jp/xyz/dem1a_png/17/116039/51683.png,138.7106323,35.5232852,138.7133789,35.5255205,candidate URL generated from official GSI tile scheme; existence/coverage not locally verified
DEM1A,~1 m,airborne laser,17,116039,51684,https://cyberjapandata.gsi.go.jp/xyz/dem1a_png/17/116039/51684.png,138.7106323,35.5210498,138.7133789,35.5232852,candidate URL generated from official GSI tile scheme; existence/coverage not locally verified
DEM1A,~1 m,airborne laser,17,116039,51685,https://cyberjapandata.gsi.go.jp/xyz/dem1a_png/17/116039/51685.png,138.7106323,35.5188143,138.7133789,35.5210498,candidate URL generated from official GSI tile scheme; existence/coverage not locally verified
DEM1A,~1 m,airborne laser,17,116039,51686,https://cyberjapandata.gsi.go.jp/xyz/dem1a_png/17/116039/51686.png,138.7106323,35.5165787,138.7133789,35.5188143,candidate URL generated from official GSI tile scheme; existence/coverage not locally verified
DEM1A,~1 m,airborne laser,17,116039,51687,https://cyberjapandata.gsi.go.jp/xyz/dem1a_png/17/116039/51687.png,138.7106323,35.5143431,138.7133789,35.5165787,candidate URL generated from official GSI tile scheme; existence/coverage not locally verified
DEM1A,~1 m,airborne laser,17,116039,51688,https://cyberjapandata.gsi.go.jp/xyz/dem1a_png/17/116039/51688.png,138.7106323,35.5121075,138.7133789,35.5143431,candidate URL generated from official GSI tile scheme; existence/coverage not locally verified
DEM1A,~1 m,airborne laser,17,116039,51689,https://cyberjapandata.gsi.go.jp/xyz/dem1a_png/17/116039/51689.png,138.7106323,35.5098717,138.7133789,35.5121075,candidate URL generated from official GSI tile scheme; existence/coverage not locally verified
DEM1A,~1 m,airborne laser,17,116039,51690,https://cyberjapandata.gsi.go.jp/xyz/dem1a_png/17/116039/51690.png,138.7106323,35.5076359,138.7133789,35.5098717,candidate URL generated from official GSI tile scheme; existence/coverage not locally verified
DEM1A,~1 m,airborne laser,17,116039,51691,https://cyberjapandata.gsi.go.jp/xyz/dem1a_png/17/116039/51691.png,138.7106323,35.5054001,138.7133789,35.5076359,candidate URL generated from official GSI tile scheme; existence/coverage not locally verified
DEM1A,~1 m,airborne laser,17,116039,51692,https://cyberjapandata.gsi.go.jp/xyz/dem1a_png/17/116039/51692.png,138.7106323,35.5031642,138.7133789,35.5054001,candidate URL generated from official GSI tile scheme; existence/coverage not locally verified
DEM1A,~1 m,airborne laser,17,116039,51693,https://cyberjapandata.gsi.go.jp/xyz/dem1a_png/17/116039/51693.png,138.7106323,35.5009282,138.7133789,35.5031642,candidate URL generated from official GSI tile scheme; existence/coverage not locally verified
DEM1A,~1 m,airborne laser,17,116039,51694,https://cyberjapandata.gsi.go.jp/xyz/dem1a_png/17/116039/51694.png,138.7106323,35.4986922,138.7133789,35.5009282,candidate URL generated from official GSI tile scheme; existence/coverage not locally verified
DEM1A,~1 m,airborne laser,17,116039,51695,https://cyberjapandata.gsi.go.jp/xyz/dem1a_png/17/116039/51695.png,138.7106323,35.4964561,138.7133789,35.4986922,candidate URL generated from official GSI tile scheme; existence/coverage not locally verified
DEM1A,~1 m,airborne laser,17,116039,51696,https://cyberjapandata.gsi.go.jp/xyz/dem1a_png/17/116039/51696.png,138.7106323,35.4942199,138.7133789,35.4964561,candidate URL generated from official GSI tile scheme; existence/coverage not locally verified
DEM1A,~1 m,airborne laser,17,116039,51697,https://cyberjapandata.gsi.go.jp/xyz/dem1a_png/17/116039/51697.png,138.7106323,35.4919837,138.7133789,35.4942199,candidate URL generated from official GSI tile scheme; existence/coverage not locally verified
DEM1A,~1 m,airborne laser,17,116039,51698,https://cyberjapandata.gsi.go.jp/xyz/dem1a_png/17/116039/51698.png,138.7106323,35.4897474,138.7133789,35.4919837,candidate URL generated from official GSI tile scheme; existence/coverage not locally verified
DEM1A,~1 m,airborne laser,17,116039,51699,https://cyberjapandata.gsi.go.jp/xyz/dem1a_png/17/116039/51699.png,138.7106323,35.487511,138.7133789,35.4897474,candidate URL generated from official GSI tile scheme; existence/coverage not locally verified
DEM1A,~1 m,airborne laser,17,116039,51700,https://cyberjapandata.gsi.go.jp/xyz/dem1a_png/17/116039/51700.png,138.7106323,35.4852746,138.7133789,35.487511,candidate URL generated from official GSI tile scheme; existence/coverage not locally verified
DEM1A,~1 m,airborne laser,17,116039,51701,https://cyberjapandata.gsi.go.jp/xyz/dem1a_png/17/116039/51701.png,138.7106323,35.4830381,138.7133789,35.4852746,candidate URL generated from official GSI tile scheme; existence/coverage not locally verified
DEM1A,~1 m,airborne laser,17,116039,51702,https://cyberjapandata.gsi.go.jp/xyz/dem1a_png/17/116039/51702.png,138.7106323,35.4808016,138.7133789,35.4830381,candidate URL generated from official GSI tile scheme; existence/coverage not locally verified
DEM1A,~1 m,airborne laser,17,116039,51703,https://cyberjapandata.gsi.go.jp/xyz/dem1a_png/17/116039/51703.png,138.7106323,35.478565,138.7133789,35.4808016,candidate URL generated from official GSI tile scheme; existence/coverage not locally verified
DEM1A,~1 m,airborne laser,17,116039,51704,https://cyberjapandata.gsi.go.jp/xyz/dem1a_png/17/116039/51704.png,138.7106323,35.4763283,138.7133789,35.478565,candidate URL generated from official GSI tile scheme; existence/coverage not locally verified
DEM1A,~1 m,airborne laser,17,116039,51705,https://cyberjapandata.gsi.go.jp/xyz/dem1a_png/17/116039/51705.png,138.7106323,35.4740916,138.7133789,35.4763283,candidate URL generated from official GSI tile scheme; existence/coverage not locally verified
DEM1A,~1 m,airborne laser,17,116039,51706,https://cyberjapandata.gsi.go.jp/xyz/dem1a_png/17/116039/51706.png,138.7106323,35.4718548,138.7133789,35.4740916,candidate URL generated from official GSI tile scheme; existence/coverage not locally verified
DEM1A,~1 m,airborne laser,17,116039,51707,https://cyberjapandata.gsi.go.jp/xyz/dem1a_png/17/116039/51707.png,138.7106323,35.469618,138.7133789,35.4718548,candidate URL generated from official GSI tile scheme; existence/coverage not locally verified
DEM1A,~1 m,airborne laser,17,116039,51708,https://cyberjapandata.gsi.go.jp/xyz/dem1a_png/17/116039/51708.png,138.7106323,35.4673811,138.7133789,35.469618,candidate URL generated from official GSI tile scheme; existence/coverage not locally verified
DEM1A,~1 m,airborne laser,17,116039,51709,https://cyberjapandata.gsi.go.jp/xyz/dem1a_png/17/116039/51709.png,138.7106323,35.4651441,138.7133789,35.4673811,candidate URL generated from official GSI tile scheme; existence/coverage not locally verified
DEM1A,~1 m,airborne laser,17,116039,51710,https://cyberjapandata.gsi.go.jp/xyz/dem1a_png/17/116039/51710.png,138.7106323,35.462907,138.7133789,35.4651441,candidate URL generated from official GSI tile scheme; existence/coverage not locally verified
DEM1A,~1 m,airborne laser,17,116039,51711,https://cyberjapandata.gsi.go.jp/xyz/dem1a_png/17/116039/51711.png,138.7106323,35.46067,138.7133789,35.462907,candidate URL generated from official GSI tile scheme; existence/coverage not locally verified
DEM1A,~1 m,airborne laser,17,116039,51712,https://cyberjapandata.gsi.go.jp/xyz/dem1a_png/17/116039/51712.png,138.7106323,35.4584328,138.7133789,35.46067,candidate URL generated from official GSI tile scheme; existence/coverage not locally verified
DEM1A,~1 m,airborne laser,17,116039,51713,https://cyberjapandata.gsi.go.jp/xyz/dem1a_png/17/116039/51713.png,138.7106323,35.4561956,138.7133789,35.4584328,candidate URL generated from official GSI tile scheme; existence/coverage not locally verified
DEM1A,~1 m,airborne laser,17,116039,51714,https://cyberjapandata.gsi.go.jp/xyz/dem1a_png/17/116039/51714.png,138.7106323,35.4539583,138.7133789,35.4561956,candidate URL generated from official GSI tile scheme; existence/coverage not locally verified
DEM1A,~1 m,airborne laser,17,116039,51715,https://cyberjapandata.gsi.go.jp/xyz/dem1a_png/17/116039/51715.png,138.7106323,35.4517209,138.7133789,35.4539583,candidate URL generated from official GSI tile scheme; existence/coverage not locally verified
DEM1A,~1 m,airborne laser,17,116039,51716,https://cyberjapandata.gsi.go.jp/xyz/dem1a_png/17/116039/51716.png,138.7106323,35.4494835,138.7133789,35.4517209,candidate URL generated from official GSI tile scheme; existence/coverage not locally verified
DEM1A,~1 m,airborne laser,17,116039,51717,https://cyberjapandata.gsi.go.jp/xyz/dem1a_png/17/116039/51717.png,138.7106323,35.4472461,138.7133789,35.4494835,candidate URL generated from official GSI tile scheme; existence/coverage not locally verified
DEM1A,~1 m,airborne laser,17,116039,51718,https://cyberjapandata.gsi.go.jp/xyz/dem1a_png/17/116039/51718.png,138.7106323,35.4450085,138.7133789,35.4472461,candidate URL generated from official GSI tile scheme; existence/coverage not locally verified
DEM1A,~1 m,airborne laser,17,116039,51719,https://cyberjapandata.gsi.go.jp/xyz/dem1a_png/17/116039/51719.png,138.7106323,35.4427709,138.7133789,35.4450085,candidate URL generated from official GSI tile scheme; existence/coverage not locally verified
DEM1A,~1 m,airborne laser,17,116039,51720,https://cyberjapandata.gsi.go.jp/xyz/dem1a_png/17/116039/51720.png,138.7106323,35.4405333,138.7133789,35.4427709,candidate URL generated from official GSI tile scheme; existence/coverage not locally verified
DEM1A,~1 m,airborne laser,17,116039,51721,https://cyberjapandata.gsi.go.jp/xyz/dem1a_png/17/116039/51721.png,138.7106323,35.4382955,138.7133789,35.4405333,candidate URL generated from official GSI tile scheme; existence/coverage not locally verified
DEM1A,~1 m,airborne laser,17,116039,51722,https://cyberjapandata.gsi.go.jp/xyz/dem1a_png/17/116039/51722.png,138.7106323,35.4360578,138.7133789,35.4382955,candidate URL generated from official GSI tile scheme; existence/coverage not locally verified
DEM1A,~1 m,airborne laser,17,116039,51723,https://cyberjapandata.gsi.go.jp/xyz/dem1a_png/17/116039/51723.png,138.7106323,35.4338199,138.7133789,35.4360578,candidate URL generated from official GSI tile scheme; existence/coverage not locally verified
DEM1A,~1 m,airborne laser,17,116039,51724,https://cyberjapandata.gsi.go.jp/xyz/dem1a_png/17/116039/51724.png,138.7106323,35.431582,138.7133789,35.4338199,candidate URL generated from official GSI tile scheme; existence/coverage not locally verified
DEM1A,~1 m,airborne laser,17,116039,51725,https://cyberjapandata.gsi.go.jp/xyz/dem1a_png/17/116039/51725.png,138.7106323,35.429344,138.7133789,35.431582,candidate URL generated from official GSI tile scheme; existence/coverage not locally verified
DEM1A,~1 m,airborne laser,17,116040,51680,https://cyberjapandata.gsi.go.jp/xyz/dem1a_png/17/116040/51680.png,138.7133789,35.5299911,138.7161255,35.5322262,candidate URL generated from official GSI tile scheme; existence/coverage not locally verified
DEM1A,~1 m,airborne laser,17,116040,51681,https://cyberjapandata.gsi.go.jp/xyz/dem1a_png/17/116040/51681.png,138.7133789,35.5277558,138.7161255,35.5299911,candidate URL generated from official GSI tile scheme; existence/coverage not locally verified
DEM1A,~1 m,airborne laser,17,116040,51682,https://cyberjapandata.gsi.go.jp/xyz/dem1a_png/17/116040/51682.png,138.7133789,35.5255205,138.7161255,35.5277558,candidate URL generated from official GSI tile scheme; existence/coverage not locally verified
DEM1A,~1 m,airborne laser,17,116040,51683,https://cyberjapandata.gsi.go.jp/xyz/dem1a_png/17/116040/51683.png,138.7133789,35.5232852,138.7161255,35.5255205,candidate URL generated from official GSI tile scheme; existence/coverage not locally verified
DEM1A,~1 m,airborne laser,17,116040,51684,https://cyberjapandata.gsi.go.jp/xyz/dem1a_png/17/116040/51684.png,138.7133789,35.5210498,138.7161255,35.5232852,candidate URL generated from official GSI tile scheme; existence/coverage not locally verified
DEM1A,~1 m,airborne laser,17,116040,51685,https://cyberjapandata.gsi.go.jp/xyz/dem1a_png/17/116040/51685.png,138.7133789,35.5188143,138.7161255,35.5210498,candidate URL generated from official GSI tile scheme; existence/coverage not locally verified
DEM1A,~1 m,airborne laser,17,116040,51686,https://cyberjapandata.gsi.go.jp/xyz/dem1a_png/17/116040/51686.png,138.7133789,35.5165787,138.7161255,35.5188143,candidate URL generated from official GSI tile scheme; existence/coverage not locally verified
DEM1A,~1 m,airborne laser,17,116040,51687,https://cyberjapandata.gsi.go.jp/xyz/dem1a_png/17/116040/51687.png,138.7133789,35.5143431,138.7161255,35.5165787,candidate URL generated from official GSI tile scheme; existence/coverage not locally verified
DEM1A,~1 m,airborne laser,17,116040,51688,https://cyberjapandata.gsi.go.jp/xyz/dem1a_png/17/116040/51688.png,138.7133789,35.5121075,138.7161255,35.5143431,candidate URL generated from official GSI tile scheme; existence/coverage not locally verified
DEM1A,~1 m,airborne laser,17,116040,51689,https://cyberjapandata.gsi.go.jp/xyz/dem1a_png/17/116040/51689.png,138.7133789,35.5098717,138.7161255,35.5121075,candidate URL generated from official GSI tile scheme; existence/coverage not locally verified
DEM1A,~1 m,airborne laser,17,116040,51690,https://cyberjapandata.gsi.go.jp/xyz/dem1a_png/17/116040/51690.png,138.7133789,35.5076359,138.7161255,35.5098717,candidate URL generated from official GSI tile scheme; existence/coverage not locally verified
DEM1A,~1 m,airborne laser,17,116040,51691,https://cyberjapandata.gsi.go.jp/xyz/dem1a_png/17/116040/51691.png,138.7133789,35.5054001,138.7161255,35.5076359,candidate URL generated from official GSI tile scheme; existence/coverage not locally verified
DEM1A,~1 m,airborne laser,17,116040,51692,https://cyberjapandata.gsi.go.jp/xyz/dem1a_png/17/116040/51692.png,138.7133789,35.5031642,138.7161255,35.5054001,candidate URL generated from official GSI tile scheme; existence/coverage not locally verified
DEM1A,~1 m,airborne laser,17,116040,51693,https://cyberjapandata.gsi.go.jp/xyz/dem1a_png/17/116040/51693.png,138.7133789,35.5009282,138.7161255,35.5031642,candidate URL generated from official GSI tile scheme; existence/coverage not locally verified
DEM1A,~1 m,airborne laser,17,116040,51694,https://cyberjapandata.gsi.go.jp/xyz/dem1a_png/17/116040/51694.png,138.7133789,35.4986922,138.7161255,35.5009282,candidate URL generated from official GSI tile scheme; existence/coverage not locally verified
DEM1A,~1 m,airborne laser,17,116040,51695,https://cyberjapandata.gsi.go.jp/xyz/dem1a_png/17/116040/51695.png,138.7133789,35.4964561,138.7161255,35.4986922,candidate URL generated from official GSI tile scheme; existence/coverage not locally verified
DEM1A,~1 m,airborne laser,17,116040,51696,https://cyberjapandata.gsi.go.jp/xyz/dem1a_png/17/116040/51696.png,138.7133789,35.4942199,138.7161255,35.4964561,candidate URL generated from official GSI tile scheme; existence/coverage not locally verified
DEM1A,~1 m,airborne laser,17,116040,51697,https://cyberjapandata.gsi.go.jp/xyz/dem1a_png/17/116040/51697.png,138.7133789,35.4919837,138.7161255,35.4942199,candidate URL generated from official GSI tile scheme; existence/coverage not locally verified
DEM1A,~1 m,airborne laser,17,116040,51698,https://cyberjapandata.gsi.go.jp/xyz/dem1a_png/17/116040/51698.png,138.7133789,35.4897474,138.7161255,35.4919837,candidate URL generated from official GSI tile scheme; existence/coverage not locally verified
DEM1A,~1 m,airborne laser,17,116040,51699,https://cyberjapandata.gsi.go.jp/xyz/dem1a_png/17/116040/51699.png,138.7133789,35.487511,138.7161255,35.4897474,candidate URL generated from official GSI tile scheme; existence/coverage not locally verified
DEM1A,~1 m,airborne laser,17,116040,51700,https://cyberjapandata.gsi.go.jp/xyz/dem1a_png/17/116040/51700.png,138.7133789,35.4852746,138.7161255,35.487511,candidate URL generated from official GSI tile scheme; existence/coverage not locally verified
DEM1A,~1 m,airborne laser,17,116040,51701,https://cyberjapandata.gsi.go.jp/xyz/dem1a_png/17/116040/51701.png,138.7133789,35.4830381,138.7161255,35.4852746,candidate URL generated from official GSI tile scheme; existence/coverage not locally verified
DEM1A,~1 m,airborne laser,17,116040,51702,https://cyberjapandata.gsi.go.jp/xyz/dem1a_png/17/116040/51702.png,138.7133789,35.4808016,138.7161255,35.4830381,candidate URL generated from official GSI tile scheme; existence/coverage not locally verified
DEM1A,~1 m,airborne laser,17,116040,51703,https://cyberjapandata.gsi.go.jp/xyz/dem1a_png/17/116040/51703.png,138.7133789,35.478565,138.7161255,35.4808016,candidate URL generated from official GSI tile scheme; existence/coverage not locally verified
DEM1A,~1 m,airborne laser,17,116040,51704,https://cyberjapandata.gsi.go.jp/xyz/dem1a_png/17/116040/51704.png,138.7133789,35.4763283,138.7161255,35.478565,candidate URL generated from official GSI tile scheme; existence/coverage not locally verified
DEM1A,~1 m,airborne laser,17,116040,51705,https://cyberjapandata.gsi.go.jp/xyz/dem1a_png/17/116040/51705.png,138.7133789,35.4740916,138.7161255,35.4763283,candidate URL generated from official GSI tile scheme; existence/coverage not locally verified
DEM1A,~1 m,airborne laser,17,116040,51706,https://cyberjapandata.gsi.go.jp/xyz/dem1a_png/17/116040/51706.png,138.7133789,35.4718548,138.7161255,35.4740916,candidate URL generated from official GSI tile scheme; existence/coverage not locally verified
DEM1A,~1 m,airborne laser,17,116040,51707,https://cyberjapandata.gsi.go.jp/xyz/dem1a_png/17/116040/51707.png,138.7133789,35.469618,138.7161255,35.4718548,candidate URL generated from official GSI tile scheme; existence/coverage not locally verified
DEM1A,~1 m,airborne laser,17,116040,51708,https://cyberjapandata.gsi.go.jp/xyz/dem1a_png/17/116040/51708.png,138.7133789,35.4673811,138.7161255,35.469618,candidate URL generated from official GSI tile scheme; existence/coverage not locally verified
DEM1A,~1 m,airborne laser,17,116040,51709,https://cyberjapandata.gsi.go.jp/xyz/dem1a_png/17/116040/51709.png,138.7133789,35.4651441,138.7161255,35.4673811,candidate URL generated from official GSI tile scheme; existence/coverage not locally verified
DEM1A,~1 m,airborne laser,17,116040,51710,https://cyberjapandata.gsi.go.jp/xyz/dem1a_png/17/116040/51710.png,138.7133789,35.462907,138.7161255,35.4651441,candidate URL generated from official GSI tile scheme; existence/coverage not locally verified
DEM1A,~1 m,airborne laser,17,116040,51711,https://cyberjapandata.gsi.go.jp/xyz/dem1a_png/17/116040/51711.png,138.7133789,35.46067,138.7161255,35.462907,candidate URL generated from official GSI tile scheme; existence/coverage not locally verified
DEM1A,~1 m,airborne laser,17,116040,51712,https://cyberjapandata.gsi.go.jp/xyz/dem1a_png/17/116040/51712.png,138.7133789,35.4584328,138.7161255,35.46067,candidate URL generated from official GSI tile scheme; existence/coverage not locally verified
DEM1A,~1 m,airborne laser,17,116040,51713,https://cyberjapandata.gsi.go.jp/xyz/dem1a_png/17/116040/51713.png,138.7133789,35.4561956,138.7161255,35.4584328,candidate URL generated from official GSI tile scheme; existence/coverage not locally verified
DEM1A,~1 m,airborne laser,17,116040,51714,https://cyberjapandata.gsi.go.jp/xyz/dem1a_png/17/116040/51714.png,138.7133789,35.4539583,138.7161255,35.4561956,candidate URL generated from official GSI tile scheme; existence/coverage not locally verified
DEM1A,~1 m,airborne laser,17,116040,51715,https://cyberjapandata.gsi.go.jp/xyz/dem1a_png/17/116040/51715.png,138.7133789,35.4517209,138.7161255,35.4539583,candidate URL generated from official GSI tile scheme; existence/coverage not locally verified
DEM1A,~1 m,airborne laser,17,116040,51716,https://cyberjapandata.gsi.go.jp/xyz/dem1a_png/17/116040/51716.png,138.7133789,35.4494835,138.7161255,35.4517209,candidate URL generated from official GSI tile scheme; existence/coverage not locally verified
DEM1A,~1 m,airborne laser,17,116040,51717,https://cyberjapandata.gsi.go.jp/xyz/dem1a_png/17/116040/51717.png,138.7133789,35.4472461,138.7161255,35.4494835,candidate URL generated from official GSI tile scheme; existence/coverage not locally verified
DEM1A,~1 m,airborne laser,17,116040,51718,https://cyberjapandata.gsi.go.jp/xyz/dem1a_png/17/116040/51718.png,138.7133789,35.4450085,138.7161255,35.4472461,candidate URL generated from official GSI tile scheme; existence/coverage not locally verified
DEM1A,~1 m,airborne laser,17,116040,51719,https://cyberjapandata.gsi.go.jp/xyz/dem1a_png/17/116040/51719.png,138.7133789,35.4427709,138.7161255,35.4450085,candidate URL generated from official GSI tile scheme; existence/coverage not locally verified
DEM1A,~1 m,airborne laser,17,116040,51720,https://cyberjapandata.gsi.go.jp/xyz/dem1a_png/17/116040/51720.png,138.7133789,35.4405333,138.7161255,35.4427709,candidate URL generated from official GSI tile scheme; existence/coverage not locally verified
DEM1A,~1 m,airborne laser,17,116040,51721,https://cyberjapandata.gsi.go.jp/xyz/dem1a_png/17/116040/51721.png,138.7133789,35.4382955,138.7161255,35.4405333,candidate URL generated from official GSI tile scheme; existence/coverage not locally verified
DEM1A,~1 m,airborne laser,17,116040,51722,https://cyberjapandata.gsi.go.jp/xyz/dem1a_png/17/116040/51722.png,138.7133789,35.4360578,138.7161255,35.4382955,candidate URL generated from official GSI tile scheme; existence/coverage not locally verified
DEM1A,~1 m,airborne laser,17,116040,51723,https://cyberjapandata.gsi.go.jp/xyz/dem1a_png/17/116040/51723.png,138.7133789,35.4338199,138.7161255,35.4360578,candidate URL generated from official GSI tile scheme; existence/coverage not locally verified
DEM1A,~1 m,airborne laser,17,116040,51724,https://cyberjapandata.gsi.go.jp/xyz/dem1a_png/17/116040/51724.png,138.7133789,35.431582,138.7161255,35.4338199,candidate URL generated from official GSI tile scheme; existence/coverage not locally verified
DEM1A,~1 m,airborne laser,17,116040,51725,https://cyberjapandata.gsi.go.jp/xyz/dem1a_png/17/116040/51725.png,138.7133789,35.429344,138.7161255,35.431582,candidate URL generated from official GSI tile scheme; existence/coverage not locally verified
DEM1A,~1 m,airborne laser,17,116041,51680,https://cyberjapandata.gsi.go.jp/xyz/dem1a_png/17/116041/51680.png,138.7161255,35.5299911,138.7188721,35.5322262,candidate URL generated from official GSI tile scheme; existence/coverage not locally verified
DEM1A,~1 m,airborne laser,17,116041,51681,https://cyberjapandata.gsi.go.jp/xyz/dem1a_png/17/116041/51681.png,138.7161255,35.5277558,138.7188721,35.5299911,candidate URL generated from official GSI tile scheme; existence/coverage not locally verified
DEM1A,~1 m,airborne laser,17,116041,51682,https://cyberjapandata.gsi.go.jp/xyz/dem1a_png/17/116041/51682.png,138.7161255,35.5255205,138.7188721,35.5277558,candidate URL generated from official GSI tile scheme; existence/coverage not locally verified
DEM1A,~1 m,airborne laser,17,116041,51683,https://cyberjapandata.gsi.go.jp/xyz/dem1a_png/17/116041/51683.png,138.7161255,35.5232852,138.7188721,35.5255205,candidate URL generated from official GSI tile scheme; existence/coverage not locally verified
DEM1A,~1 m,airborne laser,17,116041,51684,https://cyberjapandata.gsi.go.jp/xyz/dem1a_png/17/116041/51684.png,138.7161255,35.5210498,138.7188721,35.5232852,candidate URL generated from official GSI tile scheme; existence/coverage not locally verified
DEM1A,~1 m,airborne laser,17,116041,51685,https://cyberjapandata.gsi.go.jp/xyz/dem1a_png/17/116041/51685.png,138.7161255,35.5188143,138.7188721,35.5210498,candidate URL generated from official GSI tile scheme; existence/coverage not locally verified
DEM1A,~1 m,airborne laser,17,116041,51686,https://cyberjapandata.gsi.go.jp/xyz/dem1a_png/17/116041/51686.png,138.7161255,35.5165787,138.7188721,35.5188143,candidate URL generated from official GSI tile scheme; existence/coverage not locally verified
DEM1A,~1 m,airborne laser,17,116041,51687,https://cyberjapandata.gsi.go.jp/xyz/dem1a_png/17/116041/51687.png,138.7161255,35.5143431,138.7188721,35.5165787,candidate URL generated from official GSI tile scheme; existence/coverage not locally verified
DEM1A,~1 m,airborne laser,17,116041,51688,https://cyberjapandata.gsi.go.jp/xyz/dem1a_png/17/116041/51688.png,138.7161255,35.5121075,138.7188721,35.5143431,candidate URL generated from official GSI tile scheme; existence/coverage not locally verified
DEM1A,~1 m,airborne laser,17,116041,51689,https://cyberjapandata.gsi.go.jp/xyz/dem1a_png/17/116041/51689.png,138.7161255,35.5098717,138.7188721,35.5121075,candidate URL generated from official GSI tile scheme; existence/coverage not locally verified
DEM1A,~1 m,airborne laser,17,116041,51690,https://cyberjapandata.gsi.go.jp/xyz/dem1a_png/17/116041/51690.png,138.7161255,35.5076359,138.7188721,35.5098717,candidate URL generated from official GSI tile scheme; existence/coverage not locally verified
DEM1A,~1 m,airborne laser,17,116041,51691,https://cyberjapandata.gsi.go.jp/xyz/dem1a_png/17/116041/51691.png,138.7161255,35.5054001,138.7188721,35.5076359,candidate URL generated from official GSI tile scheme; existence/coverage not locally verified
DEM1A,~1 m,airborne laser,17,116041,51692,https://cyberjapandata.gsi.go.jp/xyz/dem1a_png/17/116041/51692.png,138.7161255,35.5031642,138.7188721,35.5054001,candidate URL generated from official GSI tile scheme; existence/coverage not locally verified
DEM1A,~1 m,airborne laser,17,116041,51693,https://cyberjapandata.gsi.go.jp/xyz/dem1a_png/17/116041/51693.png,138.7161255,35.5009282,138.7188721,35.5031642,candidate URL generated from official GSI tile scheme; existence/coverage not locally verified
DEM1A,~1 m,airborne laser,17,116041,51694,https://cyberjapandata.gsi.go.jp/xyz/dem1a_png/17/116041/51694.png,138.7161255,35.4986922,138.7188721,35.5009282,candidate URL generated from official GSI tile scheme; existence/coverage not locally verified
DEM1A,~1 m,airborne laser,17,116041,51695,https://cyberjapandata.gsi.go.jp/xyz/dem1a_png/17/116041/51695.png,138.7161255,35.4964561,138.7188721,35.4986922,candidate URL generated from official GSI tile scheme; existence/coverage not locally verified
DEM1A,~1 m,airborne laser,17,116041,51696,https://cyberjapandata.gsi.go.jp/xyz/dem1a_png/17/116041/51696.png,138.7161255,35.4942199,138.7188721,35.4964561,candidate URL generated from official GSI tile scheme; existence/coverage not locally verified
DEM1A,~1 m,airborne laser,17,116041,51697,https://cyberjapandata.gsi.go.jp/xyz/dem1a_png/17/116041/51697.png,138.7161255,35.4919837,138.7188721,35.4942199,candidate URL generated from official GSI tile scheme; existence/coverage not locally verified
DEM1A,~1 m,airborne laser,17,116041,51698,https://cyberjapandata.gsi.go.jp/xyz/dem1a_png/17/116041/51698.png,138.7161255,35.4897474,138.7188721,35.4919837,candidate URL generated from official GSI tile scheme; existence/coverage not locally verified
DEM1A,~1 m,airborne laser,17,116041,51699,https://cyberjapandata.gsi.go.jp/xyz/dem1a_png/17/116041/51699.png,138.7161255,35.487511,138.7188721,35.4897474,candidate URL generated from official GSI tile scheme; existence/coverage not locally verified
DEM1A,~1 m,airborne laser,17,116041,51700,https://cyberjapandata.gsi.go.jp/xyz/dem1a_png/17/116041/51700.png,138.7161255,35.4852746,138.7188721,35.487511,candidate URL generated from official GSI tile scheme; existence/coverage not locally verified
DEM1A,~1 m,airborne laser,17,116041,51701,https://cyberjapandata.gsi.go.jp/xyz/dem1a_png/17/116041/51701.png,138.7161255,35.4830381,138.7188721,35.4852746,candidate URL generated from official GSI tile scheme; existence/coverage not locally verified
DEM1A,~1 m,airborne laser,17,116041,51702,https://cyberjapandata.gsi.go.jp/xyz/dem1a_png/17/116041/51702.png,138.7161255,35.4808016,138.7188721,35.4830381,candidate URL generated from official GSI tile scheme; existence/coverage not locally verified
DEM1A,~1 m,airborne laser,17,116041,51703,https://cyberjapandata.gsi.go.jp/xyz/dem1a_png/17/116041/51703.png,138.7161255,35.478565,138.7188721,35.4808016,candidate URL generated from official GSI tile scheme; existence/coverage not locally verified
DEM1A,~1 m,airborne laser,17,116041,51704,https://cyberjapandata.gsi.go.jp/xyz/dem1a_png/17/116041/51704.png,138.7161255,35.4763283,138.7188721,35.478565,candidate URL generated from official GSI tile scheme; existence/coverage not locally verified
DEM1A,~1 m,airborne laser,17,116041,51705,https://cyberjapandata.gsi.go.jp/xyz/dem1a_png/17/116041/51705.png,138.7161255,35.4740916,138.7188721,35.4763283,candidate URL generated from official GSI tile scheme; existence/coverage not locally verified
DEM1A,~1 m,airborne laser,17,116041,51706,https://cyberjapandata.gsi.go.jp/xyz/dem1a_png/17/116041/51706.png,138.7161255,35.4718548,138.7188721,35.4740916,candidate URL generated from official GSI tile scheme; existence/coverage not locally verified
DEM1A,~1 m,airborne laser,17,116041,51707,https://cyberjapandata.gsi.go.jp/xyz/dem1a_png/17/116041/51707.png,138.7161255,35.469618,138.7188721,35.4718548,candidate URL generated from official GSI tile scheme; existence/coverage not locally verified
DEM1A,~1 m,airborne laser,17,116041,51708,https://cyberjapandata.gsi.go.jp/xyz/dem1a_png/17/116041/51708.png,138.7161255,35.4673811,138.7188721,35.469618,candidate URL generated from official GSI tile scheme; existence/coverage not locally verified
DEM1A,~1 m,airborne laser,17,116041,51709,https://cyberjapandata.gsi.go.jp/xyz/dem1a_png/17/116041/51709.png,138.7161255,35.4651441,138.7188721,35.4673811,candidate URL generated from official GSI tile scheme; existence/coverage not locally verified
DEM1A,~1 m,airborne laser,17,116041,51710,https://cyberjapandata.gsi.go.jp/xyz/dem1a_png/17/116041/51710.png,138.7161255,35.462907,138.7188721,35.4651441,candidate URL generated from official GSI tile scheme; existence/coverage not locally verified
DEM1A,~1 m,airborne laser,17,116041,51711,https://cyberjapandata.gsi.go.jp/xyz/dem1a_png/17/116041/51711.png,138.7161255,35.46067,138.7188721,35.462907,candidate URL generated from official GSI tile scheme; existence/coverage not locally verified
DEM1A,~1 m,airborne laser,17,116041,51712,https://cyberjapandata.gsi.go.jp/xyz/dem1a_png/17/116041/51712.png,138.7161255,35.4584328,138.7188721,35.46067,candidate URL generated from official GSI tile scheme; existence/coverage not locally verified
DEM1A,~1 m,airborne laser,17,116041,51713,https://cyberjapandata.gsi.go.jp/xyz/dem1a_png/17/116041/51713.png,138.7161255,35.4561956,138.7188721,35.4584328,candidate URL generated from official GSI tile scheme; existence/coverage not locally verified
DEM1A,~1 m,airborne laser,17,116041,51714,https://cyberjapandata.gsi.go.jp/xyz/dem1a_png/17/116041/51714.png,138.7161255,35.4539583,138.7188721,35.4561956,candidate URL generated from official GSI tile scheme; existence/coverage not locally verified
DEM1A,~1 m,airborne laser,17,116041,51715,https://cyberjapandata.gsi.go.jp/xyz/dem1a_png/17/116041/51715.png,138.7161255,35.4517209,138.7188721,35.4539583,candidate URL generated from official GSI tile scheme; existence/coverage not locally verified
DEM1A,~1 m,airborne laser,17,116041,51716,https://cyberjapandata.gsi.go.jp/xyz/dem1a_png/17/116041/51716.png,138.7161255,35.4494835,138.7188721,35.4517209,candidate URL generated from official GSI tile scheme; existence/coverage not locally verified
DEM1A,~1 m,airborne laser,17,116041,51717,https://cyberjapandata.gsi.go.jp/xyz/dem1a_png/17/116041/51717.png,138.7161255,35.4472461,138.7188721,35.4494835,candidate URL generated from official GSI tile scheme; existence/coverage not locally verified
DEM1A,~1 m,airborne laser,17,116041,51718,https://cyberjapandata.gsi.go.jp/xyz/dem1a_png/17/116041/51718.png,138.7161255,35.4450085,138.7188721,35.4472461,candidate URL generated from official GSI tile scheme; existence/coverage not locally verified
DEM1A,~1 m,airborne laser,17,116041,51719,https://cyberjapandata.gsi.go.jp/xyz/dem1a_png/17/116041/51719.png,138.7161255,35.4427709,138.7188721,35.4450085,candidate URL generated from official GSI tile scheme; existence/coverage not locally verified
DEM1A,~1 m,airborne laser,17,116041,51720,https://cyberjapandata.gsi.go.jp/xyz/dem1a_png/17/116041/51720.png,138.7161255,35.4405333,138.7188721,35.4427709,candidate URL generated from official GSI tile scheme; existence/coverage not locally verified
DEM1A,~1 m,airborne laser,17,116041,51721,https://cyberjapandata.gsi.go.jp/xyz/dem1a_png/17/116041/51721.png,138.7161255,35.4382955,138.7188721,35.4405333,candidate URL generated from official GSI tile scheme; existence/coverage not locally verified
DEM1A,~1 m,airborne laser,17,116041,51722,https://cyberjapandata.gsi.go.jp/xyz/dem1a_png/17/116041/51722.png,138.7161255,35.4360578,138.7188721,35.4382955,candidate URL generated from official GSI tile scheme; existence/coverage not locally verified
DEM1A,~1 m,airborne laser,17,116041,51723,https://cyberjapandata.gsi.go.jp/xyz/dem1a_png/17/116041/51723.png,138.7161255,35.4338199,138.7188721,35.4360578,candidate URL generated from official GSI tile scheme; existence/coverage not locally verified
DEM1A,~1 m,airborne laser,17,116041,51724,https://cyberjapandata.gsi.go.jp/xyz/dem1a_png/17/116041/51724.png,138.7161255,35.431582,138.7188721,35.4338199,candidate URL generated from official GSI tile scheme; existence/coverage not locally verified
DEM1A,~1 m,airborne laser,17,116041,51725,https://cyberjapandata.gsi.go.jp/xyz/dem1a_png/17/116041/51725.png,138.7161255,35.429344,138.7188721,35.431582,candidate URL generated from official GSI tile scheme; existence/coverage not locally verified
DEM1A,~1 m,airborne laser,17,116042,51680,https://cyberjapandata.gsi.go.jp/xyz/dem1a_png/17/116042/51680.png,138.7188721,35.5299911,138.7216187,35.5322262,candidate URL generated from official GSI tile scheme; existence/coverage not locally verified
DEM1A,~1 m,airborne laser,17,116042,51681,https://cyberjapandata.gsi.go.jp/xyz/dem1a_png/17/116042/51681.png,138.7188721,35.5277558,138.7216187,35.5299911,candidate URL generated from official GSI tile scheme; existence/coverage not locally verified
DEM1A,~1 m,airborne laser,17,116042,51682,https://cyberjapandata.gsi.go.jp/xyz/dem1a_png/17/116042/51682.png,138.7188721,35.5255205,138.7216187,35.5277558,candidate URL generated from official GSI tile scheme; existence/coverage not locally verified
DEM1A,~1 m,airborne laser,17,116042,51683,https://cyberjapandata.gsi.go.jp/xyz/dem1a_png/17/116042/51683.png,138.7188721,35.5232852,138.7216187,35.5255205,candidate URL generated from official GSI tile scheme; existence/coverage not locally verified
DEM1A,~1 m,airborne laser,17,116042,51684,https://cyberjapandata.gsi.go.jp/xyz/dem1a_png/17/116042/51684.png,138.7188721,35.5210498,138.7216187,35.5232852,candidate URL generated from official GSI tile scheme; existence/coverage not locally verified
DEM1A,~1 m,airborne laser,17,116042,51685,https://cyberjapandata.gsi.go.jp/xyz/dem1a_png/17/116042/51685.png,138.7188721,35.5188143,138.7216187,35.5210498,candidate URL generated from official GSI tile scheme; existence/coverage not locally verified
DEM1A,~1 m,airborne laser,17,116042,51686,https://cyberjapandata.gsi.go.jp/xyz/dem1a_png/17/116042/51686.png,138.7188721,35.5165787,138.7216187,35.5188143,candidate URL generated from official GSI tile scheme; existence/coverage not locally verified
DEM1A,~1 m,airborne laser,17,116042,51687,https://cyberjapandata.gsi.go.jp/xyz/dem1a_png/17/116042/51687.png,138.7188721,35.5143431,138.7216187,35.5165787,candidate URL generated from official GSI tile scheme; existence/coverage not locally verified
DEM1A,~1 m,airborne laser,17,116042,51688,https://cyberjapandata.gsi.go.jp/xyz/dem1a_png/17/116042/51688.png,138.7188721,35.5121075,138.7216187,35.5143431,candidate URL generated from official GSI tile scheme; existence/coverage not locally verified
DEM1A,~1 m,airborne laser,17,116042,51689,https://cyberjapandata.gsi.go.jp/xyz/dem1a_png/17/116042/51689.png,138.7188721,35.5098717,138.7216187,35.5121075,candidate URL generated from official GSI tile scheme; existence/coverage not locally verified
DEM1A,~1 m,airborne laser,17,116042,51690,https://cyberjapandata.gsi.go.jp/xyz/dem1a_png/17/116042/51690.png,138.7188721,35.5076359,138.7216187,35.5098717,candidate URL generated from official GSI tile scheme; existence/coverage not locally verified
DEM1A,~1 m,airborne laser,17,116042,51691,https://cyberjapandata.gsi.go.jp/xyz/dem1a_png/17/116042/51691.png,138.7188721,35.5054001,138.7216187,35.5076359,candidate URL generated from official GSI tile scheme; existence/coverage not locally verified
DEM1A,~1 m,airborne laser,17,116042,51692,https://cyberjapandata.gsi.go.jp/xyz/dem1a_png/17/116042/51692.png,138.7188721,35.5031642,138.7216187,35.5054001,candidate URL generated from official GSI tile scheme; existence/coverage not locally verified
DEM1A,~1 m,airborne laser,17,116042,51693,https://cyberjapandata.gsi.go.jp/xyz/dem1a_png/17/116042/51693.png,138.7188721,35.5009282,138.7216187,35.5031642,candidate URL generated from official GSI tile scheme; existence/coverage not locally verified
DEM1A,~1 m,airborne laser,17,116042,51694,https://cyberjapandata.gsi.go.jp/xyz/dem1a_png/17/116042/51694.png,138.7188721,35.4986922,138.7216187,35.5009282,candidate URL generated from official GSI tile scheme; existence/coverage not locally verified
DEM1A,~1 m,airborne laser,17,116042,51695,https://cyberjapandata.gsi.go.jp/xyz/dem1a_png/17/116042/51695.png,138.7188721,35.4964561,138.7216187,35.4986922,candidate URL generated from official GSI tile scheme; existence/coverage not locally verified
DEM1A,~1 m,airborne laser,17,116042,51696,https://cyberjapandata.gsi.go.jp/xyz/dem1a_png/17/116042/51696.png,138.7188721,35.4942199,138.7216187,35.4964561,candidate URL generated from official GSI tile scheme; existence/coverage not locally verified
DEM1A,~1 m,airborne laser,17,116042,51697,https://cyberjapandata.gsi.go.jp/xyz/dem1a_png/17/116042/51697.png,138.7188721,35.4919837,138.7216187,35.4942199,candidate URL generated from official GSI tile scheme; existence/coverage not locally verified
DEM1A,~1 m,airborne laser,17,116042,51698,https://cyberjapandata.gsi.go.jp/xyz/dem1a_png/17/116042/51698.png,138.7188721,35.4897474,138.7216187,35.4919837,candidate URL generated from official GSI tile scheme; existence/coverage not locally verified
DEM1A,~1 m,airborne laser,17,116042,51699,https://cyberjapandata.gsi.go.jp/xyz/dem1a_png/17/116042/51699.png,138.7188721,35.487511,138.7216187,35.4897474,candidate URL generated from official GSI tile scheme; existence/coverage not locally verified
DEM1A,~1 m,airborne laser,17,116042,51700,https://cyberjapandata.gsi.go.jp/xyz/dem1a_png/17/116042/51700.png,138.7188721,35.4852746,138.7216187,35.487511,candidate URL generated from official GSI tile scheme; existence/coverage not locally verified
DEM1A,~1 m,airborne laser,17,116042,51701,https://cyberjapandata.gsi.go.jp/xyz/dem1a_png/17/116042/51701.png,138.7188721,35.4830381,138.7216187,35.4852746,candidate URL generated from official GSI tile scheme; existence/coverage not locally verified
DEM1A,~1 m,airborne laser,17,116042,51702,https://cyberjapandata.gsi.go.jp/xyz/dem1a_png/17/116042/51702.png,138.7188721,35.4808016,138.7216187,35.4830381,candidate URL generated from official GSI tile scheme; existence/coverage not locally verified
DEM1A,~1 m,airborne laser,17,116042,51703,https://cyberjapandata.gsi.go.jp/xyz/dem1a_png/17/116042/51703.png,138.7188721,35.478565,138.7216187,35.4808016,candidate URL generated from official GSI tile scheme; existence/coverage not locally verified
DEM1A,~1 m,airborne laser,17,116042,51704,https://cyberjapandata.gsi.go.jp/xyz/dem1a_png/17/116042/51704.png,138.7188721,35.4763283,138.7216187,35.478565,candidate URL generated from official GSI tile scheme; existence/coverage not locally verified
DEM1A,~1 m,airborne laser,17,116042,51705,https://cyberjapandata.gsi.go.jp/xyz/dem1a_png/17/116042/51705.png,138.7188721,35.4740916,138.7216187,35.4763283,candidate URL generated from official GSI tile scheme; existence/coverage not locally verified
DEM1A,~1 m,airborne laser,17,116042,51706,https://cyberjapandata.gsi.go.jp/xyz/dem1a_png/17/116042/51706.png,138.7188721,35.4718548,138.7216187,35.4740916,candidate URL generated from official GSI tile scheme; existence/coverage not locally verified
DEM1A,~1 m,airborne laser,17,116042,51707,https://cyberjapandata.gsi.go.jp/xyz/dem1a_png/17/116042/51707.png,138.7188721,35.469618,138.7216187,35.4718548,candidate URL generated from official GSI tile scheme; existence/coverage not locally verified
DEM1A,~1 m,airborne laser,17,116042,51708,https://cyberjapandata.gsi.go.jp/xyz/dem1a_png/17/116042/51708.png,138.7188721,35.4673811,138.7216187,35.469618,candidate URL generated from official GSI tile scheme; existence/coverage not locally verified
DEM1A,~1 m,airborne laser,17,116042,51709,https://cyberjapandata.gsi.go.jp/xyz/dem1a_png/17/116042/51709.png,138.7188721,35.4651441,138.7216187,35.4673811,candidate URL generated from official GSI tile scheme; existence/coverage not locally verified
DEM1A,~1 m,airborne laser,17,116042,51710,https://cyberjapandata.gsi.go.jp/xyz/dem1a_png/17/116042/51710.png,138.7188721,35.462907,138.7216187,35.4651441,candidate URL generated from official GSI tile scheme; existence/coverage not locally verified
DEM1A,~1 m,airborne laser,17,116042,51711,https://cyberjapandata.gsi.go.jp/xyz/dem1a_png/17/116042/51711.png,138.7188721,35.46067,138.7216187,35.462907,candidate URL generated from official GSI tile scheme; existence/coverage not locally verified
DEM1A,~1 m,airborne laser,17,116042,51712,https://cyberjapandata.gsi.go.jp/xyz/dem1a_png/17/116042/51712.png,138.7188721,35.4584328,138.7216187,35.46067,candidate URL generated from official GSI tile scheme; existence/coverage not locally verified
DEM1A,~1 m,airborne laser,17,116042,51713,https://cyberjapandata.gsi.go.jp/xyz/dem1a_png/17/116042/51713.png,138.7188721,35.4561956,138.7216187,35.4584328,candidate URL generated from official GSI tile scheme; existence/coverage not locally verified
DEM1A,~1 m,airborne laser,17,116042,51714,https://cyberjapandata.gsi.go.jp/xyz/dem1a_png/17/116042/51714.png,138.7188721,35.4539583,138.7216187,35.4561956,candidate URL generated from official GSI tile scheme; existence/coverage not locally verified
DEM1A,~1 m,airborne laser,17,116042,51715,https://cyberjapandata.gsi.go.jp/xyz/dem1a_png/17/116042/51715.png,138.7188721,35.4517209,138.7216187,35.4539583,candidate URL generated from official GSI tile scheme; existence/coverage not locally verified
DEM1A,~1 m,airborne laser,17,116042,51716,https://cyberjapandata.gsi.go.jp/xyz/dem1a_png/17/116042/51716.png,138.7188721,35.4494835,138.7216187,35.4517209,candidate URL generated from official GSI tile scheme; existence/coverage not locally verified
DEM1A,~1 m,airborne laser,17,116042,51717,https://cyberjapandata.gsi.go.jp/xyz/dem1a_png/17/116042/51717.png,138.7188721,35.4472461,138.7216187,35.4494835,candidate URL generated from official GSI tile scheme; existence/coverage not locally verified
DEM1A,~1 m,airborne laser,17,116042,51718,https://cyberjapandata.gsi.go.jp/xyz/dem1a_png/17/116042/51718.png,138.7188721,35.4450085,138.7216187,35.4472461,candidate URL generated from official GSI tile scheme; existence/coverage not locally verified
DEM1A,~1 m,airborne laser,17,116042,51719,https://cyberjapandata.gsi.go.jp/xyz/dem1a_png/17/116042/51719.png,138.7188721,35.4427709,138.7216187,35.4450085,candidate URL generated from official GSI tile scheme; existence/coverage not locally verified
DEM1A,~1 m,airborne laser,17,116042,51720,https://cyberjapandata.gsi.go.jp/xyz/dem1a_png/17/116042/51720.png,138.7188721,35.4405333,138.7216187,35.4427709,candidate URL generated from official GSI tile scheme; existence/coverage not locally verified
DEM1A,~1 m,airborne laser,17,116042,51721,https://cyberjapandata.gsi.go.jp/xyz/dem1a_png/17/116042/51721.png,138.7188721,35.4382955,138.7216187,35.4405333,candidate URL generated from official GSI tile scheme; existence/coverage not locally verified
DEM1A,~1 m,airborne laser,17,116042,51722,https://cyberjapandata.gsi.go.jp/xyz/dem1a_png/17/116042/51722.png,138.7188721,35.4360578,138.7216187,35.4382955,candidate URL generated from official GSI tile scheme; existence/coverage not locally verified
DEM1A,~1 m,airborne laser,17,116042,51723,https://cyberjapandata.gsi.go.jp/xyz/dem1a_png/17/116042/51723.png,138.7188721,35.4338199,138.7216187,35.4360578,candidate URL generated from official GSI tile scheme; existence/coverage not locally verified
DEM1A,~1 m,airborne laser,17,116042,51724,https://cyberjapandata.gsi.go.jp/xyz/dem1a_png/17/116042/51724.png,138.7188721,35.431582,138.7216187,35.4338199,candidate URL generated from official GSI tile scheme; existence/coverage not locally verified
DEM1A,~1 m,airborne laser,17,116042,51725,https://cyberjapandata.gsi.go.jp/xyz/dem1a_png/17/116042/51725.png,138.7188721,35.429344,138.7216187,35.431582,candidate URL generated from official GSI tile scheme; existence/coverage not locally verified
DEM5A,~5 m,airborne laser,15,28995,12920,https://cyberjapandata.gsi.go.jp/xyz/dem5a_png/15/28995/12920.png,138.548584,35.5232852,138.5595703,35.5322262,candidate URL generated from official GSI tile scheme; existence/coverage not locally verified
DEM5A,~5 m,airborne laser,15,28995,12921,https://cyberjapandata.gsi.go.jp/xyz/dem5a_png/15/28995/12921.png,138.548584,35.5143431,138.5595703,35.5232852,candidate URL generated from official GSI tile scheme; existence/coverage not locally verified
DEM5A,~5 m,airborne laser,15,28995,12922,https://cyberjapandata.gsi.go.jp/xyz/dem5a_png/15/28995/12922.png,138.548584,35.5054001,138.5595703,35.5143431,candidate URL generated from official GSI tile scheme; existence/coverage not locally verified
DEM5A,~5 m,airborne laser,15,28995,12923,https://cyberjapandata.gsi.go.jp/xyz/dem5a_png/15/28995/12923.png,138.548584,35.4964561,138.5595703,35.5054001,candidate URL generated from official GSI tile scheme; existence/coverage not locally verified
DEM5A,~5 m,airborne laser,15,28995,12924,https://cyberjapandata.gsi.go.jp/xyz/dem5a_png/15/28995/12924.png,138.548584,35.487511,138.5595703,35.4964561,candidate URL generated from official GSI tile scheme; existence/coverage not locally verified
DEM5A,~5 m,airborne laser,15,28995,12925,https://cyberjapandata.gsi.go.jp/xyz/dem5a_png/15/28995/12925.png,138.548584,35.478565,138.5595703,35.487511,candidate URL generated from official GSI tile scheme; existence/coverage not locally verified
DEM5A,~5 m,airborne laser,15,28995,12926,https://cyberjapandata.gsi.go.jp/xyz/dem5a_png/15/28995/12926.png,138.548584,35.469618,138.5595703,35.478565,candidate URL generated from official GSI tile scheme; existence/coverage not locally verified
DEM5A,~5 m,airborne laser,15,28995,12927,https://cyberjapandata.gsi.go.jp/xyz/dem5a_png/15/28995/12927.png,138.548584,35.46067,138.5595703,35.469618,candidate URL generated from official GSI tile scheme; existence/coverage not locally verified
DEM5A,~5 m,airborne laser,15,28995,12928,https://cyberjapandata.gsi.go.jp/xyz/dem5a_png/15/28995/12928.png,138.548584,35.4517209,138.5595703,35.46067,candidate URL generated from official GSI tile scheme; existence/coverage not locally verified
DEM5A,~5 m,airborne laser,15,28995,12929,https://cyberjapandata.gsi.go.jp/xyz/dem5a_png/15/28995/12929.png,138.548584,35.4427709,138.5595703,35.4517209,candidate URL generated from official GSI tile scheme; existence/coverage not locally verified
DEM5A,~5 m,airborne laser,15,28995,12930,https://cyberjapandata.gsi.go.jp/xyz/dem5a_png/15/28995/12930.png,138.548584,35.4338199,138.5595703,35.4427709,candidate URL generated from official GSI tile scheme; existence/coverage not locally verified
DEM5A,~5 m,airborne laser,15,28995,12931,https://cyberjapandata.gsi.go.jp/xyz/dem5a_png/15/28995/12931.png,138.548584,35.4248679,138.5595703,35.4338199,candidate URL generated from official GSI tile scheme; existence/coverage not locally verified
DEM5A,~5 m,airborne laser,15,28996,12920,https://cyberjapandata.gsi.go.jp/xyz/dem5a_png/15/28996/12920.png,138.5595703,35.5232852,138.5705566,35.5322262,candidate URL generated from official GSI tile scheme; existence/coverage not locally verified
DEM5A,~5 m,airborne laser,15,28996,12921,https://cyberjapandata.gsi.go.jp/xyz/dem5a_png/15/28996/12921.png,138.5595703,35.5143431,138.5705566,35.5232852,candidate URL generated from official GSI tile scheme; existence/coverage not locally verified
DEM5A,~5 m,airborne laser,15,28996,12922,https://cyberjapandata.gsi.go.jp/xyz/dem5a_png/15/28996/12922.png,138.5595703,35.5054001,138.5705566,35.5143431,candidate URL generated from official GSI tile scheme; existence/coverage not locally verified
DEM5A,~5 m,airborne laser,15,28996,12923,https://cyberjapandata.gsi.go.jp/xyz/dem5a_png/15/28996/12923.png,138.5595703,35.4964561,138.5705566,35.5054001,candidate URL generated from official GSI tile scheme; existence/coverage not locally verified
DEM5A,~5 m,airborne laser,15,28996,12924,https://cyberjapandata.gsi.go.jp/xyz/dem5a_png/15/28996/12924.png,138.5595703,35.487511,138.5705566,35.4964561,candidate URL generated from official GSI tile scheme; existence/coverage not locally verified
DEM5A,~5 m,airborne laser,15,28996,12925,https://cyberjapandata.gsi.go.jp/xyz/dem5a_png/15/28996/12925.png,138.5595703,35.478565,138.5705566,35.487511,candidate URL generated from official GSI tile scheme; existence/coverage not locally verified
DEM5A,~5 m,airborne laser,15,28996,12926,https://cyberjapandata.gsi.go.jp/xyz/dem5a_png/15/28996/12926.png,138.5595703,35.469618,138.5705566,35.478565,candidate URL generated from official GSI tile scheme; existence/coverage not locally verified
DEM5A,~5 m,airborne laser,15,28996,12927,https://cyberjapandata.gsi.go.jp/xyz/dem5a_png/15/28996/12927.png,138.5595703,35.46067,138.5705566,35.469618,candidate URL generated from official GSI tile scheme; existence/coverage not locally verified
DEM5A,~5 m,airborne laser,15,28996,12928,https://cyberjapandata.gsi.go.jp/xyz/dem5a_png/15/28996/12928.png,138.5595703,35.4517209,138.5705566,35.46067,candidate URL generated from official GSI tile scheme; existence/coverage not locally verified
DEM5A,~5 m,airborne laser,15,28996,12929,https://cyberjapandata.gsi.go.jp/xyz/dem5a_png/15/28996/12929.png,138.5595703,35.4427709,138.5705566,35.4517209,candidate URL generated from official GSI tile scheme; existence/coverage not locally verified
DEM5A,~5 m,airborne laser,15,28996,12930,https://cyberjapandata.gsi.go.jp/xyz/dem5a_png/15/28996/12930.png,138.5595703,35.4338199,138.5705566,35.4427709,candidate URL generated from official GSI tile scheme; existence/coverage not locally verified
DEM5A,~5 m,airborne laser,15,28996,12931,https://cyberjapandata.gsi.go.jp/xyz/dem5a_png/15/28996/12931.png,138.5595703,35.4248679,138.5705566,35.4338199,candidate URL generated from official GSI tile scheme; existence/coverage not locally verified
DEM5A,~5 m,airborne laser,15,28997,12920,https://cyberjapandata.gsi.go.jp/xyz/dem5a_png/15/28997/12920.png,138.5705566,35.5232852,138.581543,35.5322262,candidate URL generated from official GSI tile scheme; existence/coverage not locally verified
DEM5A,~5 m,airborne laser,15,28997,12921,https://cyberjapandata.gsi.go.jp/xyz/dem5a_png/15/28997/12921.png,138.5705566,35.5143431,138.581543,35.5232852,candidate URL generated from official GSI tile scheme; existence/coverage not locally verified
DEM5A,~5 m,airborne laser,15,28997,12922,https://cyberjapandata.gsi.go.jp/xyz/dem5a_png/15/28997/12922.png,138.5705566,35.5054001,138.581543,35.5143431,candidate URL generated from official GSI tile scheme; existence/coverage not locally verified
DEM5A,~5 m,airborne laser,15,28997,12923,https://cyberjapandata.gsi.go.jp/xyz/dem5a_png/15/28997/12923.png,138.5705566,35.4964561,138.581543,35.5054001,candidate URL generated from official GSI tile scheme; existence/coverage not locally verified
DEM5A,~5 m,airborne laser,15,28997,12924,https://cyberjapandata.gsi.go.jp/xyz/dem5a_png/15/28997/12924.png,138.5705566,35.487511,138.581543,35.4964561,candidate URL generated from official GSI tile scheme; existence/coverage not locally verified
DEM5A,~5 m,airborne laser,15,28997,12925,https://cyberjapandata.gsi.go.jp/xyz/dem5a_png/15/28997/12925.png,138.5705566,35.478565,138.581543,35.487511,candidate URL generated from official GSI tile scheme; existence/coverage not locally verified
DEM5A,~5 m,airborne laser,15,28997,12926,https://cyberjapandata.gsi.go.jp/xyz/dem5a_png/15/28997/12926.png,138.5705566,35.469618,138.581543,35.478565,candidate URL generated from official GSI tile scheme; existence/coverage not locally verified
DEM5A,~5 m,airborne laser,15,28997,12927,https://cyberjapandata.gsi.go.jp/xyz/dem5a_png/15/28997/12927.png,138.5705566,35.46067,138.581543,35.469618,candidate URL generated from official GSI tile scheme; existence/coverage not locally verified
DEM5A,~5 m,airborne laser,15,28997,12928,https://cyberjapandata.gsi.go.jp/xyz/dem5a_png/15/28997/12928.png,138.5705566,35.4517209,138.581543,35.46067,candidate URL generated from official GSI tile scheme; existence/coverage not locally verified
DEM5A,~5 m,airborne laser,15,28997,12929,https://cyberjapandata.gsi.go.jp/xyz/dem5a_png/15/28997/12929.png,138.5705566,35.4427709,138.581543,35.4517209,candidate URL generated from official GSI tile scheme; existence/coverage not locally verified
DEM5A,~5 m,airborne laser,15,28997,12930,https://cyberjapandata.gsi.go.jp/xyz/dem5a_png/15/28997/12930.png,138.5705566,35.4338199,138.581543,35.4427709,candidate URL generated from official GSI tile scheme; existence/coverage not locally verified
DEM5A,~5 m,airborne laser,15,28997,12931,https://cyberjapandata.gsi.go.jp/xyz/dem5a_png/15/28997/12931.png,138.5705566,35.4248679,138.581543,35.4338199,candidate URL generated from official GSI tile scheme; existence/coverage not locally verified
DEM5A,~5 m,airborne laser,15,28998,12920,https://cyberjapandata.gsi.go.jp/xyz/dem5a_png/15/28998/12920.png,138.581543,35.5232852,138.5925293,35.5322262,candidate URL generated from official GSI tile scheme; existence/coverage not locally verified
DEM5A,~5 m,airborne laser,15,28998,12921,https://cyberjapandata.gsi.go.jp/xyz/dem5a_png/15/28998/12921.png,138.581543,35.5143431,138.5925293,35.5232852,candidate URL generated from official GSI tile scheme; existence/coverage not locally verified
DEM5A,~5 m,airborne laser,15,28998,12922,https://cyberjapandata.gsi.go.jp/xyz/dem5a_png/15/28998/12922.png,138.581543,35.5054001,138.5925293,35.5143431,candidate URL generated from official GSI tile scheme; existence/coverage not locally verified
DEM5A,~5 m,airborne laser,15,28998,12923,https://cyberjapandata.gsi.go.jp/xyz/dem5a_png/15/28998/12923.png,138.581543,35.4964561,138.5925293,35.5054001,candidate URL generated from official GSI tile scheme; existence/coverage not locally verified
DEM5A,~5 m,airborne laser,15,28998,12924,https://cyberjapandata.gsi.go.jp/xyz/dem5a_png/15/28998/12924.png,138.581543,35.487511,138.5925293,35.4964561,candidate URL generated from official GSI tile scheme; existence/coverage not locally verified
DEM5A,~5 m,airborne laser,15,28998,12925,https://cyberjapandata.gsi.go.jp/xyz/dem5a_png/15/28998/12925.png,138.581543,35.478565,138.5925293,35.487511,candidate URL generated from official GSI tile scheme; existence/coverage not locally verified
DEM5A,~5 m,airborne laser,15,28998,12926,https://cyberjapandata.gsi.go.jp/xyz/dem5a_png/15/28998/12926.png,138.581543,35.469618,138.5925293,35.478565,candidate URL generated from official GSI tile scheme; existence/coverage not locally verified
DEM5A,~5 m,airborne laser,15,28998,12927,https://cyberjapandata.gsi.go.jp/xyz/dem5a_png/15/28998/12927.png,138.581543,35.46067,138.5925293,35.469618,candidate URL generated from official GSI tile scheme; existence/coverage not locally verified
DEM5A,~5 m,airborne laser,15,28998,12928,https://cyberjapandata.gsi.go.jp/xyz/dem5a_png/15/28998/12928.png,138.581543,35.4517209,138.5925293,35.46067,candidate URL generated from official GSI tile scheme; existence/coverage not locally verified
DEM5A,~5 m,airborne laser,15,28998,12929,https://cyberjapandata.gsi.go.jp/xyz/dem5a_png/15/28998/12929.png,138.581543,35.4427709,138.5925293,35.4517209,candidate URL generated from official GSI tile scheme; existence/coverage not locally verified
DEM5A,~5 m,airborne laser,15,28998,12930,https://cyberjapandata.gsi.go.jp/xyz/dem5a_png/15/28998/12930.png,138.581543,35.4338199,138.5925293,35.4427709,candidate URL generated from official GSI tile scheme; existence/coverage not locally verified
DEM5A,~5 m,airborne laser,15,28998,12931,https://cyberjapandata.gsi.go.jp/xyz/dem5a_png/15/28998/12931.png,138.581543,35.4248679,138.5925293,35.4338199,candidate URL generated from official GSI tile scheme; existence/coverage not locally verified
DEM5A,~5 m,airborne laser,15,28999,12920,https://cyberjapandata.gsi.go.jp/xyz/dem5a_png/15/28999/12920.png,138.5925293,35.5232852,138.6035156,35.5322262,candidate URL generated from official GSI tile scheme; existence/coverage not locally verified
DEM5A,~5 m,airborne laser,15,28999,12921,https://cyberjapandata.gsi.go.jp/xyz/dem5a_png/15/28999/12921.png,138.5925293,35.5143431,138.6035156,35.5232852,candidate URL generated from official GSI tile scheme; existence/coverage not locally verified
DEM5A,~5 m,airborne laser,15,28999,12922,https://cyberjapandata.gsi.go.jp/xyz/dem5a_png/15/28999/12922.png,138.5925293,35.5054001,138.6035156,35.5143431,candidate URL generated from official GSI tile scheme; existence/coverage not locally verified
DEM5A,~5 m,airborne laser,15,28999,12923,https://cyberjapandata.gsi.go.jp/xyz/dem5a_png/15/28999/12923.png,138.5925293,35.4964561,138.6035156,35.5054001,candidate URL generated from official GSI tile scheme; existence/coverage not locally verified
DEM5A,~5 m,airborne laser,15,28999,12924,https://cyberjapandata.gsi.go.jp/xyz/dem5a_png/15/28999/12924.png,138.5925293,35.487511,138.6035156,35.4964561,candidate URL generated from official GSI tile scheme; existence/coverage not locally verified
DEM5A,~5 m,airborne laser,15,28999,12925,https://cyberjapandata.gsi.go.jp/xyz/dem5a_png/15/28999/12925.png,138.5925293,35.478565,138.6035156,35.487511,candidate URL generated from official GSI tile scheme; existence/coverage not locally verified
DEM5A,~5 m,airborne laser,15,28999,12926,https://cyberjapandata.gsi.go.jp/xyz/dem5a_png/15/28999/12926.png,138.5925293,35.469618,138.6035156,35.478565,candidate URL generated from official GSI tile scheme; existence/coverage not locally verified
DEM5A,~5 m,airborne laser,15,28999,12927,https://cyberjapandata.gsi.go.jp/xyz/dem5a_png/15/28999/12927.png,138.5925293,35.46067,138.6035156,35.469618,candidate URL generated from official GSI tile scheme; existence/coverage not locally verified
DEM5A,~5 m,airborne laser,15,28999,12928,https://cyberjapandata.gsi.go.jp/xyz/dem5a_png/15/28999/12928.png,138.5925293,35.4517209,138.6035156,35.46067,candidate URL generated from official GSI tile scheme; existence/coverage not locally verified
DEM5A,~5 m,airborne laser,15,28999,12929,https://cyberjapandata.gsi.go.jp/xyz/dem5a_png/15/28999/12929.png,138.5925293,35.4427709,138.6035156,35.4517209,candidate URL generated from official GSI tile scheme; existence/coverage not locally verified
DEM5A,~5 m,airborne laser,15,28999,12930,https://cyberjapandata.gsi.go.jp/xyz/dem5a_png/15/28999/12930.png,138.5925293,35.4338199,138.6035156,35.4427709,candidate URL generated from official GSI tile scheme; existence/coverage not locally verified
DEM5A,~5 m,airborne laser,15,28999,12931,https://cyberjapandata.gsi.go.jp/xyz/dem5a_png/15/28999/12931.png,138.5925293,35.4248679,138.6035156,35.4338199,candidate URL generated from official GSI tile scheme; existence/coverage not locally verified
DEM5A,~5 m,airborne laser,15,29000,12920,https://cyberjapandata.gsi.go.jp/xyz/dem5a_png/15/29000/12920.png,138.6035156,35.5232852,138.614502,35.5322262,candidate URL generated from official GSI tile scheme; existence/coverage not locally verified
DEM5A,~5 m,airborne laser,15,29000,12921,https://cyberjapandata.gsi.go.jp/xyz/dem5a_png/15/29000/12921.png,138.6035156,35.5143431,138.614502,35.5232852,candidate URL generated from official GSI tile scheme; existence/coverage not locally verified
DEM5A,~5 m,airborne laser,15,29000,12922,https://cyberjapandata.gsi.go.jp/xyz/dem5a_png/15/29000/12922.png,138.6035156,35.5054001,138.614502,35.5143431,candidate URL generated from official GSI tile scheme; existence/coverage not locally verified
DEM5A,~5 m,airborne laser,15,29000,12923,https://cyberjapandata.gsi.go.jp/xyz/dem5a_png/15/29000/12923.png,138.6035156,35.4964561,138.614502,35.5054001,candidate URL generated from official GSI tile scheme; existence/coverage not locally verified
DEM5A,~5 m,airborne laser,15,29000,12924,https://cyberjapandata.gsi.go.jp/xyz/dem5a_png/15/29000/12924.png,138.6035156,35.487511,138.614502,35.4964561,candidate URL generated from official GSI tile scheme; existence/coverage not locally verified
DEM5A,~5 m,airborne laser,15,29000,12925,https://cyberjapandata.gsi.go.jp/xyz/dem5a_png/15/29000/12925.png,138.6035156,35.478565,138.614502,35.487511,candidate URL generated from official GSI tile scheme; existence/coverage not locally verified
DEM5A,~5 m,airborne laser,15,29000,12926,https://cyberjapandata.gsi.go.jp/xyz/dem5a_png/15/29000/12926.png,138.6035156,35.469618,138.614502,35.478565,candidate URL generated from official GSI tile scheme; existence/coverage not locally verified
DEM5A,~5 m,airborne laser,15,29000,12927,https://cyberjapandata.gsi.go.jp/xyz/dem5a_png/15/29000/12927.png,138.6035156,35.46067,138.614502,35.469618,candidate URL generated from official GSI tile scheme; existence/coverage not locally verified
DEM5A,~5 m,airborne laser,15,29000,12928,https://cyberjapandata.gsi.go.jp/xyz/dem5a_png/15/29000/12928.png,138.6035156,35.4517209,138.614502,35.46067,candidate URL generated from official GSI tile scheme; existence/coverage not locally verified
DEM5A,~5 m,airborne laser,15,29000,12929,https://cyberjapandata.gsi.go.jp/xyz/dem5a_png/15/29000/12929.png,138.6035156,35.4427709,138.614502,35.4517209,candidate URL generated from official GSI tile scheme; existence/coverage not locally verified
DEM5A,~5 m,airborne laser,15,29000,12930,https://cyberjapandata.gsi.go.jp/xyz/dem5a_png/15/29000/12930.png,138.6035156,35.4338199,138.614502,35.4427709,candidate URL generated from official GSI tile scheme; existence/coverage not locally verified
DEM5A,~5 m,airborne laser,15,29000,12931,https://cyberjapandata.gsi.go.jp/xyz/dem5a_png/15/29000/12931.png,138.6035156,35.4248679,138.614502,35.4338199,candidate URL generated from official GSI tile scheme; existence/coverage not locally verified
DEM5A,~5 m,airborne laser,15,29001,12920,https://cyberjapandata.gsi.go.jp/xyz/dem5a_png/15/29001/12920.png,138.614502,35.5232852,138.6254883,35.5322262,candidate URL generated from official GSI tile scheme; existence/coverage not locally verified
DEM5A,~5 m,airborne laser,15,29001,12921,https://cyberjapandata.gsi.go.jp/xyz/dem5a_png/15/29001/12921.png,138.614502,35.5143431,138.6254883,35.5232852,candidate URL generated from official GSI tile scheme; existence/coverage not locally verified
DEM5A,~5 m,airborne laser,15,29001,12922,https://cyberjapandata.gsi.go.jp/xyz/dem5a_png/15/29001/12922.png,138.614502,35.5054001,138.6254883,35.5143431,candidate URL generated from official GSI tile scheme; existence/coverage not locally verified
DEM5A,~5 m,airborne laser,15,29001,12923,https://cyberjapandata.gsi.go.jp/xyz/dem5a_png/15/29001/12923.png,138.614502,35.4964561,138.6254883,35.5054001,candidate URL generated from official GSI tile scheme; existence/coverage not locally verified
DEM5A,~5 m,airborne laser,15,29001,12924,https://cyberjapandata.gsi.go.jp/xyz/dem5a_png/15/29001/12924.png,138.614502,35.487511,138.6254883,35.4964561,candidate URL generated from official GSI tile scheme; existence/coverage not locally verified
DEM5A,~5 m,airborne laser,15,29001,12925,https://cyberjapandata.gsi.go.jp/xyz/dem5a_png/15/29001/12925.png,138.614502,35.478565,138.6254883,35.487511,candidate URL generated from official GSI tile scheme; existence/coverage not locally verified
DEM5A,~5 m,airborne laser,15,29001,12926,https://cyberjapandata.gsi.go.jp/xyz/dem5a_png/15/29001/12926.png,138.614502,35.469618,138.6254883,35.478565,candidate URL generated from official GSI tile scheme; existence/coverage not locally verified
DEM5A,~5 m,airborne laser,15,29001,12927,https://cyberjapandata.gsi.go.jp/xyz/dem5a_png/15/29001/12927.png,138.614502,35.46067,138.6254883,35.469618,candidate URL generated from official GSI tile scheme; existence/coverage not locally verified
DEM5A,~5 m,airborne laser,15,29001,12928,https://cyberjapandata.gsi.go.jp/xyz/dem5a_png/15/29001/12928.png,138.614502,35.4517209,138.6254883,35.46067,candidate URL generated from official GSI tile scheme; existence/coverage not locally verified
DEM5A,~5 m,airborne laser,15,29001,12929,https://cyberjapandata.gsi.go.jp/xyz/dem5a_png/15/29001/12929.png,138.614502,35.4427709,138.6254883,35.4517209,candidate URL generated from official GSI tile scheme; existence/coverage not locally verified
DEM5A,~5 m,airborne laser,15,29001,12930,https://cyberjapandata.gsi.go.jp/xyz/dem5a_png/15/29001/12930.png,138.614502,35.4338199,138.6254883,35.4427709,candidate URL generated from official GSI tile scheme; existence/coverage not locally verified
DEM5A,~5 m,airborne laser,15,29001,12931,https://cyberjapandata.gsi.go.jp/xyz/dem5a_png/15/29001/12931.png,138.614502,35.4248679,138.6254883,35.4338199,candidate URL generated from official GSI tile scheme; existence/coverage not locally verified
DEM5A,~5 m,airborne laser,15,29002,12920,https://cyberjapandata.gsi.go.jp/xyz/dem5a_png/15/29002/12920.png,138.6254883,35.5232852,138.6364746,35.5322262,candidate URL generated from official GSI tile scheme; existence/coverage not locally verified
DEM5A,~5 m,airborne laser,15,29002,12921,https://cyberjapandata.gsi.go.jp/xyz/dem5a_png/15/29002/12921.png,138.6254883,35.5143431,138.6364746,35.5232852,candidate URL generated from official GSI tile scheme; existence/coverage not locally verified
DEM5A,~5 m,airborne laser,15,29002,12922,https://cyberjapandata.gsi.go.jp/xyz/dem5a_png/15/29002/12922.png,138.6254883,35.5054001,138.6364746,35.5143431,candidate URL generated from official GSI tile scheme; existence/coverage not locally verified
DEM5A,~5 m,airborne laser,15,29002,12923,https://cyberjapandata.gsi.go.jp/xyz/dem5a_png/15/29002/12923.png,138.6254883,35.4964561,138.6364746,35.5054001,candidate URL generated from official GSI tile scheme; existence/coverage not locally verified
DEM5A,~5 m,airborne laser,15,29002,12924,https://cyberjapandata.gsi.go.jp/xyz/dem5a_png/15/29002/12924.png,138.6254883,35.487511,138.6364746,35.4964561,candidate URL generated from official GSI tile scheme; existence/coverage not locally verified
DEM5A,~5 m,airborne laser,15,29002,12925,https://cyberjapandata.gsi.go.jp/xyz/dem5a_png/15/29002/12925.png,138.6254883,35.478565,138.6364746,35.487511,candidate URL generated from official GSI tile scheme; existence/coverage not locally verified
DEM5A,~5 m,airborne laser,15,29002,12926,https://cyberjapandata.gsi.go.jp/xyz/dem5a_png/15/29002/12926.png,138.6254883,35.469618,138.6364746,35.478565,candidate URL generated from official GSI tile scheme; existence/coverage not locally verified
DEM5A,~5 m,airborne laser,15,29002,12927,https://cyberjapandata.gsi.go.jp/xyz/dem5a_png/15/29002/12927.png,138.6254883,35.46067,138.6364746,35.469618,candidate URL generated from official GSI tile scheme; existence/coverage not locally verified
DEM5A,~5 m,airborne laser,15,29002,12928,https://cyberjapandata.gsi.go.jp/xyz/dem5a_png/15/29002/12928.png,138.6254883,35.4517209,138.6364746,35.46067,candidate URL generated from official GSI tile scheme; existence/coverage not locally verified
DEM5A,~5 m,airborne laser,15,29002,12929,https://cyberjapandata.gsi.go.jp/xyz/dem5a_png/15/29002/12929.png,138.6254883,35.4427709,138.6364746,35.4517209,candidate URL generated from official GSI tile scheme; existence/coverage not locally verified
DEM5A,~5 m,airborne laser,15,29002,12930,https://cyberjapandata.gsi.go.jp/xyz/dem5a_png/15/29002/12930.png,138.6254883,35.4338199,138.6364746,35.4427709,candidate URL generated from official GSI tile scheme; existence/coverage not locally verified
DEM5A,~5 m,airborne laser,15,29002,12931,https://cyberjapandata.gsi.go.jp/xyz/dem5a_png/15/29002/12931.png,138.6254883,35.4248679,138.6364746,35.4338199,candidate URL generated from official GSI tile scheme; existence/coverage not locally verified
DEM5A,~5 m,airborne laser,15,29003,12920,https://cyberjapandata.gsi.go.jp/xyz/dem5a_png/15/29003/12920.png,138.6364746,35.5232852,138.6474609,35.5322262,candidate URL generated from official GSI tile scheme; existence/coverage not locally verified
DEM5A,~5 m,airborne laser,15,29003,12921,https://cyberjapandata.gsi.go.jp/xyz/dem5a_png/15/29003/12921.png,138.6364746,35.5143431,138.6474609,35.5232852,candidate URL generated from official GSI tile scheme; existence/coverage not locally verified
DEM5A,~5 m,airborne laser,15,29003,12922,https://cyberjapandata.gsi.go.jp/xyz/dem5a_png/15/29003/12922.png,138.6364746,35.5054001,138.6474609,35.5143431,candidate URL generated from official GSI tile scheme; existence/coverage not locally verified
DEM5A,~5 m,airborne laser,15,29003,12923,https://cyberjapandata.gsi.go.jp/xyz/dem5a_png/15/29003/12923.png,138.6364746,35.4964561,138.6474609,35.5054001,candidate URL generated from official GSI tile scheme; existence/coverage not locally verified
DEM5A,~5 m,airborne laser,15,29003,12924,https://cyberjapandata.gsi.go.jp/xyz/dem5a_png/15/29003/12924.png,138.6364746,35.487511,138.6474609,35.4964561,candidate URL generated from official GSI tile scheme; existence/coverage not locally verified
DEM5A,~5 m,airborne laser,15,29003,12925,https://cyberjapandata.gsi.go.jp/xyz/dem5a_png/15/29003/12925.png,138.6364746,35.478565,138.6474609,35.487511,candidate URL generated from official GSI tile scheme; existence/coverage not locally verified
DEM5A,~5 m,airborne laser,15,29003,12926,https://cyberjapandata.gsi.go.jp/xyz/dem5a_png/15/29003/12926.png,138.6364746,35.469618,138.6474609,35.478565,candidate URL generated from official GSI tile scheme; existence/coverage not locally verified
DEM5A,~5 m,airborne laser,15,29003,12927,https://cyberjapandata.gsi.go.jp/xyz/dem5a_png/15/29003/12927.png,138.6364746,35.46067,138.6474609,35.469618,candidate URL generated from official GSI tile scheme; existence/coverage not locally verified
DEM5A,~5 m,airborne laser,15,29003,12928,https://cyberjapandata.gsi.go.jp/xyz/dem5a_png/15/29003/12928.png,138.6364746,35.4517209,138.6474609,35.46067,candidate URL generated from official GSI tile scheme; existence/coverage not locally verified
DEM5A,~5 m,airborne laser,15,29003,12929,https://cyberjapandata.gsi.go.jp/xyz/dem5a_png/15/29003/12929.png,138.6364746,35.4427709,138.6474609,35.4517209,candidate URL generated from official GSI tile scheme; existence/coverage not locally verified
DEM5A,~5 m,airborne laser,15,29003,12930,https://cyberjapandata.gsi.go.jp/xyz/dem5a_png/15/29003/12930.png,138.6364746,35.4338199,138.6474609,35.4427709,candidate URL generated from official GSI tile scheme; existence/coverage not locally verified
DEM5A,~5 m,airborne laser,15,29003,12931,https://cyberjapandata.gsi.go.jp/xyz/dem5a_png/15/29003/12931.png,138.6364746,35.4248679,138.6474609,35.4338199,candidate URL generated from official GSI tile scheme; existence/coverage not locally verified
DEM5A,~5 m,airborne laser,15,29004,12920,https://cyberjapandata.gsi.go.jp/xyz/dem5a_png/15/29004/12920.png,138.6474609,35.5232852,138.6584473,35.5322262,candidate URL generated from official GSI tile scheme; existence/coverage not locally verified
DEM5A,~5 m,airborne laser,15,29004,12921,https://cyberjapandata.gsi.go.jp/xyz/dem5a_png/15/29004/12921.png,138.6474609,35.5143431,138.6584473,35.5232852,candidate URL generated from official GSI tile scheme; existence/coverage not locally verified
DEM5A,~5 m,airborne laser,15,29004,12922,https://cyberjapandata.gsi.go.jp/xyz/dem5a_png/15/29004/12922.png,138.6474609,35.5054001,138.6584473,35.5143431,candidate URL generated from official GSI tile scheme; existence/coverage not locally verified
DEM5A,~5 m,airborne laser,15,29004,12923,https://cyberjapandata.gsi.go.jp/xyz/dem5a_png/15/29004/12923.png,138.6474609,35.4964561,138.6584473,35.5054001,candidate URL generated from official GSI tile scheme; existence/coverage not locally verified
DEM5A,~5 m,airborne laser,15,29004,12924,https://cyberjapandata.gsi.go.jp/xyz/dem5a_png/15/29004/12924.png,138.6474609,35.487511,138.6584473,35.4964561,candidate URL generated from official GSI tile scheme; existence/coverage not locally verified
DEM5A,~5 m,airborne laser,15,29004,12925,https://cyberjapandata.gsi.go.jp/xyz/dem5a_png/15/29004/12925.png,138.6474609,35.478565,138.6584473,35.487511,candidate URL generated from official GSI tile scheme; existence/coverage not locally verified
DEM5A,~5 m,airborne laser,15,29004,12926,https://cyberjapandata.gsi.go.jp/xyz/dem5a_png/15/29004/12926.png,138.6474609,35.469618,138.6584473,35.478565,candidate URL generated from official GSI tile scheme; existence/coverage not locally verified
DEM5A,~5 m,airborne laser,15,29004,12927,https://cyberjapandata.gsi.go.jp/xyz/dem5a_png/15/29004/12927.png,138.6474609,35.46067,138.6584473,35.469618,candidate URL generated from official GSI tile scheme; existence/coverage not locally verified
DEM5A,~5 m,airborne laser,15,29004,12928,https://cyberjapandata.gsi.go.jp/xyz/dem5a_png/15/29004/12928.png,138.6474609,35.4517209,138.6584473,35.46067,candidate URL generated from official GSI tile scheme; existence/coverage not locally verified
DEM5A,~5 m,airborne laser,15,29004,12929,https://cyberjapandata.gsi.go.jp/xyz/dem5a_png/15/29004/12929.png,138.6474609,35.4427709,138.6584473,35.4517209,candidate URL generated from official GSI tile scheme; existence/coverage not locally verified
DEM5A,~5 m,airborne laser,15,29004,12930,https://cyberjapandata.gsi.go.jp/xyz/dem5a_png/15/29004/12930.png,138.6474609,35.4338199,138.6584473,35.4427709,candidate URL generated from official GSI tile scheme; existence/coverage not locally verified
DEM5A,~5 m,airborne laser,15,29004,12931,https://cyberjapandata.gsi.go.jp/xyz/dem5a_png/15/29004/12931.png,138.6474609,35.4248679,138.6584473,35.4338199,candidate URL generated from official GSI tile scheme; existence/coverage not locally verified
DEM5A,~5 m,airborne laser,15,29005,12920,https://cyberjapandata.gsi.go.jp/xyz/dem5a_png/15/29005/12920.png,138.6584473,35.5232852,138.6694336,35.5322262,candidate URL generated from official GSI tile scheme; existence/coverage not locally verified
DEM5A,~5 m,airborne laser,15,29005,12921,https://cyberjapandata.gsi.go.jp/xyz/dem5a_png/15/29005/12921.png,138.6584473,35.5143431,138.6694336,35.5232852,candidate URL generated from official GSI tile scheme; existence/coverage not locally verified
DEM5A,~5 m,airborne laser,15,29005,12922,https://cyberjapandata.gsi.go.jp/xyz/dem5a_png/15/29005/12922.png,138.6584473,35.5054001,138.6694336,35.5143431,candidate URL generated from official GSI tile scheme; existence/coverage not locally verified
DEM5A,~5 m,airborne laser,15,29005,12923,https://cyberjapandata.gsi.go.jp/xyz/dem5a_png/15/29005/12923.png,138.6584473,35.4964561,138.6694336,35.5054001,candidate URL generated from official GSI tile scheme; existence/coverage not locally verified
DEM5A,~5 m,airborne laser,15,29005,12924,https://cyberjapandata.gsi.go.jp/xyz/dem5a_png/15/29005/12924.png,138.6584473,35.487511,138.6694336,35.4964561,candidate URL generated from official GSI tile scheme; existence/coverage not locally verified
DEM5A,~5 m,airborne laser,15,29005,12925,https://cyberjapandata.gsi.go.jp/xyz/dem5a_png/15/29005/12925.png,138.6584473,35.478565,138.6694336,35.487511,candidate URL generated from official GSI tile scheme; existence/coverage not locally verified
DEM5A,~5 m,airborne laser,15,29005,12926,https://cyberjapandata.gsi.go.jp/xyz/dem5a_png/15/29005/12926.png,138.6584473,35.469618,138.6694336,35.478565,candidate URL generated from official GSI tile scheme; existence/coverage not locally verified
DEM5A,~5 m,airborne laser,15,29005,12927,https://cyberjapandata.gsi.go.jp/xyz/dem5a_png/15/29005/12927.png,138.6584473,35.46067,138.6694336,35.469618,candidate URL generated from official GSI tile scheme; existence/coverage not locally verified
DEM5A,~5 m,airborne laser,15,29005,12928,https://cyberjapandata.gsi.go.jp/xyz/dem5a_png/15/29005/12928.png,138.6584473,35.4517209,138.6694336,35.46067,candidate URL generated from official GSI tile scheme; existence/coverage not locally verified
DEM5A,~5 m,airborne laser,15,29005,12929,https://cyberjapandata.gsi.go.jp/xyz/dem5a_png/15/29005/12929.png,138.6584473,35.4427709,138.6694336,35.4517209,candidate URL generated from official GSI tile scheme; existence/coverage not locally verified
DEM5A,~5 m,airborne laser,15,29005,12930,https://cyberjapandata.gsi.go.jp/xyz/dem5a_png/15/29005/12930.png,138.6584473,35.4338199,138.6694336,35.4427709,candidate URL generated from official GSI tile scheme; existence/coverage not locally verified
DEM5A,~5 m,airborne laser,15,29005,12931,https://cyberjapandata.gsi.go.jp/xyz/dem5a_png/15/29005/12931.png,138.6584473,35.4248679,138.6694336,35.4338199,candidate URL generated from official GSI tile scheme; existence/coverage not locally verified
DEM5A,~5 m,airborne laser,15,29006,12920,https://cyberjapandata.gsi.go.jp/xyz/dem5a_png/15/29006/12920.png,138.6694336,35.5232852,138.6804199,35.5322262,candidate URL generated from official GSI tile scheme; existence/coverage not locally verified
DEM5A,~5 m,airborne laser,15,29006,12921,https://cyberjapandata.gsi.go.jp/xyz/dem5a_png/15/29006/12921.png,138.6694336,35.5143431,138.6804199,35.5232852,candidate URL generated from official GSI tile scheme; existence/coverage not locally verified
DEM5A,~5 m,airborne laser,15,29006,12922,https://cyberjapandata.gsi.go.jp/xyz/dem5a_png/15/29006/12922.png,138.6694336,35.5054001,138.6804199,35.5143431,candidate URL generated from official GSI tile scheme; existence/coverage not locally verified
DEM5A,~5 m,airborne laser,15,29006,12923,https://cyberjapandata.gsi.go.jp/xyz/dem5a_png/15/29006/12923.png,138.6694336,35.4964561,138.6804199,35.5054001,candidate URL generated from official GSI tile scheme; existence/coverage not locally verified
DEM5A,~5 m,airborne laser,15,29006,12924,https://cyberjapandata.gsi.go.jp/xyz/dem5a_png/15/29006/12924.png,138.6694336,35.487511,138.6804199,35.4964561,candidate URL generated from official GSI tile scheme; existence/coverage not locally verified
DEM5A,~5 m,airborne laser,15,29006,12925,https://cyberjapandata.gsi.go.jp/xyz/dem5a_png/15/29006/12925.png,138.6694336,35.478565,138.6804199,35.487511,candidate URL generated from official GSI tile scheme; existence/coverage not locally verified
DEM5A,~5 m,airborne laser,15,29006,12926,https://cyberjapandata.gsi.go.jp/xyz/dem5a_png/15/29006/12926.png,138.6694336,35.469618,138.6804199,35.478565,candidate URL generated from official GSI tile scheme; existence/coverage not locally verified
DEM5A,~5 m,airborne laser,15,29006,12927,https://cyberjapandata.gsi.go.jp/xyz/dem5a_png/15/29006/12927.png,138.6694336,35.46067,138.6804199,35.469618,candidate URL generated from official GSI tile scheme; existence/coverage not locally verified
DEM5A,~5 m,airborne laser,15,29006,12928,https://cyberjapandata.gsi.go.jp/xyz/dem5a_png/15/29006/12928.png,138.6694336,35.4517209,138.6804199,35.46067,candidate URL generated from official GSI tile scheme; existence/coverage not locally verified
DEM5A,~5 m,airborne laser,15,29006,12929,https://cyberjapandata.gsi.go.jp/xyz/dem5a_png/15/29006/12929.png,138.6694336,35.4427709,138.6804199,35.4517209,candidate URL generated from official GSI tile scheme; existence/coverage not locally verified
DEM5A,~5 m,airborne laser,15,29006,12930,https://cyberjapandata.gsi.go.jp/xyz/dem5a_png/15/29006/12930.png,138.6694336,35.4338199,138.6804199,35.4427709,candidate URL generated from official GSI tile scheme; existence/coverage not locally verified
DEM5A,~5 m,airborne laser,15,29006,12931,https://cyberjapandata.gsi.go.jp/xyz/dem5a_png/15/29006/12931.png,138.6694336,35.4248679,138.6804199,35.4338199,candidate URL generated from official GSI tile scheme; existence/coverage not locally verified
DEM5A,~5 m,airborne laser,15,29007,12920,https://cyberjapandata.gsi.go.jp/xyz/dem5a_png/15/29007/12920.png,138.6804199,35.5232852,138.6914062,35.5322262,candidate URL generated from official GSI tile scheme; existence/coverage not locally verified
DEM5A,~5 m,airborne laser,15,29007,12921,https://cyberjapandata.gsi.go.jp/xyz/dem5a_png/15/29007/12921.png,138.6804199,35.5143431,138.6914062,35.5232852,candidate URL generated from official GSI tile scheme; existence/coverage not locally verified
DEM5A,~5 m,airborne laser,15,29007,12922,https://cyberjapandata.gsi.go.jp/xyz/dem5a_png/15/29007/12922.png,138.6804199,35.5054001,138.6914062,35.5143431,candidate URL generated from official GSI tile scheme; existence/coverage not locally verified
DEM5A,~5 m,airborne laser,15,29007,12923,https://cyberjapandata.gsi.go.jp/xyz/dem5a_png/15/29007/12923.png,138.6804199,35.4964561,138.6914062,35.5054001,candidate URL generated from official GSI tile scheme; existence/coverage not locally verified
DEM5A,~5 m,airborne laser,15,29007,12924,https://cyberjapandata.gsi.go.jp/xyz/dem5a_png/15/29007/12924.png,138.6804199,35.487511,138.6914062,35.4964561,candidate URL generated from official GSI tile scheme; existence/coverage not locally verified
DEM5A,~5 m,airborne laser,15,29007,12925,https://cyberjapandata.gsi.go.jp/xyz/dem5a_png/15/29007/12925.png,138.6804199,35.478565,138.6914062,35.487511,candidate URL generated from official GSI tile scheme; existence/coverage not locally verified
DEM5A,~5 m,airborne laser,15,29007,12926,https://cyberjapandata.gsi.go.jp/xyz/dem5a_png/15/29007/12926.png,138.6804199,35.469618,138.6914062,35.478565,candidate URL generated from official GSI tile scheme; existence/coverage not locally verified
DEM5A,~5 m,airborne laser,15,29007,12927,https://cyberjapandata.gsi.go.jp/xyz/dem5a_png/15/29007/12927.png,138.6804199,35.46067,138.6914062,35.469618,candidate URL generated from official GSI tile scheme; existence/coverage not locally verified
DEM5A,~5 m,airborne laser,15,29007,12928,https://cyberjapandata.gsi.go.jp/xyz/dem5a_png/15/29007/12928.png,138.6804199,35.4517209,138.6914062,35.46067,candidate URL generated from official GSI tile scheme; existence/coverage not locally verified
DEM5A,~5 m,airborne laser,15,29007,12929,https://cyberjapandata.gsi.go.jp/xyz/dem5a_png/15/29007/12929.png,138.6804199,35.4427709,138.6914062,35.4517209,candidate URL generated from official GSI tile scheme; existence/coverage not locally verified
DEM5A,~5 m,airborne laser,15,29007,12930,https://cyberjapandata.gsi.go.jp/xyz/dem5a_png/15/29007/12930.png,138.6804199,35.4338199,138.6914062,35.4427709,candidate URL generated from official GSI tile scheme; existence/coverage not locally verified
DEM5A,~5 m,airborne laser,15,29007,12931,https://cyberjapandata.gsi.go.jp/xyz/dem5a_png/15/29007/12931.png,138.6804199,35.4248679,138.6914062,35.4338199,candidate URL generated from official GSI tile scheme; existence/coverage not locally verified
DEM5A,~5 m,airborne laser,15,29008,12920,https://cyberjapandata.gsi.go.jp/xyz/dem5a_png/15/29008/12920.png,138.6914062,35.5232852,138.7023926,35.5322262,candidate URL generated from official GSI tile scheme; existence/coverage not locally verified
DEM5A,~5 m,airborne laser,15,29008,12921,https://cyberjapandata.gsi.go.jp/xyz/dem5a_png/15/29008/12921.png,138.6914062,35.5143431,138.7023926,35.5232852,candidate URL generated from official GSI tile scheme; existence/coverage not locally verified
DEM5A,~5 m,airborne laser,15,29008,12922,https://cyberjapandata.gsi.go.jp/xyz/dem5a_png/15/29008/12922.png,138.6914062,35.5054001,138.7023926,35.5143431,candidate URL generated from official GSI tile scheme; existence/coverage not locally verified
DEM5A,~5 m,airborne laser,15,29008,12923,https://cyberjapandata.gsi.go.jp/xyz/dem5a_png/15/29008/12923.png,138.6914062,35.4964561,138.7023926,35.5054001,candidate URL generated from official GSI tile scheme; existence/coverage not locally verified
DEM5A,~5 m,airborne laser,15,29008,12924,https://cyberjapandata.gsi.go.jp/xyz/dem5a_png/15/29008/12924.png,138.6914062,35.487511,138.7023926,35.4964561,candidate URL generated from official GSI tile scheme; existence/coverage not locally verified
DEM5A,~5 m,airborne laser,15,29008,12925,https://cyberjapandata.gsi.go.jp/xyz/dem5a_png/15/29008/12925.png,138.6914062,35.478565,138.7023926,35.487511,candidate URL generated from official GSI tile scheme; existence/coverage not locally verified
DEM5A,~5 m,airborne laser,15,29008,12926,https://cyberjapandata.gsi.go.jp/xyz/dem5a_png/15/29008/12926.png,138.6914062,35.469618,138.7023926,35.478565,candidate URL generated from official GSI tile scheme; existence/coverage not locally verified
DEM5A,~5 m,airborne laser,15,29008,12927,https://cyberjapandata.gsi.go.jp/xyz/dem5a_png/15/29008/12927.png,138.6914062,35.46067,138.7023926,35.469618,candidate URL generated from official GSI tile scheme; existence/coverage not locally verified
DEM5A,~5 m,airborne laser,15,29008,12928,https://cyberjapandata.gsi.go.jp/xyz/dem5a_png/15/29008/12928.png,138.6914062,35.4517209,138.7023926,35.46067,candidate URL generated from official GSI tile scheme; existence/coverage not locally verified
DEM5A,~5 m,airborne laser,15,29008,12929,https://cyberjapandata.gsi.go.jp/xyz/dem5a_png/15/29008/12929.png,138.6914062,35.4427709,138.7023926,35.4517209,candidate URL generated from official GSI tile scheme; existence/coverage not locally verified
DEM5A,~5 m,airborne laser,15,29008,12930,https://cyberjapandata.gsi.go.jp/xyz/dem5a_png/15/29008/12930.png,138.6914062,35.4338199,138.7023926,35.4427709,candidate URL generated from official GSI tile scheme; existence/coverage not locally verified
DEM5A,~5 m,airborne laser,15,29008,12931,https://cyberjapandata.gsi.go.jp/xyz/dem5a_png/15/29008/12931.png,138.6914062,35.4248679,138.7023926,35.4338199,candidate URL generated from official GSI tile scheme; existence/coverage not locally verified
DEM5A,~5 m,airborne laser,15,29009,12920,https://cyberjapandata.gsi.go.jp/xyz/dem5a_png/15/29009/12920.png,138.7023926,35.5232852,138.7133789,35.5322262,candidate URL generated from official GSI tile scheme; existence/coverage not locally verified
DEM5A,~5 m,airborne laser,15,29009,12921,https://cyberjapandata.gsi.go.jp/xyz/dem5a_png/15/29009/12921.png,138.7023926,35.5143431,138.7133789,35.5232852,candidate URL generated from official GSI tile scheme; existence/coverage not locally verified
DEM5A,~5 m,airborne laser,15,29009,12922,https://cyberjapandata.gsi.go.jp/xyz/dem5a_png/15/29009/12922.png,138.7023926,35.5054001,138.7133789,35.5143431,candidate URL generated from official GSI tile scheme; existence/coverage not locally verified
DEM5A,~5 m,airborne laser,15,29009,12923,https://cyberjapandata.gsi.go.jp/xyz/dem5a_png/15/29009/12923.png,138.7023926,35.4964561,138.7133789,35.5054001,candidate URL generated from official GSI tile scheme; existence/coverage not locally verified
DEM5A,~5 m,airborne laser,15,29009,12924,https://cyberjapandata.gsi.go.jp/xyz/dem5a_png/15/29009/12924.png,138.7023926,35.487511,138.7133789,35.4964561,candidate URL generated from official GSI tile scheme; existence/coverage not locally verified
DEM5A,~5 m,airborne laser,15,29009,12925,https://cyberjapandata.gsi.go.jp/xyz/dem5a_png/15/29009/12925.png,138.7023926,35.478565,138.7133789,35.487511,candidate URL generated from official GSI tile scheme; existence/coverage not locally verified
DEM5A,~5 m,airborne laser,15,29009,12926,https://cyberjapandata.gsi.go.jp/xyz/dem5a_png/15/29009/12926.png,138.7023926,35.469618,138.7133789,35.478565,candidate URL generated from official GSI tile scheme; existence/coverage not locally verified
DEM5A,~5 m,airborne laser,15,29009,12927,https://cyberjapandata.gsi.go.jp/xyz/dem5a_png/15/29009/12927.png,138.7023926,35.46067,138.7133789,35.469618,candidate URL generated from official GSI tile scheme; existence/coverage not locally verified
DEM5A,~5 m,airborne laser,15,29009,12928,https://cyberjapandata.gsi.go.jp/xyz/dem5a_png/15/29009/12928.png,138.7023926,35.4517209,138.7133789,35.46067,candidate URL generated from official GSI tile scheme; existence/coverage not locally verified
DEM5A,~5 m,airborne laser,15,29009,12929,https://cyberjapandata.gsi.go.jp/xyz/dem5a_png/15/29009/12929.png,138.7023926,35.4427709,138.7133789,35.4517209,candidate URL generated from official GSI tile scheme; existence/coverage not locally verified
DEM5A,~5 m,airborne laser,15,29009,12930,https://cyberjapandata.gsi.go.jp/xyz/dem5a_png/15/29009/12930.png,138.7023926,35.4338199,138.7133789,35.4427709,candidate URL generated from official GSI tile scheme; existence/coverage not locally verified
DEM5A,~5 m,airborne laser,15,29009,12931,https://cyberjapandata.gsi.go.jp/xyz/dem5a_png/15/29009/12931.png,138.7023926,35.4248679,138.7133789,35.4338199,candidate URL generated from official GSI tile scheme; existence/coverage not locally verified
DEM5A,~5 m,airborne laser,15,29010,12920,https://cyberjapandata.gsi.go.jp/xyz/dem5a_png/15/29010/12920.png,138.7133789,35.5232852,138.7243652,35.5322262,candidate URL generated from official GSI tile scheme; existence/coverage not locally verified
DEM5A,~5 m,airborne laser,15,29010,12921,https://cyberjapandata.gsi.go.jp/xyz/dem5a_png/15/29010/12921.png,138.7133789,35.5143431,138.7243652,35.5232852,candidate URL generated from official GSI tile scheme; existence/coverage not locally verified
DEM5A,~5 m,airborne laser,15,29010,12922,https://cyberjapandata.gsi.go.jp/xyz/dem5a_png/15/29010/12922.png,138.7133789,35.5054001,138.7243652,35.5143431,candidate URL generated from official GSI tile scheme; existence/coverage not locally verified
DEM5A,~5 m,airborne laser,15,29010,12923,https://cyberjapandata.gsi.go.jp/xyz/dem5a_png/15/29010/12923.png,138.7133789,35.4964561,138.7243652,35.5054001,candidate URL generated from official GSI tile scheme; existence/coverage not locally verified
DEM5A,~5 m,airborne laser,15,29010,12924,https://cyberjapandata.gsi.go.jp/xyz/dem5a_png/15/29010/12924.png,138.7133789,35.487511,138.7243652,35.4964561,candidate URL generated from official GSI tile scheme; existence/coverage not locally verified
DEM5A,~5 m,airborne laser,15,29010,12925,https://cyberjapandata.gsi.go.jp/xyz/dem5a_png/15/29010/12925.png,138.7133789,35.478565,138.7243652,35.487511,candidate URL generated from official GSI tile scheme; existence/coverage not locally verified
DEM5A,~5 m,airborne laser,15,29010,12926,https://cyberjapandata.gsi.go.jp/xyz/dem5a_png/15/29010/12926.png,138.7133789,35.469618,138.7243652,35.478565,candidate URL generated from official GSI tile scheme; existence/coverage not locally verified
DEM5A,~5 m,airborne laser,15,29010,12927,https://cyberjapandata.gsi.go.jp/xyz/dem5a_png/15/29010/12927.png,138.7133789,35.46067,138.7243652,35.469618,candidate URL generated from official GSI tile scheme; existence/coverage not locally verified
DEM5A,~5 m,airborne laser,15,29010,12928,https://cyberjapandata.gsi.go.jp/xyz/dem5a_png/15/29010/12928.png,138.7133789,35.4517209,138.7243652,35.46067,candidate URL generated from official GSI tile scheme; existence/coverage not locally verified
DEM5A,~5 m,airborne laser,15,29010,12929,https://cyberjapandata.gsi.go.jp/xyz/dem5a_png/15/29010/12929.png,138.7133789,35.4427709,138.7243652,35.4517209,candidate URL generated from official GSI tile scheme; existence/coverage not locally verified
DEM5A,~5 m,airborne laser,15,29010,12930,https://cyberjapandata.gsi.go.jp/xyz/dem5a_png/15/29010/12930.png,138.7133789,35.4338199,138.7243652,35.4427709,candidate URL generated from official GSI tile scheme; existence/coverage not locally verified
DEM5A,~5 m,airborne laser,15,29010,12931,https://cyberjapandata.gsi.go.jp/xyz/dem5a_png/15/29010/12931.png,138.7133789,35.4248679,138.7243652,35.4338199,candidate URL generated from official GSI tile scheme; existence/coverage not locally verified
DEM5B,~5 m,"stereo imagery, 20 cm source",15,28995,12920,https://cyberjapandata.gsi.go.jp/xyz/dem5b_png/15/28995/12920.png,138.548584,35.5232852,138.5595703,35.5322262,candidate URL generated from official GSI tile scheme; existence/coverage not locally verified
DEM5B,~5 m,"stereo imagery, 20 cm source",15,28995,12921,https://cyberjapandata.gsi.go.jp/xyz/dem5b_png/15/28995/12921.png,138.548584,35.5143431,138.5595703,35.5232852,candidate URL generated from official GSI tile scheme; existence/coverage not locally verified
DEM5B,~5 m,"stereo imagery, 20 cm source",15,28995,12922,https://cyberjapandata.gsi.go.jp/xyz/dem5b_png/15/28995/12922.png,138.548584,35.5054001,138.5595703,35.5143431,candidate URL generated from official GSI tile scheme; existence/coverage not locally verified
DEM5B,~5 m,"stereo imagery, 20 cm source",15,28995,12923,https://cyberjapandata.gsi.go.jp/xyz/dem5b_png/15/28995/12923.png,138.548584,35.4964561,138.5595703,35.5054001,candidate URL generated from official GSI tile scheme; existence/coverage not locally verified
DEM5B,~5 m,"stereo imagery, 20 cm source",15,28995,12924,https://cyberjapandata.gsi.go.jp/xyz/dem5b_png/15/28995/12924.png,138.548584,35.487511,138.5595703,35.4964561,candidate URL generated from official GSI tile scheme; existence/coverage not locally verified
DEM5B,~5 m,"stereo imagery, 20 cm source",15,28995,12925,https://cyberjapandata.gsi.go.jp/xyz/dem5b_png/15/28995/12925.png,138.548584,35.478565,138.5595703,35.487511,candidate URL generated from official GSI tile scheme; existence/coverage not locally verified
DEM5B,~5 m,"stereo imagery, 20 cm source",15,28995,12926,https://cyberjapandata.gsi.go.jp/xyz/dem5b_png/15/28995/12926.png,138.548584,35.469618,138.5595703,35.478565,candidate URL generated from official GSI tile scheme; existence/coverage not locally verified
DEM5B,~5 m,"stereo imagery, 20 cm source",15,28995,12927,https://cyberjapandata.gsi.go.jp/xyz/dem5b_png/15/28995/12927.png,138.548584,35.46067,138.5595703,35.469618,candidate URL generated from official GSI tile scheme; existence/coverage not locally verified
DEM5B,~5 m,"stereo imagery, 20 cm source",15,28995,12928,https://cyberjapandata.gsi.go.jp/xyz/dem5b_png/15/28995/12928.png,138.548584,35.4517209,138.5595703,35.46067,candidate URL generated from official GSI tile scheme; existence/coverage not locally verified
DEM5B,~5 m,"stereo imagery, 20 cm source",15,28995,12929,https://cyberjapandata.gsi.go.jp/xyz/dem5b_png/15/28995/12929.png,138.548584,35.4427709,138.5595703,35.4517209,candidate URL generated from official GSI tile scheme; existence/coverage not locally verified
DEM5B,~5 m,"stereo imagery, 20 cm source",15,28995,12930,https://cyberjapandata.gsi.go.jp/xyz/dem5b_png/15/28995/12930.png,138.548584,35.4338199,138.5595703,35.4427709,candidate URL generated from official GSI tile scheme; existence/coverage not locally verified
DEM5B,~5 m,"stereo imagery, 20 cm source",15,28995,12931,https://cyberjapandata.gsi.go.jp/xyz/dem5b_png/15/28995/12931.png,138.548584,35.4248679,138.5595703,35.4338199,candidate URL generated from official GSI tile scheme; existence/coverage not locally verified
DEM5B,~5 m,"stereo imagery, 20 cm source",15,28996,12920,https://cyberjapandata.gsi.go.jp/xyz/dem5b_png/15/28996/12920.png,138.5595703,35.5232852,138.5705566,35.5322262,candidate URL generated from official GSI tile scheme; existence/coverage not locally verified
DEM5B,~5 m,"stereo imagery, 20 cm source",15,28996,12921,https://cyberjapandata.gsi.go.jp/xyz/dem5b_png/15/28996/12921.png,138.5595703,35.5143431,138.5705566,35.5232852,candidate URL generated from official GSI tile scheme; existence/coverage not locally verified
DEM5B,~5 m,"stereo imagery, 20 cm source",15,28996,12922,https://cyberjapandata.gsi.go.jp/xyz/dem5b_png/15/28996/12922.png,138.5595703,35.5054001,138.5705566,35.5143431,candidate URL generated from official GSI tile scheme; existence/coverage not locally verified
DEM5B,~5 m,"stereo imagery, 20 cm source",15,28996,12923,https://cyberjapandata.gsi.go.jp/xyz/dem5b_png/15/28996/12923.png,138.5595703,35.4964561,138.5705566,35.5054001,candidate URL generated from official GSI tile scheme; existence/coverage not locally verified
DEM5B,~5 m,"stereo imagery, 20 cm source",15,28996,12924,https://cyberjapandata.gsi.go.jp/xyz/dem5b_png/15/28996/12924.png,138.5595703,35.487511,138.5705566,35.4964561,candidate URL generated from official GSI tile scheme; existence/coverage not locally verified
DEM5B,~5 m,"stereo imagery, 20 cm source",15,28996,12925,https://cyberjapandata.gsi.go.jp/xyz/dem5b_png/15/28996/12925.png,138.5595703,35.478565,138.5705566,35.487511,candidate URL generated from official GSI tile scheme; existence/coverage not locally verified
DEM5B,~5 m,"stereo imagery, 20 cm source",15,28996,12926,https://cyberjapandata.gsi.go.jp/xyz/dem5b_png/15/28996/12926.png,138.5595703,35.469618,138.5705566,35.478565,candidate URL generated from official GSI tile scheme; existence/coverage not locally verified
DEM5B,~5 m,"stereo imagery, 20 cm source",15,28996,12927,https://cyberjapandata.gsi.go.jp/xyz/dem5b_png/15/28996/12927.png,138.5595703,35.46067,138.5705566,35.469618,candidate URL generated from official GSI tile scheme; existence/coverage not locally verified
DEM5B,~5 m,"stereo imagery, 20 cm source",15,28996,12928,https://cyberjapandata.gsi.go.jp/xyz/dem5b_png/15/28996/12928.png,138.5595703,35.4517209,138.5705566,35.46067,candidate URL generated from official GSI tile scheme; existence/coverage not locally verified
DEM5B,~5 m,"stereo imagery, 20 cm source",15,28996,12929,https://cyberjapandata.gsi.go.jp/xyz/dem5b_png/15/28996/12929.png,138.5595703,35.4427709,138.5705566,35.4517209,candidate URL generated from official GSI tile scheme; existence/coverage not locally verified
DEM5B,~5 m,"stereo imagery, 20 cm source",15,28996,12930,https://cyberjapandata.gsi.go.jp/xyz/dem5b_png/15/28996/12930.png,138.5595703,35.4338199,138.5705566,35.4427709,candidate URL generated from official GSI tile scheme; existence/coverage not locally verified
DEM5B,~5 m,"stereo imagery, 20 cm source",15,28996,12931,https://cyberjapandata.gsi.go.jp/xyz/dem5b_png/15/28996/12931.png,138.5595703,35.4248679,138.5705566,35.4338199,candidate URL generated from official GSI tile scheme; existence/coverage not locally verified
DEM5B,~5 m,"stereo imagery, 20 cm source",15,28997,12920,https://cyberjapandata.gsi.go.jp/xyz/dem5b_png/15/28997/12920.png,138.5705566,35.5232852,138.581543,35.5322262,candidate URL generated from official GSI tile scheme; existence/coverage not locally verified
DEM5B,~5 m,"stereo imagery, 20 cm source",15,28997,12921,https://cyberjapandata.gsi.go.jp/xyz/dem5b_png/15/28997/12921.png,138.5705566,35.5143431,138.581543,35.5232852,candidate URL generated from official GSI tile scheme; existence/coverage not locally verified
DEM5B,~5 m,"stereo imagery, 20 cm source",15,28997,12922,https://cyberjapandata.gsi.go.jp/xyz/dem5b_png/15/28997/12922.png,138.5705566,35.5054001,138.581543,35.5143431,candidate URL generated from official GSI tile scheme; existence/coverage not locally verified
DEM5B,~5 m,"stereo imagery, 20 cm source",15,28997,12923,https://cyberjapandata.gsi.go.jp/xyz/dem5b_png/15/28997/12923.png,138.5705566,35.4964561,138.581543,35.5054001,candidate URL generated from official GSI tile scheme; existence/coverage not locally verified
DEM5B,~5 m,"stereo imagery, 20 cm source",15,28997,12924,https://cyberjapandata.gsi.go.jp/xyz/dem5b_png/15/28997/12924.png,138.5705566,35.487511,138.581543,35.4964561,candidate URL generated from official GSI tile scheme; existence/coverage not locally verified
DEM5B,~5 m,"stereo imagery, 20 cm source",15,28997,12925,https://cyberjapandata.gsi.go.jp/xyz/dem5b_png/15/28997/12925.png,138.5705566,35.478565,138.581543,35.487511,candidate URL generated from official GSI tile scheme; existence/coverage not locally verified
DEM5B,~5 m,"stereo imagery, 20 cm source",15,28997,12926,https://cyberjapandata.gsi.go.jp/xyz/dem5b_png/15/28997/12926.png,138.5705566,35.469618,138.581543,35.478565,candidate URL generated from official GSI tile scheme; existence/coverage not locally verified
DEM5B,~5 m,"stereo imagery, 20 cm source",15,28997,12927,https://cyberjapandata.gsi.go.jp/xyz/dem5b_png/15/28997/12927.png,138.5705566,35.46067,138.581543,35.469618,candidate URL generated from official GSI tile scheme; existence/coverage not locally verified
DEM5B,~5 m,"stereo imagery, 20 cm source",15,28997,12928,https://cyberjapandata.gsi.go.jp/xyz/dem5b_png/15/28997/12928.png,138.5705566,35.4517209,138.581543,35.46067,candidate URL generated from official GSI tile scheme; existence/coverage not locally verified
DEM5B,~5 m,"stereo imagery, 20 cm source",15,28997,12929,https://cyberjapandata.gsi.go.jp/xyz/dem5b_png/15/28997/12929.png,138.5705566,35.4427709,138.581543,35.4517209,candidate URL generated from official GSI tile scheme; existence/coverage not locally verified
DEM5B,~5 m,"stereo imagery, 20 cm source",15,28997,12930,https://cyberjapandata.gsi.go.jp/xyz/dem5b_png/15/28997/12930.png,138.5705566,35.4338199,138.581543,35.4427709,candidate URL generated from official GSI tile scheme; existence/coverage not locally verified
DEM5B,~5 m,"stereo imagery, 20 cm source",15,28997,12931,https://cyberjapandata.gsi.go.jp/xyz/dem5b_png/15/28997/12931.png,138.5705566,35.4248679,138.581543,35.4338199,candidate URL generated from official GSI tile scheme; existence/coverage not locally verified
DEM5B,~5 m,"stereo imagery, 20 cm source",15,28998,12920,https://cyberjapandata.gsi.go.jp/xyz/dem5b_png/15/28998/12920.png,138.581543,35.5232852,138.5925293,35.5322262,candidate URL generated from official GSI tile scheme; existence/coverage not locally verified
DEM5B,~5 m,"stereo imagery, 20 cm source",15,28998,12921,https://cyberjapandata.gsi.go.jp/xyz/dem5b_png/15/28998/12921.png,138.581543,35.5143431,138.5925293,35.5232852,candidate URL generated from official GSI tile scheme; existence/coverage not locally verified
DEM5B,~5 m,"stereo imagery, 20 cm source",15,28998,12922,https://cyberjapandata.gsi.go.jp/xyz/dem5b_png/15/28998/12922.png,138.581543,35.5054001,138.5925293,35.5143431,candidate URL generated from official GSI tile scheme; existence/coverage not locally verified
DEM5B,~5 m,"stereo imagery, 20 cm source",15,28998,12923,https://cyberjapandata.gsi.go.jp/xyz/dem5b_png/15/28998/12923.png,138.581543,35.4964561,138.5925293,35.5054001,candidate URL generated from official GSI tile scheme; existence/coverage not locally verified
DEM5B,~5 m,"stereo imagery, 20 cm source",15,28998,12924,https://cyberjapandata.gsi.go.jp/xyz/dem5b_png/15/28998/12924.png,138.581543,35.487511,138.5925293,35.4964561,candidate URL generated from official GSI tile scheme; existence/coverage not locally verified
DEM5B,~5 m,"stereo imagery, 20 cm source",15,28998,12925,https://cyberjapandata.gsi.go.jp/xyz/dem5b_png/15/28998/12925.png,138.581543,35.478565,138.5925293,35.487511,candidate URL generated from official GSI tile scheme; existence/coverage not locally verified
DEM5B,~5 m,"stereo imagery, 20 cm source",15,28998,12926,https://cyberjapandata.gsi.go.jp/xyz/dem5b_png/15/28998/12926.png,138.581543,35.469618,138.5925293,35.478565,candidate URL generated from official GSI tile scheme; existence/coverage not locally verified
DEM5B,~5 m,"stereo imagery, 20 cm source",15,28998,12927,https://cyberjapandata.gsi.go.jp/xyz/dem5b_png/15/28998/12927.png,138.581543,35.46067,138.5925293,35.469618,candidate URL generated from official GSI tile scheme; existence/coverage not locally verified
DEM5B,~5 m,"stereo imagery, 20 cm source",15,28998,12928,https://cyberjapandata.gsi.go.jp/xyz/dem5b_png/15/28998/12928.png,138.581543,35.4517209,138.5925293,35.46067,candidate URL generated from official GSI tile scheme; existence/coverage not locally verified
DEM5B,~5 m,"stereo imagery, 20 cm source",15,28998,12929,https://cyberjapandata.gsi.go.jp/xyz/dem5b_png/15/28998/12929.png,138.581543,35.4427709,138.5925293,35.4517209,candidate URL generated from official GSI tile scheme; existence/coverage not locally verified
DEM5B,~5 m,"stereo imagery, 20 cm source",15,28998,12930,https://cyberjapandata.gsi.go.jp/xyz/dem5b_png/15/28998/12930.png,138.581543,35.4338199,138.5925293,35.4427709,candidate URL generated from official GSI tile scheme; existence/coverage not locally verified
DEM5B,~5 m,"stereo imagery, 20 cm source",15,28998,12931,https://cyberjapandata.gsi.go.jp/xyz/dem5b_png/15/28998/12931.png,138.581543,35.4248679,138.5925293,35.4338199,candidate URL generated from official GSI tile scheme; existence/coverage not locally verified
DEM5B,~5 m,"stereo imagery, 20 cm source",15,28999,12920,https://cyberjapandata.gsi.go.jp/xyz/dem5b_png/15/28999/12920.png,138.5925293,35.5232852,138.6035156,35.5322262,candidate URL generated from official GSI tile scheme; existence/coverage not locally verified
DEM5B,~5 m,"stereo imagery, 20 cm source",15,28999,12921,https://cyberjapandata.gsi.go.jp/xyz/dem5b_png/15/28999/12921.png,138.5925293,35.5143431,138.6035156,35.5232852,candidate URL generated from official GSI tile scheme; existence/coverage not locally verified
DEM5B,~5 m,"stereo imagery, 20 cm source",15,28999,12922,https://cyberjapandata.gsi.go.jp/xyz/dem5b_png/15/28999/12922.png,138.5925293,35.5054001,138.6035156,35.5143431,candidate URL generated from official GSI tile scheme; existence/coverage not locally verified
DEM5B,~5 m,"stereo imagery, 20 cm source",15,28999,12923,https://cyberjapandata.gsi.go.jp/xyz/dem5b_png/15/28999/12923.png,138.5925293,35.4964561,138.6035156,35.5054001,candidate URL generated from official GSI tile scheme; existence/coverage not locally verified
DEM5B,~5 m,"stereo imagery, 20 cm source",15,28999,12924,https://cyberjapandata.gsi.go.jp/xyz/dem5b_png/15/28999/12924.png,138.5925293,35.487511,138.6035156,35.4964561,candidate URL generated from official GSI tile scheme; existence/coverage not locally verified
DEM5B,~5 m,"stereo imagery, 20 cm source",15,28999,12925,https://cyberjapandata.gsi.go.jp/xyz/dem5b_png/15/28999/12925.png,138.5925293,35.478565,138.6035156,35.487511,candidate URL generated from official GSI tile scheme; existence/coverage not locally verified
DEM5B,~5 m,"stereo imagery, 20 cm source",15,28999,12926,https://cyberjapandata.gsi.go.jp/xyz/dem5b_png/15/28999/12926.png,138.5925293,35.469618,138.6035156,35.478565,candidate URL generated from official GSI tile scheme; existence/coverage not locally verified
DEM5B,~5 m,"stereo imagery, 20 cm source",15,28999,12927,https://cyberjapandata.gsi.go.jp/xyz/dem5b_png/15/28999/12927.png,138.5925293,35.46067,138.6035156,35.469618,candidate URL generated from official GSI tile scheme; existence/coverage not locally verified
DEM5B,~5 m,"stereo imagery, 20 cm source",15,28999,12928,https://cyberjapandata.gsi.go.jp/xyz/dem5b_png/15/28999/12928.png,138.5925293,35.4517209,138.6035156,35.46067,candidate URL generated from official GSI tile scheme; existence/coverage not locally verified
DEM5B,~5 m,"stereo imagery, 20 cm source",15,28999,12929,https://cyberjapandata.gsi.go.jp/xyz/dem5b_png/15/28999/12929.png,138.5925293,35.4427709,138.6035156,35.4517209,candidate URL generated from official GSI tile scheme; existence/coverage not locally verified
DEM5B,~5 m,"stereo imagery, 20 cm source",15,28999,12930,https://cyberjapandata.gsi.go.jp/xyz/dem5b_png/15/28999/12930.png,138.5925293,35.4338199,138.6035156,35.4427709,candidate URL generated from official GSI tile scheme; existence/coverage not locally verified
DEM5B,~5 m,"stereo imagery, 20 cm source",15,28999,12931,https://cyberjapandata.gsi.go.jp/xyz/dem5b_png/15/28999/12931.png,138.5925293,35.4248679,138.6035156,35.4338199,candidate URL generated from official GSI tile scheme; existence/coverage not locally verified
DEM5B,~5 m,"stereo imagery, 20 cm source",15,29000,12920,https://cyberjapandata.gsi.go.jp/xyz/dem5b_png/15/29000/12920.png,138.6035156,35.5232852,138.614502,35.5322262,candidate URL generated from official GSI tile scheme; existence/coverage not locally verified
DEM5B,~5 m,"stereo imagery, 20 cm source",15,29000,12921,https://cyberjapandata.gsi.go.jp/xyz/dem5b_png/15/29000/12921.png,138.6035156,35.5143431,138.614502,35.5232852,candidate URL generated from official GSI tile scheme; existence/coverage not locally verified
DEM5B,~5 m,"stereo imagery, 20 cm source",15,29000,12922,https://cyberjapandata.gsi.go.jp/xyz/dem5b_png/15/29000/12922.png,138.6035156,35.5054001,138.614502,35.5143431,candidate URL generated from official GSI tile scheme; existence/coverage not locally verified
DEM5B,~5 m,"stereo imagery, 20 cm source",15,29000,12923,https://cyberjapandata.gsi.go.jp/xyz/dem5b_png/15/29000/12923.png,138.6035156,35.4964561,138.614502,35.5054001,candidate URL generated from official GSI tile scheme; existence/coverage not locally verified
DEM5B,~5 m,"stereo imagery, 20 cm source",15,29000,12924,https://cyberjapandata.gsi.go.jp/xyz/dem5b_png/15/29000/12924.png,138.6035156,35.487511,138.614502,35.4964561,candidate URL generated from official GSI tile scheme; existence/coverage not locally verified
DEM5B,~5 m,"stereo imagery, 20 cm source",15,29000,12925,https://cyberjapandata.gsi.go.jp/xyz/dem5b_png/15/29000/12925.png,138.6035156,35.478565,138.614502,35.487511,candidate URL generated from official GSI tile scheme; existence/coverage not locally verified
DEM5B,~5 m,"stereo imagery, 20 cm source",15,29000,12926,https://cyberjapandata.gsi.go.jp/xyz/dem5b_png/15/29000/12926.png,138.6035156,35.469618,138.614502,35.478565,candidate URL generated from official GSI tile scheme; existence/coverage not locally verified
DEM5B,~5 m,"stereo imagery, 20 cm source",15,29000,12927,https://cyberjapandata.gsi.go.jp/xyz/dem5b_png/15/29000/12927.png,138.6035156,35.46067,138.614502,35.469618,candidate URL generated from official GSI tile scheme; existence/coverage not locally verified
DEM5B,~5 m,"stereo imagery, 20 cm source",15,29000,12928,https://cyberjapandata.gsi.go.jp/xyz/dem5b_png/15/29000/12928.png,138.6035156,35.4517209,138.614502,35.46067,candidate URL generated from official GSI tile scheme; existence/coverage not locally verified
DEM5B,~5 m,"stereo imagery, 20 cm source",15,29000,12929,https://cyberjapandata.gsi.go.jp/xyz/dem5b_png/15/29000/12929.png,138.6035156,35.4427709,138.614502,35.4517209,candidate URL generated from official GSI tile scheme; existence/coverage not locally verified
DEM5B,~5 m,"stereo imagery, 20 cm source",15,29000,12930,https://cyberjapandata.gsi.go.jp/xyz/dem5b_png/15/29000/12930.png,138.6035156,35.4338199,138.614502,35.4427709,candidate URL generated from official GSI tile scheme; existence/coverage not locally verified
DEM5B,~5 m,"stereo imagery, 20 cm source",15,29000,12931,https://cyberjapandata.gsi.go.jp/xyz/dem5b_png/15/29000/12931.png,138.6035156,35.4248679,138.614502,35.4338199,candidate URL generated from official GSI tile scheme; existence/coverage not locally verified
DEM5B,~5 m,"stereo imagery, 20 cm source",15,29001,12920,https://cyberjapandata.gsi.go.jp/xyz/dem5b_png/15/29001/12920.png,138.614502,35.5232852,138.6254883,35.5322262,candidate URL generated from official GSI tile scheme; existence/coverage not locally verified
DEM5B,~5 m,"stereo imagery, 20 cm source",15,29001,12921,https://cyberjapandata.gsi.go.jp/xyz/dem5b_png/15/29001/12921.png,138.614502,35.5143431,138.6254883,35.5232852,candidate URL generated from official GSI tile scheme; existence/coverage not locally verified
DEM5B,~5 m,"stereo imagery, 20 cm source",15,29001,12922,https://cyberjapandata.gsi.go.jp/xyz/dem5b_png/15/29001/12922.png,138.614502,35.5054001,138.6254883,35.5143431,candidate URL generated from official GSI tile scheme; existence/coverage not locally verified
DEM5B,~5 m,"stereo imagery, 20 cm source",15,29001,12923,https://cyberjapandata.gsi.go.jp/xyz/dem5b_png/15/29001/12923.png,138.614502,35.4964561,138.6254883,35.5054001,candidate URL generated from official GSI tile scheme; existence/coverage not locally verified
DEM5B,~5 m,"stereo imagery, 20 cm source",15,29001,12924,https://cyberjapandata.gsi.go.jp/xyz/dem5b_png/15/29001/12924.png,138.614502,35.487511,138.6254883,35.4964561,candidate URL generated from official GSI tile scheme; existence/coverage not locally verified
DEM5B,~5 m,"stereo imagery, 20 cm source",15,29001,12925,https://cyberjapandata.gsi.go.jp/xyz/dem5b_png/15/29001/12925.png,138.614502,35.478565,138.6254883,35.487511,candidate URL generated from official GSI tile scheme; existence/coverage not locally verified
DEM5B,~5 m,"stereo imagery, 20 cm source",15,29001,12926,https://cyberjapandata.gsi.go.jp/xyz/dem5b_png/15/29001/12926.png,138.614502,35.469618,138.6254883,35.478565,candidate URL generated from official GSI tile scheme; existence/coverage not locally verified
DEM5B,~5 m,"stereo imagery, 20 cm source",15,29001,12927,https://cyberjapandata.gsi.go.jp/xyz/dem5b_png/15/29001/12927.png,138.614502,35.46067,138.6254883,35.469618,candidate URL generated from official GSI tile scheme; existence/coverage not locally verified
DEM5B,~5 m,"stereo imagery, 20 cm source",15,29001,12928,https://cyberjapandata.gsi.go.jp/xyz/dem5b_png/15/29001/12928.png,138.614502,35.4517209,138.6254883,35.46067,candidate URL generated from official GSI tile scheme; existence/coverage not locally verified
DEM5B,~5 m,"stereo imagery, 20 cm source",15,29001,12929,https://cyberjapandata.gsi.go.jp/xyz/dem5b_png/15/29001/12929.png,138.614502,35.4427709,138.6254883,35.4517209,candidate URL generated from official GSI tile scheme; existence/coverage not locally verified
DEM5B,~5 m,"stereo imagery, 20 cm source",15,29001,12930,https://cyberjapandata.gsi.go.jp/xyz/dem5b_png/15/29001/12930.png,138.614502,35.4338199,138.6254883,35.4427709,candidate URL generated from official GSI tile scheme; existence/coverage not locally verified
DEM5B,~5 m,"stereo imagery, 20 cm source",15,29001,12931,https://cyberjapandata.gsi.go.jp/xyz/dem5b_png/15/29001/12931.png,138.614502,35.4248679,138.6254883,35.4338199,candidate URL generated from official GSI tile scheme; existence/coverage not locally verified
DEM5B,~5 m,"stereo imagery, 20 cm source",15,29002,12920,https://cyberjapandata.gsi.go.jp/xyz/dem5b_png/15/29002/12920.png,138.6254883,35.5232852,138.6364746,35.5322262,candidate URL generated from official GSI tile scheme; existence/coverage not locally verified
DEM5B,~5 m,"stereo imagery, 20 cm source",15,29002,12921,https://cyberjapandata.gsi.go.jp/xyz/dem5b_png/15/29002/12921.png,138.6254883,35.5143431,138.6364746,35.5232852,candidate URL generated from official GSI tile scheme; existence/coverage not locally verified
DEM5B,~5 m,"stereo imagery, 20 cm source",15,29002,12922,https://cyberjapandata.gsi.go.jp/xyz/dem5b_png/15/29002/12922.png,138.6254883,35.5054001,138.6364746,35.5143431,candidate URL generated from official GSI tile scheme; existence/coverage not locally verified
DEM5B,~5 m,"stereo imagery, 20 cm source",15,29002,12923,https://cyberjapandata.gsi.go.jp/xyz/dem5b_png/15/29002/12923.png,138.6254883,35.4964561,138.6364746,35.5054001,candidate URL generated from official GSI tile scheme; existence/coverage not locally verified
DEM5B,~5 m,"stereo imagery, 20 cm source",15,29002,12924,https://cyberjapandata.gsi.go.jp/xyz/dem5b_png/15/29002/12924.png,138.6254883,35.487511,138.6364746,35.4964561,candidate URL generated from official GSI tile scheme; existence/coverage not locally verified
DEM5B,~5 m,"stereo imagery, 20 cm source",15,29002,12925,https://cyberjapandata.gsi.go.jp/xyz/dem5b_png/15/29002/12925.png,138.6254883,35.478565,138.6364746,35.487511,candidate URL generated from official GSI tile scheme; existence/coverage not locally verified
DEM5B,~5 m,"stereo imagery, 20 cm source",15,29002,12926,https://cyberjapandata.gsi.go.jp/xyz/dem5b_png/15/29002/12926.png,138.6254883,35.469618,138.6364746,35.478565,candidate URL generated from official GSI tile scheme; existence/coverage not locally verified
DEM5B,~5 m,"stereo imagery, 20 cm source",15,29002,12927,https://cyberjapandata.gsi.go.jp/xyz/dem5b_png/15/29002/12927.png,138.6254883,35.46067,138.6364746,35.469618,candidate URL generated from official GSI tile scheme; existence/coverage not locally verified
DEM5B,~5 m,"stereo imagery, 20 cm source",15,29002,12928,https://cyberjapandata.gsi.go.jp/xyz/dem5b_png/15/29002/12928.png,138.6254883,35.4517209,138.6364746,35.46067,candidate URL generated from official GSI tile scheme; existence/coverage not locally verified
DEM5B,~5 m,"stereo imagery, 20 cm source",15,29002,12929,https://cyberjapandata.gsi.go.jp/xyz/dem5b_png/15/29002/12929.png,138.6254883,35.4427709,138.6364746,35.4517209,candidate URL generated from official GSI tile scheme; existence/coverage not locally verified
DEM5B,~5 m,"stereo imagery, 20 cm source",15,29002,12930,https://cyberjapandata.gsi.go.jp/xyz/dem5b_png/15/29002/12930.png,138.6254883,35.4338199,138.6364746,35.4427709,candidate URL generated from official GSI tile scheme; existence/coverage not locally verified
DEM5B,~5 m,"stereo imagery, 20 cm source",15,29002,12931,https://cyberjapandata.gsi.go.jp/xyz/dem5b_png/15/29002/12931.png,138.6254883,35.4248679,138.6364746,35.4338199,candidate URL generated from official GSI tile scheme; existence/coverage not locally verified
DEM5B,~5 m,"stereo imagery, 20 cm source",15,29003,12920,https://cyberjapandata.gsi.go.jp/xyz/dem5b_png/15/29003/12920.png,138.6364746,35.5232852,138.6474609,35.5322262,candidate URL generated from official GSI tile scheme; existence/coverage not locally verified
DEM5B,~5 m,"stereo imagery, 20 cm source",15,29003,12921,https://cyberjapandata.gsi.go.jp/xyz/dem5b_png/15/29003/12921.png,138.6364746,35.5143431,138.6474609,35.5232852,candidate URL generated from official GSI tile scheme; existence/coverage not locally verified
DEM5B,~5 m,"stereo imagery, 20 cm source",15,29003,12922,https://cyberjapandata.gsi.go.jp/xyz/dem5b_png/15/29003/12922.png,138.6364746,35.5054001,138.6474609,35.5143431,candidate URL generated from official GSI tile scheme; existence/coverage not locally verified
DEM5B,~5 m,"stereo imagery, 20 cm source",15,29003,12923,https://cyberjapandata.gsi.go.jp/xyz/dem5b_png/15/29003/12923.png,138.6364746,35.4964561,138.6474609,35.5054001,candidate URL generated from official GSI tile scheme; existence/coverage not locally verified
DEM5B,~5 m,"stereo imagery, 20 cm source",15,29003,12924,https://cyberjapandata.gsi.go.jp/xyz/dem5b_png/15/29003/12924.png,138.6364746,35.487511,138.6474609,35.4964561,candidate URL generated from official GSI tile scheme; existence/coverage not locally verified
DEM5B,~5 m,"stereo imagery, 20 cm source",15,29003,12925,https://cyberjapandata.gsi.go.jp/xyz/dem5b_png/15/29003/12925.png,138.6364746,35.478565,138.6474609,35.487511,candidate URL generated from official GSI tile scheme; existence/coverage not locally verified
DEM5B,~5 m,"stereo imagery, 20 cm source",15,29003,12926,https://cyberjapandata.gsi.go.jp/xyz/dem5b_png/15/29003/12926.png,138.6364746,35.469618,138.6474609,35.478565,candidate URL generated from official GSI tile scheme; existence/coverage not locally verified
DEM5B,~5 m,"stereo imagery, 20 cm source",15,29003,12927,https://cyberjapandata.gsi.go.jp/xyz/dem5b_png/15/29003/12927.png,138.6364746,35.46067,138.6474609,35.469618,candidate URL generated from official GSI tile scheme; existence/coverage not locally verified
DEM5B,~5 m,"stereo imagery, 20 cm source",15,29003,12928,https://cyberjapandata.gsi.go.jp/xyz/dem5b_png/15/29003/12928.png,138.6364746,35.4517209,138.6474609,35.46067,candidate URL generated from official GSI tile scheme; existence/coverage not locally verified
DEM5B,~5 m,"stereo imagery, 20 cm source",15,29003,12929,https://cyberjapandata.gsi.go.jp/xyz/dem5b_png/15/29003/12929.png,138.6364746,35.4427709,138.6474609,35.4517209,candidate URL generated from official GSI tile scheme; existence/coverage not locally verified
DEM5B,~5 m,"stereo imagery, 20 cm source",15,29003,12930,https://cyberjapandata.gsi.go.jp/xyz/dem5b_png/15/29003/12930.png,138.6364746,35.4338199,138.6474609,35.4427709,candidate URL generated from official GSI tile scheme; existence/coverage not locally verified
DEM5B,~5 m,"stereo imagery, 20 cm source",15,29003,12931,https://cyberjapandata.gsi.go.jp/xyz/dem5b_png/15/29003/12931.png,138.6364746,35.4248679,138.6474609,35.4338199,candidate URL generated from official GSI tile scheme; existence/coverage not locally verified
DEM5B,~5 m,"stereo imagery, 20 cm source",15,29004,12920,https://cyberjapandata.gsi.go.jp/xyz/dem5b_png/15/29004/12920.png,138.6474609,35.5232852,138.6584473,35.5322262,candidate URL generated from official GSI tile scheme; existence/coverage not locally verified
DEM5B,~5 m,"stereo imagery, 20 cm source",15,29004,12921,https://cyberjapandata.gsi.go.jp/xyz/dem5b_png/15/29004/12921.png,138.6474609,35.5143431,138.6584473,35.5232852,candidate URL generated from official GSI tile scheme; existence/coverage not locally verified
DEM5B,~5 m,"stereo imagery, 20 cm source",15,29004,12922,https://cyberjapandata.gsi.go.jp/xyz/dem5b_png/15/29004/12922.png,138.6474609,35.5054001,138.6584473,35.5143431,candidate URL generated from official GSI tile scheme; existence/coverage not locally verified
DEM5B,~5 m,"stereo imagery, 20 cm source",15,29004,12923,https://cyberjapandata.gsi.go.jp/xyz/dem5b_png/15/29004/12923.png,138.6474609,35.4964561,138.6584473,35.5054001,candidate URL generated from official GSI tile scheme; existence/coverage not locally verified
DEM5B,~5 m,"stereo imagery, 20 cm source",15,29004,12924,https://cyberjapandata.gsi.go.jp/xyz/dem5b_png/15/29004/12924.png,138.6474609,35.487511,138.6584473,35.4964561,candidate URL generated from official GSI tile scheme; existence/coverage not locally verified
DEM5B,~5 m,"stereo imagery, 20 cm source",15,29004,12925,https://cyberjapandata.gsi.go.jp/xyz/dem5b_png/15/29004/12925.png,138.6474609,35.478565,138.6584473,35.487511,candidate URL generated from official GSI tile scheme; existence/coverage not locally verified
DEM5B,~5 m,"stereo imagery, 20 cm source",15,29004,12926,https://cyberjapandata.gsi.go.jp/xyz/dem5b_png/15/29004/12926.png,138.6474609,35.469618,138.6584473,35.478565,candidate URL generated from official GSI tile scheme; existence/coverage not locally verified
DEM5B,~5 m,"stereo imagery, 20 cm source",15,29004,12927,https://cyberjapandata.gsi.go.jp/xyz/dem5b_png/15/29004/12927.png,138.6474609,35.46067,138.6584473,35.469618,candidate URL generated from official GSI tile scheme; existence/coverage not locally verified
DEM5B,~5 m,"stereo imagery, 20 cm source",15,29004,12928,https://cyberjapandata.gsi.go.jp/xyz/dem5b_png/15/29004/12928.png,138.6474609,35.4517209,138.6584473,35.46067,candidate URL generated from official GSI tile scheme; existence/coverage not locally verified
DEM5B,~5 m,"stereo imagery, 20 cm source",15,29004,12929,https://cyberjapandata.gsi.go.jp/xyz/dem5b_png/15/29004/12929.png,138.6474609,35.4427709,138.6584473,35.4517209,candidate URL generated from official GSI tile scheme; existence/coverage not locally verified
DEM5B,~5 m,"stereo imagery, 20 cm source",15,29004,12930,https://cyberjapandata.gsi.go.jp/xyz/dem5b_png/15/29004/12930.png,138.6474609,35.4338199,138.6584473,35.4427709,candidate URL generated from official GSI tile scheme; existence/coverage not locally verified
DEM5B,~5 m,"stereo imagery, 20 cm source",15,29004,12931,https://cyberjapandata.gsi.go.jp/xyz/dem5b_png/15/29004/12931.png,138.6474609,35.4248679,138.6584473,35.4338199,candidate URL generated from official GSI tile scheme; existence/coverage not locally verified
DEM5B,~5 m,"stereo imagery, 20 cm source",15,29005,12920,https://cyberjapandata.gsi.go.jp/xyz/dem5b_png/15/29005/12920.png,138.6584473,35.5232852,138.6694336,35.5322262,candidate URL generated from official GSI tile scheme; existence/coverage not locally verified
DEM5B,~5 m,"stereo imagery, 20 cm source",15,29005,12921,https://cyberjapandata.gsi.go.jp/xyz/dem5b_png/15/29005/12921.png,138.6584473,35.5143431,138.6694336,35.5232852,candidate URL generated from official GSI tile scheme; existence/coverage not locally verified
DEM5B,~5 m,"stereo imagery, 20 cm source",15,29005,12922,https://cyberjapandata.gsi.go.jp/xyz/dem5b_png/15/29005/12922.png,138.6584473,35.5054001,138.6694336,35.5143431,candidate URL generated from official GSI tile scheme; existence/coverage not locally verified
DEM5B,~5 m,"stereo imagery, 20 cm source",15,29005,12923,https://cyberjapandata.gsi.go.jp/xyz/dem5b_png/15/29005/12923.png,138.6584473,35.4964561,138.6694336,35.5054001,candidate URL generated from official GSI tile scheme; existence/coverage not locally verified
DEM5B,~5 m,"stereo imagery, 20 cm source",15,29005,12924,https://cyberjapandata.gsi.go.jp/xyz/dem5b_png/15/29005/12924.png,138.6584473,35.487511,138.6694336,35.4964561,candidate URL generated from official GSI tile scheme; existence/coverage not locally verified
DEM5B,~5 m,"stereo imagery, 20 cm source",15,29005,12925,https://cyberjapandata.gsi.go.jp/xyz/dem5b_png/15/29005/12925.png,138.6584473,35.478565,138.6694336,35.487511,candidate URL generated from official GSI tile scheme; existence/coverage not locally verified
DEM5B,~5 m,"stereo imagery, 20 cm source",15,29005,12926,https://cyberjapandata.gsi.go.jp/xyz/dem5b_png/15/29005/12926.png,138.6584473,35.469618,138.6694336,35.478565,candidate URL generated from official GSI tile scheme; existence/coverage not locally verified
DEM5B,~5 m,"stereo imagery, 20 cm source",15,29005,12927,https://cyberjapandata.gsi.go.jp/xyz/dem5b_png/15/29005/12927.png,138.6584473,35.46067,138.6694336,35.469618,candidate URL generated from official GSI tile scheme; existence/coverage not locally verified
DEM5B,~5 m,"stereo imagery, 20 cm source",15,29005,12928,https://cyberjapandata.gsi.go.jp/xyz/dem5b_png/15/29005/12928.png,138.6584473,35.4517209,138.6694336,35.46067,candidate URL generated from official GSI tile scheme; existence/coverage not locally verified
DEM5B,~5 m,"stereo imagery, 20 cm source",15,29005,12929,https://cyberjapandata.gsi.go.jp/xyz/dem5b_png/15/29005/12929.png,138.6584473,35.4427709,138.6694336,35.4517209,candidate URL generated from official GSI tile scheme; existence/coverage not locally verified
DEM5B,~5 m,"stereo imagery, 20 cm source",15,29005,12930,https://cyberjapandata.gsi.go.jp/xyz/dem5b_png/15/29005/12930.png,138.6584473,35.4338199,138.6694336,35.4427709,candidate URL generated from official GSI tile scheme; existence/coverage not locally verified
DEM5B,~5 m,"stereo imagery, 20 cm source",15,29005,12931,https://cyberjapandata.gsi.go.jp/xyz/dem5b_png/15/29005/12931.png,138.6584473,35.4248679,138.6694336,35.4338199,candidate URL generated from official GSI tile scheme; existence/coverage not locally verified
DEM5B,~5 m,"stereo imagery, 20 cm source",15,29006,12920,https://cyberjapandata.gsi.go.jp/xyz/dem5b_png/15/29006/12920.png,138.6694336,35.5232852,138.6804199,35.5322262,candidate URL generated from official GSI tile scheme; existence/coverage not locally verified
DEM5B,~5 m,"stereo imagery, 20 cm source",15,29006,12921,https://cyberjapandata.gsi.go.jp/xyz/dem5b_png/15/29006/12921.png,138.6694336,35.5143431,138.6804199,35.5232852,candidate URL generated from official GSI tile scheme; existence/coverage not locally verified
DEM5B,~5 m,"stereo imagery, 20 cm source",15,29006,12922,https://cyberjapandata.gsi.go.jp/xyz/dem5b_png/15/29006/12922.png,138.6694336,35.5054001,138.6804199,35.5143431,candidate URL generated from official GSI tile scheme; existence/coverage not locally verified
DEM5B,~5 m,"stereo imagery, 20 cm source",15,29006,12923,https://cyberjapandata.gsi.go.jp/xyz/dem5b_png/15/29006/12923.png,138.6694336,35.4964561,138.6804199,35.5054001,candidate URL generated from official GSI tile scheme; existence/coverage not locally verified
DEM5B,~5 m,"stereo imagery, 20 cm source",15,29006,12924,https://cyberjapandata.gsi.go.jp/xyz/dem5b_png/15/29006/12924.png,138.6694336,35.487511,138.6804199,35.4964561,candidate URL generated from official GSI tile scheme; existence/coverage not locally verified
DEM5B,~5 m,"stereo imagery, 20 cm source",15,29006,12925,https://cyberjapandata.gsi.go.jp/xyz/dem5b_png/15/29006/12925.png,138.6694336,35.478565,138.6804199,35.487511,candidate URL generated from official GSI tile scheme; existence/coverage not locally verified
DEM5B,~5 m,"stereo imagery, 20 cm source",15,29006,12926,https://cyberjapandata.gsi.go.jp/xyz/dem5b_png/15/29006/12926.png,138.6694336,35.469618,138.6804199,35.478565,candidate URL generated from official GSI tile scheme; existence/coverage not locally verified
DEM5B,~5 m,"stereo imagery, 20 cm source",15,29006,12927,https://cyberjapandata.gsi.go.jp/xyz/dem5b_png/15/29006/12927.png,138.6694336,35.46067,138.6804199,35.469618,candidate URL generated from official GSI tile scheme; existence/coverage not locally verified
DEM5B,~5 m,"stereo imagery, 20 cm source",15,29006,12928,https://cyberjapandata.gsi.go.jp/xyz/dem5b_png/15/29006/12928.png,138.6694336,35.4517209,138.6804199,35.46067,candidate URL generated from official GSI tile scheme; existence/coverage not locally verified
DEM5B,~5 m,"stereo imagery, 20 cm source",15,29006,12929,https://cyberjapandata.gsi.go.jp/xyz/dem5b_png/15/29006/12929.png,138.6694336,35.4427709,138.6804199,35.4517209,candidate URL generated from official GSI tile scheme; existence/coverage not locally verified
DEM5B,~5 m,"stereo imagery, 20 cm source",15,29006,12930,https://cyberjapandata.gsi.go.jp/xyz/dem5b_png/15/29006/12930.png,138.6694336,35.4338199,138.6804199,35.4427709,candidate URL generated from official GSI tile scheme; existence/coverage not locally verified
DEM5B,~5 m,"stereo imagery, 20 cm source",15,29006,12931,https://cyberjapandata.gsi.go.jp/xyz/dem5b_png/15/29006/12931.png,138.6694336,35.4248679,138.6804199,35.4338199,candidate URL generated from official GSI tile scheme; existence/coverage not locally verified
DEM5B,~5 m,"stereo imagery, 20 cm source",15,29007,12920,https://cyberjapandata.gsi.go.jp/xyz/dem5b_png/15/29007/12920.png,138.6804199,35.5232852,138.6914062,35.5322262,candidate URL generated from official GSI tile scheme; existence/coverage not locally verified
DEM5B,~5 m,"stereo imagery, 20 cm source",15,29007,12921,https://cyberjapandata.gsi.go.jp/xyz/dem5b_png/15/29007/12921.png,138.6804199,35.5143431,138.6914062,35.5232852,candidate URL generated from official GSI tile scheme; existence/coverage not locally verified
DEM5B,~5 m,"stereo imagery, 20 cm source",15,29007,12922,https://cyberjapandata.gsi.go.jp/xyz/dem5b_png/15/29007/12922.png,138.6804199,35.5054001,138.6914062,35.5143431,candidate URL generated from official GSI tile scheme; existence/coverage not locally verified
DEM5B,~5 m,"stereo imagery, 20 cm source",15,29007,12923,https://cyberjapandata.gsi.go.jp/xyz/dem5b_png/15/29007/12923.png,138.6804199,35.4964561,138.6914062,35.5054001,candidate URL generated from official GSI tile scheme; existence/coverage not locally verified
DEM5B,~5 m,"stereo imagery, 20 cm source",15,29007,12924,https://cyberjapandata.gsi.go.jp/xyz/dem5b_png/15/29007/12924.png,138.6804199,35.487511,138.6914062,35.4964561,candidate URL generated from official GSI tile scheme; existence/coverage not locally verified
DEM5B,~5 m,"stereo imagery, 20 cm source",15,29007,12925,https://cyberjapandata.gsi.go.jp/xyz/dem5b_png/15/29007/12925.png,138.6804199,35.478565,138.6914062,35.487511,candidate URL generated from official GSI tile scheme; existence/coverage not locally verified
DEM5B,~5 m,"stereo imagery, 20 cm source",15,29007,12926,https://cyberjapandata.gsi.go.jp/xyz/dem5b_png/15/29007/12926.png,138.6804199,35.469618,138.6914062,35.478565,candidate URL generated from official GSI tile scheme; existence/coverage not locally verified
DEM5B,~5 m,"stereo imagery, 20 cm source",15,29007,12927,https://cyberjapandata.gsi.go.jp/xyz/dem5b_png/15/29007/12927.png,138.6804199,35.46067,138.6914062,35.469618,candidate URL generated from official GSI tile scheme; existence/coverage not locally verified
DEM5B,~5 m,"stereo imagery, 20 cm source",15,29007,12928,https://cyberjapandata.gsi.go.jp/xyz/dem5b_png/15/29007/12928.png,138.6804199,35.4517209,138.6914062,35.46067,candidate URL generated from official GSI tile scheme; existence/coverage not locally verified
DEM5B,~5 m,"stereo imagery, 20 cm source",15,29007,12929,https://cyberjapandata.gsi.go.jp/xyz/dem5b_png/15/29007/12929.png,138.6804199,35.4427709,138.6914062,35.4517209,candidate URL generated from official GSI tile scheme; existence/coverage not locally verified
DEM5B,~5 m,"stereo imagery, 20 cm source",15,29007,12930,https://cyberjapandata.gsi.go.jp/xyz/dem5b_png/15/29007/12930.png,138.6804199,35.4338199,138.6914062,35.4427709,candidate URL generated from official GSI tile scheme; existence/coverage not locally verified
DEM5B,~5 m,"stereo imagery, 20 cm source",15,29007,12931,https://cyberjapandata.gsi.go.jp/xyz/dem5b_png/15/29007/12931.png,138.6804199,35.4248679,138.6914062,35.4338199,candidate URL generated from official GSI tile scheme; existence/coverage not locally verified
DEM5B,~5 m,"stereo imagery, 20 cm source",15,29008,12920,https://cyberjapandata.gsi.go.jp/xyz/dem5b_png/15/29008/12920.png,138.6914062,35.5232852,138.7023926,35.5322262,candidate URL generated from official GSI tile scheme; existence/coverage not locally verified
DEM5B,~5 m,"stereo imagery, 20 cm source",15,29008,12921,https://cyberjapandata.gsi.go.jp/xyz/dem5b_png/15/29008/12921.png,138.6914062,35.5143431,138.7023926,35.5232852,candidate URL generated from official GSI tile scheme; existence/coverage not locally verified
DEM5B,~5 m,"stereo imagery, 20 cm source",15,29008,12922,https://cyberjapandata.gsi.go.jp/xyz/dem5b_png/15/29008/12922.png,138.6914062,35.5054001,138.7023926,35.5143431,candidate URL generated from official GSI tile scheme; existence/coverage not locally verified
DEM5B,~5 m,"stereo imagery, 20 cm source",15,29008,12923,https://cyberjapandata.gsi.go.jp/xyz/dem5b_png/15/29008/12923.png,138.6914062,35.4964561,138.7023926,35.5054001,candidate URL generated from official GSI tile scheme; existence/coverage not locally verified
DEM5B,~5 m,"stereo imagery, 20 cm source",15,29008,12924,https://cyberjapandata.gsi.go.jp/xyz/dem5b_png/15/29008/12924.png,138.6914062,35.487511,138.7023926,35.4964561,candidate URL generated from official GSI tile scheme; existence/coverage not locally verified
DEM5B,~5 m,"stereo imagery, 20 cm source",15,29008,12925,https://cyberjapandata.gsi.go.jp/xyz/dem5b_png/15/29008/12925.png,138.6914062,35.478565,138.7023926,35.487511,candidate URL generated from official GSI tile scheme; existence/coverage not locally verified
DEM5B,~5 m,"stereo imagery, 20 cm source",15,29008,12926,https://cyberjapandata.gsi.go.jp/xyz/dem5b_png/15/29008/12926.png,138.6914062,35.469618,138.7023926,35.478565,candidate URL generated from official GSI tile scheme; existence/coverage not locally verified
DEM5B,~5 m,"stereo imagery, 20 cm source",15,29008,12927,https://cyberjapandata.gsi.go.jp/xyz/dem5b_png/15/29008/12927.png,138.6914062,35.46067,138.7023926,35.469618,candidate URL generated from official GSI tile scheme; existence/coverage not locally verified
DEM5B,~5 m,"stereo imagery, 20 cm source",15,29008,12928,https://cyberjapandata.gsi.go.jp/xyz/dem5b_png/15/29008/12928.png,138.6914062,35.4517209,138.7023926,35.46067,candidate URL generated from official GSI tile scheme; existence/coverage not locally verified
DEM5B,~5 m,"stereo imagery, 20 cm source",15,29008,12929,https://cyberjapandata.gsi.go.jp/xyz/dem5b_png/15/29008/12929.png,138.6914062,35.4427709,138.7023926,35.4517209,candidate URL generated from official GSI tile scheme; existence/coverage not locally verified
DEM5B,~5 m,"stereo imagery, 20 cm source",15,29008,12930,https://cyberjapandata.gsi.go.jp/xyz/dem5b_png/15/29008/12930.png,138.6914062,35.4338199,138.7023926,35.4427709,candidate URL generated from official GSI tile scheme; existence/coverage not locally verified
DEM5B,~5 m,"stereo imagery, 20 cm source",15,29008,12931,https://cyberjapandata.gsi.go.jp/xyz/dem5b_png/15/29008/12931.png,138.6914062,35.4248679,138.7023926,35.4338199,candidate URL generated from official GSI tile scheme; existence/coverage not locally verified
DEM5B,~5 m,"stereo imagery, 20 cm source",15,29009,12920,https://cyberjapandata.gsi.go.jp/xyz/dem5b_png/15/29009/12920.png,138.7023926,35.5232852,138.7133789,35.5322262,candidate URL generated from official GSI tile scheme; existence/coverage not locally verified
DEM5B,~5 m,"stereo imagery, 20 cm source",15,29009,12921,https://cyberjapandata.gsi.go.jp/xyz/dem5b_png/15/29009/12921.png,138.7023926,35.5143431,138.7133789,35.5232852,candidate URL generated from official GSI tile scheme; existence/coverage not locally verified
DEM5B,~5 m,"stereo imagery, 20 cm source",15,29009,12922,https://cyberjapandata.gsi.go.jp/xyz/dem5b_png/15/29009/12922.png,138.7023926,35.5054001,138.7133789,35.5143431,candidate URL generated from official GSI tile scheme; existence/coverage not locally verified
DEM5B,~5 m,"stereo imagery, 20 cm source",15,29009,12923,https://cyberjapandata.gsi.go.jp/xyz/dem5b_png/15/29009/12923.png,138.7023926,35.4964561,138.7133789,35.5054001,candidate URL generated from official GSI tile scheme; existence/coverage not locally verified
DEM5B,~5 m,"stereo imagery, 20 cm source",15,29009,12924,https://cyberjapandata.gsi.go.jp/xyz/dem5b_png/15/29009/12924.png,138.7023926,35.487511,138.7133789,35.4964561,candidate URL generated from official GSI tile scheme; existence/coverage not locally verified
DEM5B,~5 m,"stereo imagery, 20 cm source",15,29009,12925,https://cyberjapandata.gsi.go.jp/xyz/dem5b_png/15/29009/12925.png,138.7023926,35.478565,138.7133789,35.487511,candidate URL generated from official GSI tile scheme; existence/coverage not locally verified
DEM5B,~5 m,"stereo imagery, 20 cm source",15,29009,12926,https://cyberjapandata.gsi.go.jp/xyz/dem5b_png/15/29009/12926.png,138.7023926,35.469618,138.7133789,35.478565,candidate URL generated from official GSI tile scheme; existence/coverage not locally verified
DEM5B,~5 m,"stereo imagery, 20 cm source",15,29009,12927,https://cyberjapandata.gsi.go.jp/xyz/dem5b_png/15/29009/12927.png,138.7023926,35.46067,138.7133789,35.469618,candidate URL generated from official GSI tile scheme; existence/coverage not locally verified
DEM5B,~5 m,"stereo imagery, 20 cm source",15,29009,12928,https://cyberjapandata.gsi.go.jp/xyz/dem5b_png/15/29009/12928.png,138.7023926,35.4517209,138.7133789,35.46067,candidate URL generated from official GSI tile scheme; existence/coverage not locally verified
DEM5B,~5 m,"stereo imagery, 20 cm source",15,29009,12929,https://cyberjapandata.gsi.go.jp/xyz/dem5b_png/15/29009/12929.png,138.7023926,35.4427709,138.7133789,35.4517209,candidate URL generated from official GSI tile scheme; existence/coverage not locally verified
DEM5B,~5 m,"stereo imagery, 20 cm source",15,29009,12930,https://cyberjapandata.gsi.go.jp/xyz/dem5b_png/15/29009/12930.png,138.7023926,35.4338199,138.7133789,35.4427709,candidate URL generated from official GSI tile scheme; existence/coverage not locally verified
DEM5B,~5 m,"stereo imagery, 20 cm source",15,29009,12931,https://cyberjapandata.gsi.go.jp/xyz/dem5b_png/15/29009/12931.png,138.7023926,35.4248679,138.7133789,35.4338199,candidate URL generated from official GSI tile scheme; existence/coverage not locally verified
DEM5B,~5 m,"stereo imagery, 20 cm source",15,29010,12920,https://cyberjapandata.gsi.go.jp/xyz/dem5b_png/15/29010/12920.png,138.7133789,35.5232852,138.7243652,35.5322262,candidate URL generated from official GSI tile scheme; existence/coverage not locally verified
DEM5B,~5 m,"stereo imagery, 20 cm source",15,29010,12921,https://cyberjapandata.gsi.go.jp/xyz/dem5b_png/15/29010/12921.png,138.7133789,35.5143431,138.7243652,35.5232852,candidate URL generated from official GSI tile scheme; existence/coverage not locally verified
DEM5B,~5 m,"stereo imagery, 20 cm source",15,29010,12922,https://cyberjapandata.gsi.go.jp/xyz/dem5b_png/15/29010/12922.png,138.7133789,35.5054001,138.7243652,35.5143431,candidate URL generated from official GSI tile scheme; existence/coverage not locally verified
DEM5B,~5 m,"stereo imagery, 20 cm source",15,29010,12923,https://cyberjapandata.gsi.go.jp/xyz/dem5b_png/15/29010/12923.png,138.7133789,35.4964561,138.7243652,35.5054001,candidate URL generated from official GSI tile scheme; existence/coverage not locally verified
DEM5B,~5 m,"stereo imagery, 20 cm source",15,29010,12924,https://cyberjapandata.gsi.go.jp/xyz/dem5b_png/15/29010/12924.png,138.7133789,35.487511,138.7243652,35.4964561,candidate URL generated from official GSI tile scheme; existence/coverage not locally verified
DEM5B,~5 m,"stereo imagery, 20 cm source",15,29010,12925,https://cyberjapandata.gsi.go.jp/xyz/dem5b_png/15/29010/12925.png,138.7133789,35.478565,138.7243652,35.487511,candidate URL generated from official GSI tile scheme; existence/coverage not locally verified
DEM5B,~5 m,"stereo imagery, 20 cm source",15,29010,12926,https://cyberjapandata.gsi.go.jp/xyz/dem5b_png/15/29010/12926.png,138.7133789,35.469618,138.7243652,35.478565,candidate URL generated from official GSI tile scheme; existence/coverage not locally verified
DEM5B,~5 m,"stereo imagery, 20 cm source",15,29010,12927,https://cyberjapandata.gsi.go.jp/xyz/dem5b_png/15/29010/12927.png,138.7133789,35.46067,138.7243652,35.469618,candidate URL generated from official GSI tile scheme; existence/coverage not locally verified
DEM5B,~5 m,"stereo imagery, 20 cm source",15,29010,12928,https://cyberjapandata.gsi.go.jp/xyz/dem5b_png/15/29010/12928.png,138.7133789,35.4517209,138.7243652,35.46067,candidate URL generated from official GSI tile scheme; existence/coverage not locally verified
DEM5B,~5 m,"stereo imagery, 20 cm source",15,29010,12929,https://cyberjapandata.gsi.go.jp/xyz/dem5b_png/15/29010/12929.png,138.7133789,35.4427709,138.7243652,35.4517209,candidate URL generated from official GSI tile scheme; existence/coverage not locally verified
DEM5B,~5 m,"stereo imagery, 20 cm source",15,29010,12930,https://cyberjapandata.gsi.go.jp/xyz/dem5b_png/15/29010/12930.png,138.7133789,35.4338199,138.7243652,35.4427709,candidate URL generated from official GSI tile scheme; existence/coverage not locally verified
DEM5B,~5 m,"stereo imagery, 20 cm source",15,29010,12931,https://cyberjapandata.gsi.go.jp/xyz/dem5b_png/15/29010/12931.png,138.7133789,35.4248679,138.7243652,35.4338199,candidate URL generated from official GSI tile scheme; existence/coverage not locally verified
DEM5C,~5 m,"stereo imagery, 40 cm source",15,28995,12920,https://cyberjapandata.gsi.go.jp/xyz/dem5c_png/15/28995/12920.png,138.548584,35.5232852,138.5595703,35.5322262,candidate URL generated from official GSI tile scheme; existence/coverage not locally verified
DEM5C,~5 m,"stereo imagery, 40 cm source",15,28995,12921,https://cyberjapandata.gsi.go.jp/xyz/dem5c_png/15/28995/12921.png,138.548584,35.5143431,138.5595703,35.5232852,candidate URL generated from official GSI tile scheme; existence/coverage not locally verified
DEM5C,~5 m,"stereo imagery, 40 cm source",15,28995,12922,https://cyberjapandata.gsi.go.jp/xyz/dem5c_png/15/28995/12922.png,138.548584,35.5054001,138.5595703,35.5143431,candidate URL generated from official GSI tile scheme; existence/coverage not locally verified
DEM5C,~5 m,"stereo imagery, 40 cm source",15,28995,12923,https://cyberjapandata.gsi.go.jp/xyz/dem5c_png/15/28995/12923.png,138.548584,35.4964561,138.5595703,35.5054001,candidate URL generated from official GSI tile scheme; existence/coverage not locally verified
DEM5C,~5 m,"stereo imagery, 40 cm source",15,28995,12924,https://cyberjapandata.gsi.go.jp/xyz/dem5c_png/15/28995/12924.png,138.548584,35.487511,138.5595703,35.4964561,candidate URL generated from official GSI tile scheme; existence/coverage not locally verified
DEM5C,~5 m,"stereo imagery, 40 cm source",15,28995,12925,https://cyberjapandata.gsi.go.jp/xyz/dem5c_png/15/28995/12925.png,138.548584,35.478565,138.5595703,35.487511,candidate URL generated from official GSI tile scheme; existence/coverage not locally verified
DEM5C,~5 m,"stereo imagery, 40 cm source",15,28995,12926,https://cyberjapandata.gsi.go.jp/xyz/dem5c_png/15/28995/12926.png,138.548584,35.469618,138.5595703,35.478565,candidate URL generated from official GSI tile scheme; existence/coverage not locally verified
DEM5C,~5 m,"stereo imagery, 40 cm source",15,28995,12927,https://cyberjapandata.gsi.go.jp/xyz/dem5c_png/15/28995/12927.png,138.548584,35.46067,138.5595703,35.469618,candidate URL generated from official GSI tile scheme; existence/coverage not locally verified
DEM5C,~5 m,"stereo imagery, 40 cm source",15,28995,12928,https://cyberjapandata.gsi.go.jp/xyz/dem5c_png/15/28995/12928.png,138.548584,35.4517209,138.5595703,35.46067,candidate URL generated from official GSI tile scheme; existence/coverage not locally verified
DEM5C,~5 m,"stereo imagery, 40 cm source",15,28995,12929,https://cyberjapandata.gsi.go.jp/xyz/dem5c_png/15/28995/12929.png,138.548584,35.4427709,138.5595703,35.4517209,candidate URL generated from official GSI tile scheme; existence/coverage not locally verified
DEM5C,~5 m,"stereo imagery, 40 cm source",15,28995,12930,https://cyberjapandata.gsi.go.jp/xyz/dem5c_png/15/28995/12930.png,138.548584,35.4338199,138.5595703,35.4427709,candidate URL generated from official GSI tile scheme; existence/coverage not locally verified
DEM5C,~5 m,"stereo imagery, 40 cm source",15,28995,12931,https://cyberjapandata.gsi.go.jp/xyz/dem5c_png/15/28995/12931.png,138.548584,35.4248679,138.5595703,35.4338199,candidate URL generated from official GSI tile scheme; existence/coverage not locally verified
DEM5C,~5 m,"stereo imagery, 40 cm source",15,28996,12920,https://cyberjapandata.gsi.go.jp/xyz/dem5c_png/15/28996/12920.png,138.5595703,35.5232852,138.5705566,35.5322262,candidate URL generated from official GSI tile scheme; existence/coverage not locally verified
DEM5C,~5 m,"stereo imagery, 40 cm source",15,28996,12921,https://cyberjapandata.gsi.go.jp/xyz/dem5c_png/15/28996/12921.png,138.5595703,35.5143431,138.5705566,35.5232852,candidate URL generated from official GSI tile scheme; existence/coverage not locally verified
DEM5C,~5 m,"stereo imagery, 40 cm source",15,28996,12922,https://cyberjapandata.gsi.go.jp/xyz/dem5c_png/15/28996/12922.png,138.5595703,35.5054001,138.5705566,35.5143431,candidate URL generated from official GSI tile scheme; existence/coverage not locally verified
DEM5C,~5 m,"stereo imagery, 40 cm source",15,28996,12923,https://cyberjapandata.gsi.go.jp/xyz/dem5c_png/15/28996/12923.png,138.5595703,35.4964561,138.5705566,35.5054001,candidate URL generated from official GSI tile scheme; existence/coverage not locally verified
DEM5C,~5 m,"stereo imagery, 40 cm source",15,28996,12924,https://cyberjapandata.gsi.go.jp/xyz/dem5c_png/15/28996/12924.png,138.5595703,35.487511,138.5705566,35.4964561,candidate URL generated from official GSI tile scheme; existence/coverage not locally verified
DEM5C,~5 m,"stereo imagery, 40 cm source",15,28996,12925,https://cyberjapandata.gsi.go.jp/xyz/dem5c_png/15/28996/12925.png,138.5595703,35.478565,138.5705566,35.487511,candidate URL generated from official GSI tile scheme; existence/coverage not locally verified
DEM5C,~5 m,"stereo imagery, 40 cm source",15,28996,12926,https://cyberjapandata.gsi.go.jp/xyz/dem5c_png/15/28996/12926.png,138.5595703,35.469618,138.5705566,35.478565,candidate URL generated from official GSI tile scheme; existence/coverage not locally verified
DEM5C,~5 m,"stereo imagery, 40 cm source",15,28996,12927,https://cyberjapandata.gsi.go.jp/xyz/dem5c_png/15/28996/12927.png,138.5595703,35.46067,138.5705566,35.469618,candidate URL generated from official GSI tile scheme; existence/coverage not locally verified
DEM5C,~5 m,"stereo imagery, 40 cm source",15,28996,12928,https://cyberjapandata.gsi.go.jp/xyz/dem5c_png/15/28996/12928.png,138.5595703,35.4517209,138.5705566,35.46067,candidate URL generated from official GSI tile scheme; existence/coverage not locally verified
DEM5C,~5 m,"stereo imagery, 40 cm source",15,28996,12929,https://cyberjapandata.gsi.go.jp/xyz/dem5c_png/15/28996/12929.png,138.5595703,35.4427709,138.5705566,35.4517209,candidate URL generated from official GSI tile scheme; existence/coverage not locally verified
DEM5C,~5 m,"stereo imagery, 40 cm source",15,28996,12930,https://cyberjapandata.gsi.go.jp/xyz/dem5c_png/15/28996/12930.png,138.5595703,35.4338199,138.5705566,35.4427709,candidate URL generated from official GSI tile scheme; existence/coverage not locally verified
DEM5C,~5 m,"stereo imagery, 40 cm source",15,28996,12931,https://cyberjapandata.gsi.go.jp/xyz/dem5c_png/15/28996/12931.png,138.5595703,35.4248679,138.5705566,35.4338199,candidate URL generated from official GSI tile scheme; existence/coverage not locally verified
DEM5C,~5 m,"stereo imagery, 40 cm source",15,28997,12920,https://cyberjapandata.gsi.go.jp/xyz/dem5c_png/15/28997/12920.png,138.5705566,35.5232852,138.581543,35.5322262,candidate URL generated from official GSI tile scheme; existence/coverage not locally verified
DEM5C,~5 m,"stereo imagery, 40 cm source",15,28997,12921,https://cyberjapandata.gsi.go.jp/xyz/dem5c_png/15/28997/12921.png,138.5705566,35.5143431,138.581543,35.5232852,candidate URL generated from official GSI tile scheme; existence/coverage not locally verified
DEM5C,~5 m,"stereo imagery, 40 cm source",15,28997,12922,https://cyberjapandata.gsi.go.jp/xyz/dem5c_png/15/28997/12922.png,138.5705566,35.5054001,138.581543,35.5143431,candidate URL generated from official GSI tile scheme; existence/coverage not locally verified
DEM5C,~5 m,"stereo imagery, 40 cm source",15,28997,12923,https://cyberjapandata.gsi.go.jp/xyz/dem5c_png/15/28997/12923.png,138.5705566,35.4964561,138.581543,35.5054001,candidate URL generated from official GSI tile scheme; existence/coverage not locally verified
DEM5C,~5 m,"stereo imagery, 40 cm source",15,28997,12924,https://cyberjapandata.gsi.go.jp/xyz/dem5c_png/15/28997/12924.png,138.5705566,35.487511,138.581543,35.4964561,candidate URL generated from official GSI tile scheme; existence/coverage not locally verified
DEM5C,~5 m,"stereo imagery, 40 cm source",15,28997,12925,https://cyberjapandata.gsi.go.jp/xyz/dem5c_png/15/28997/12925.png,138.5705566,35.478565,138.581543,35.487511,candidate URL generated from official GSI tile scheme; existence/coverage not locally verified
DEM5C,~5 m,"stereo imagery, 40 cm source",15,28997,12926,https://cyberjapandata.gsi.go.jp/xyz/dem5c_png/15/28997/12926.png,138.5705566,35.469618,138.581543,35.478565,candidate URL generated from official GSI tile scheme; existence/coverage not locally verified
DEM5C,~5 m,"stereo imagery, 40 cm source",15,28997,12927,https://cyberjapandata.gsi.go.jp/xyz/dem5c_png/15/28997/12927.png,138.5705566,35.46067,138.581543,35.469618,candidate URL generated from official GSI tile scheme; existence/coverage not locally verified
DEM5C,~5 m,"stereo imagery, 40 cm source",15,28997,12928,https://cyberjapandata.gsi.go.jp/xyz/dem5c_png/15/28997/12928.png,138.5705566,35.4517209,138.581543,35.46067,candidate URL generated from official GSI tile scheme; existence/coverage not locally verified
DEM5C,~5 m,"stereo imagery, 40 cm source",15,28997,12929,https://cyberjapandata.gsi.go.jp/xyz/dem5c_png/15/28997/12929.png,138.5705566,35.4427709,138.581543,35.4517209,candidate URL generated from official GSI tile scheme; existence/coverage not locally verified
DEM5C,~5 m,"stereo imagery, 40 cm source",15,28997,12930,https://cyberjapandata.gsi.go.jp/xyz/dem5c_png/15/28997/12930.png,138.5705566,35.4338199,138.581543,35.4427709,candidate URL generated from official GSI tile scheme; existence/coverage not locally verified
DEM5C,~5 m,"stereo imagery, 40 cm source",15,28997,12931,https://cyberjapandata.gsi.go.jp/xyz/dem5c_png/15/28997/12931.png,138.5705566,35.4248679,138.581543,35.4338199,candidate URL generated from official GSI tile scheme; existence/coverage not locally verified
DEM5C,~5 m,"stereo imagery, 40 cm source",15,28998,12920,https://cyberjapandata.gsi.go.jp/xyz/dem5c_png/15/28998/12920.png,138.581543,35.5232852,138.5925293,35.5322262,candidate URL generated from official GSI tile scheme; existence/coverage not locally verified
DEM5C,~5 m,"stereo imagery, 40 cm source",15,28998,12921,https://cyberjapandata.gsi.go.jp/xyz/dem5c_png/15/28998/12921.png,138.581543,35.5143431,138.5925293,35.5232852,candidate URL generated from official GSI tile scheme; existence/coverage not locally verified
DEM5C,~5 m,"stereo imagery, 40 cm source",15,28998,12922,https://cyberjapandata.gsi.go.jp/xyz/dem5c_png/15/28998/12922.png,138.581543,35.5054001,138.5925293,35.5143431,candidate URL generated from official GSI tile scheme; existence/coverage not locally verified
DEM5C,~5 m,"stereo imagery, 40 cm source",15,28998,12923,https://cyberjapandata.gsi.go.jp/xyz/dem5c_png/15/28998/12923.png,138.581543,35.4964561,138.5925293,35.5054001,candidate URL generated from official GSI tile scheme; existence/coverage not locally verified
DEM5C,~5 m,"stereo imagery, 40 cm source",15,28998,12924,https://cyberjapandata.gsi.go.jp/xyz/dem5c_png/15/28998/12924.png,138.581543,35.487511,138.5925293,35.4964561,candidate URL generated from official GSI tile scheme; existence/coverage not locally verified
DEM5C,~5 m,"stereo imagery, 40 cm source",15,28998,12925,https://cyberjapandata.gsi.go.jp/xyz/dem5c_png/15/28998/12925.png,138.581543,35.478565,138.5925293,35.487511,candidate URL generated from official GSI tile scheme; existence/coverage not locally verified
DEM5C,~5 m,"stereo imagery, 40 cm source",15,28998,12926,https://cyberjapandata.gsi.go.jp/xyz/dem5c_png/15/28998/12926.png,138.581543,35.469618,138.5925293,35.478565,candidate URL generated from official GSI tile scheme; existence/coverage not locally verified
DEM5C,~5 m,"stereo imagery, 40 cm source",15,28998,12927,https://cyberjapandata.gsi.go.jp/xyz/dem5c_png/15/28998/12927.png,138.581543,35.46067,138.5925293,35.469618,candidate URL generated from official GSI tile scheme; existence/coverage not locally verified
DEM5C,~5 m,"stereo imagery, 40 cm source",15,28998,12928,https://cyberjapandata.gsi.go.jp/xyz/dem5c_png/15/28998/12928.png,138.581543,35.4517209,138.5925293,35.46067,candidate URL generated from official GSI tile scheme; existence/coverage not locally verified
DEM5C,~5 m,"stereo imagery, 40 cm source",15,28998,12929,https://cyberjapandata.gsi.go.jp/xyz/dem5c_png/15/28998/12929.png,138.581543,35.4427709,138.5925293,35.4517209,candidate URL generated from official GSI tile scheme; existence/coverage not locally verified
DEM5C,~5 m,"stereo imagery, 40 cm source",15,28998,12930,https://cyberjapandata.gsi.go.jp/xyz/dem5c_png/15/28998/12930.png,138.581543,35.4338199,138.5925293,35.4427709,candidate URL generated from official GSI tile scheme; existence/coverage not locally verified
DEM5C,~5 m,"stereo imagery, 40 cm source",15,28998,12931,https://cyberjapandata.gsi.go.jp/xyz/dem5c_png/15/28998/12931.png,138.581543,35.4248679,138.5925293,35.4338199,candidate URL generated from official GSI tile scheme; existence/coverage not locally verified
DEM5C,~5 m,"stereo imagery, 40 cm source",15,28999,12920,https://cyberjapandata.gsi.go.jp/xyz/dem5c_png/15/28999/12920.png,138.5925293,35.5232852,138.6035156,35.5322262,candidate URL generated from official GSI tile scheme; existence/coverage not locally verified
DEM5C,~5 m,"stereo imagery, 40 cm source",15,28999,12921,https://cyberjapandata.gsi.go.jp/xyz/dem5c_png/15/28999/12921.png,138.5925293,35.5143431,138.6035156,35.5232852,candidate URL generated from official GSI tile scheme; existence/coverage not locally verified
DEM5C,~5 m,"stereo imagery, 40 cm source",15,28999,12922,https://cyberjapandata.gsi.go.jp/xyz/dem5c_png/15/28999/12922.png,138.5925293,35.5054001,138.6035156,35.5143431,candidate URL generated from official GSI tile scheme; existence/coverage not locally verified
DEM5C,~5 m,"stereo imagery, 40 cm source",15,28999,12923,https://cyberjapandata.gsi.go.jp/xyz/dem5c_png/15/28999/12923.png,138.5925293,35.4964561,138.6035156,35.5054001,candidate URL generated from official GSI tile scheme; existence/coverage not locally verified
DEM5C,~5 m,"stereo imagery, 40 cm source",15,28999,12924,https://cyberjapandata.gsi.go.jp/xyz/dem5c_png/15/28999/12924.png,138.5925293,35.487511,138.6035156,35.4964561,candidate URL generated from official GSI tile scheme; existence/coverage not locally verified
DEM5C,~5 m,"stereo imagery, 40 cm source",15,28999,12925,https://cyberjapandata.gsi.go.jp/xyz/dem5c_png/15/28999/12925.png,138.5925293,35.478565,138.6035156,35.487511,candidate URL generated from official GSI tile scheme; existence/coverage not locally verified
DEM5C,~5 m,"stereo imagery, 40 cm source",15,28999,12926,https://cyberjapandata.gsi.go.jp/xyz/dem5c_png/15/28999/12926.png,138.5925293,35.469618,138.6035156,35.478565,candidate URL generated from official GSI tile scheme; existence/coverage not locally verified
DEM5C,~5 m,"stereo imagery, 40 cm source",15,28999,12927,https://cyberjapandata.gsi.go.jp/xyz/dem5c_png/15/28999/12927.png,138.5925293,35.46067,138.6035156,35.469618,candidate URL generated from official GSI tile scheme; existence/coverage not locally verified
DEM5C,~5 m,"stereo imagery, 40 cm source",15,28999,12928,https://cyberjapandata.gsi.go.jp/xyz/dem5c_png/15/28999/12928.png,138.5925293,35.4517209,138.6035156,35.46067,candidate URL generated from official GSI tile scheme; existence/coverage not locally verified
DEM5C,~5 m,"stereo imagery, 40 cm source",15,28999,12929,https://cyberjapandata.gsi.go.jp/xyz/dem5c_png/15/28999/12929.png,138.5925293,35.4427709,138.6035156,35.4517209,candidate URL generated from official GSI tile scheme; existence/coverage not locally verified
DEM5C,~5 m,"stereo imagery, 40 cm source",15,28999,12930,https://cyberjapandata.gsi.go.jp/xyz/dem5c_png/15/28999/12930.png,138.5925293,35.4338199,138.6035156,35.4427709,candidate URL generated from official GSI tile scheme; existence/coverage not locally verified
DEM5C,~5 m,"stereo imagery, 40 cm source",15,28999,12931,https://cyberjapandata.gsi.go.jp/xyz/dem5c_png/15/28999/12931.png,138.5925293,35.4248679,138.6035156,35.4338199,candidate URL generated from official GSI tile scheme; existence/coverage not locally verified
DEM5C,~5 m,"stereo imagery, 40 cm source",15,29000,12920,https://cyberjapandata.gsi.go.jp/xyz/dem5c_png/15/29000/12920.png,138.6035156,35.5232852,138.614502,35.5322262,candidate URL generated from official GSI tile scheme; existence/coverage not locally verified
DEM5C,~5 m,"stereo imagery, 40 cm source",15,29000,12921,https://cyberjapandata.gsi.go.jp/xyz/dem5c_png/15/29000/12921.png,138.6035156,35.5143431,138.614502,35.5232852,candidate URL generated from official GSI tile scheme; existence/coverage not locally verified
DEM5C,~5 m,"stereo imagery, 40 cm source",15,29000,12922,https://cyberjapandata.gsi.go.jp/xyz/dem5c_png/15/29000/12922.png,138.6035156,35.5054001,138.614502,35.5143431,candidate URL generated from official GSI tile scheme; existence/coverage not locally verified
DEM5C,~5 m,"stereo imagery, 40 cm source",15,29000,12923,https://cyberjapandata.gsi.go.jp/xyz/dem5c_png/15/29000/12923.png,138.6035156,35.4964561,138.614502,35.5054001,candidate URL generated from official GSI tile scheme; existence/coverage not locally verified
DEM5C,~5 m,"stereo imagery, 40 cm source",15,29000,12924,https://cyberjapandata.gsi.go.jp/xyz/dem5c_png/15/29000/12924.png,138.6035156,35.487511,138.614502,35.4964561,candidate URL generated from official GSI tile scheme; existence/coverage not locally verified
DEM5C,~5 m,"stereo imagery, 40 cm source",15,29000,12925,https://cyberjapandata.gsi.go.jp/xyz/dem5c_png/15/29000/12925.png,138.6035156,35.478565,138.614502,35.487511,candidate URL generated from official GSI tile scheme; existence/coverage not locally verified
DEM5C,~5 m,"stereo imagery, 40 cm source",15,29000,12926,https://cyberjapandata.gsi.go.jp/xyz/dem5c_png/15/29000/12926.png,138.6035156,35.469618,138.614502,35.478565,candidate URL generated from official GSI tile scheme; existence/coverage not locally verified
DEM5C,~5 m,"stereo imagery, 40 cm source",15,29000,12927,https://cyberjapandata.gsi.go.jp/xyz/dem5c_png/15/29000/12927.png,138.6035156,35.46067,138.614502,35.469618,candidate URL generated from official GSI tile scheme; existence/coverage not locally verified
DEM5C,~5 m,"stereo imagery, 40 cm source",15,29000,12928,https://cyberjapandata.gsi.go.jp/xyz/dem5c_png/15/29000/12928.png,138.6035156,35.4517209,138.614502,35.46067,candidate URL generated from official GSI tile scheme; existence/coverage not locally verified
DEM5C,~5 m,"stereo imagery, 40 cm source",15,29000,12929,https://cyberjapandata.gsi.go.jp/xyz/dem5c_png/15/29000/12929.png,138.6035156,35.4427709,138.614502,35.4517209,candidate URL generated from official GSI tile scheme; existence/coverage not locally verified
DEM5C,~5 m,"stereo imagery, 40 cm source",15,29000,12930,https://cyberjapandata.gsi.go.jp/xyz/dem5c_png/15/29000/12930.png,138.6035156,35.4338199,138.614502,35.4427709,candidate URL generated from official GSI tile scheme; existence/coverage not locally verified
DEM5C,~5 m,"stereo imagery, 40 cm source",15,29000,12931,https://cyberjapandata.gsi.go.jp/xyz/dem5c_png/15/29000/12931.png,138.6035156,35.4248679,138.614502,35.4338199,candidate URL generated from official GSI tile scheme; existence/coverage not locally verified
DEM5C,~5 m,"stereo imagery, 40 cm source",15,29001,12920,https://cyberjapandata.gsi.go.jp/xyz/dem5c_png/15/29001/12920.png,138.614502,35.5232852,138.6254883,35.5322262,candidate URL generated from official GSI tile scheme; existence/coverage not locally verified
DEM5C,~5 m,"stereo imagery, 40 cm source",15,29001,12921,https://cyberjapandata.gsi.go.jp/xyz/dem5c_png/15/29001/12921.png,138.614502,35.5143431,138.6254883,35.5232852,candidate URL generated from official GSI tile scheme; existence/coverage not locally verified
DEM5C,~5 m,"stereo imagery, 40 cm source",15,29001,12922,https://cyberjapandata.gsi.go.jp/xyz/dem5c_png/15/29001/12922.png,138.614502,35.5054001,138.6254883,35.5143431,candidate URL generated from official GSI tile scheme; existence/coverage not locally verified
DEM5C,~5 m,"stereo imagery, 40 cm source",15,29001,12923,https://cyberjapandata.gsi.go.jp/xyz/dem5c_png/15/29001/12923.png,138.614502,35.4964561,138.6254883,35.5054001,candidate URL generated from official GSI tile scheme; existence/coverage not locally verified
DEM5C,~5 m,"stereo imagery, 40 cm source",15,29001,12924,https://cyberjapandata.gsi.go.jp/xyz/dem5c_png/15/29001/12924.png,138.614502,35.487511,138.6254883,35.4964561,candidate URL generated from official GSI tile scheme; existence/coverage not locally verified
DEM5C,~5 m,"stereo imagery, 40 cm source",15,29001,12925,https://cyberjapandata.gsi.go.jp/xyz/dem5c_png/15/29001/12925.png,138.614502,35.478565,138.6254883,35.487511,candidate URL generated from official GSI tile scheme; existence/coverage not locally verified
DEM5C,~5 m,"stereo imagery, 40 cm source",15,29001,12926,https://cyberjapandata.gsi.go.jp/xyz/dem5c_png/15/29001/12926.png,138.614502,35.469618,138.6254883,35.478565,candidate URL generated from official GSI tile scheme; existence/coverage not locally verified
DEM5C,~5 m,"stereo imagery, 40 cm source",15,29001,12927,https://cyberjapandata.gsi.go.jp/xyz/dem5c_png/15/29001/12927.png,138.614502,35.46067,138.6254883,35.469618,candidate URL generated from official GSI tile scheme; existence/coverage not locally verified
DEM5C,~5 m,"stereo imagery, 40 cm source",15,29001,12928,https://cyberjapandata.gsi.go.jp/xyz/dem5c_png/15/29001/12928.png,138.614502,35.4517209,138.6254883,35.46067,candidate URL generated from official GSI tile scheme; existence/coverage not locally verified
DEM5C,~5 m,"stereo imagery, 40 cm source",15,29001,12929,https://cyberjapandata.gsi.go.jp/xyz/dem5c_png/15/29001/12929.png,138.614502,35.4427709,138.6254883,35.4517209,candidate URL generated from official GSI tile scheme; existence/coverage not locally verified
DEM5C,~5 m,"stereo imagery, 40 cm source",15,29001,12930,https://cyberjapandata.gsi.go.jp/xyz/dem5c_png/15/29001/12930.png,138.614502,35.4338199,138.6254883,35.4427709,candidate URL generated from official GSI tile scheme; existence/coverage not locally verified
DEM5C,~5 m,"stereo imagery, 40 cm source",15,29001,12931,https://cyberjapandata.gsi.go.jp/xyz/dem5c_png/15/29001/12931.png,138.614502,35.4248679,138.6254883,35.4338199,candidate URL generated from official GSI tile scheme; existence/coverage not locally verified
DEM5C,~5 m,"stereo imagery, 40 cm source",15,29002,12920,https://cyberjapandata.gsi.go.jp/xyz/dem5c_png/15/29002/12920.png,138.6254883,35.5232852,138.6364746,35.5322262,candidate URL generated from official GSI tile scheme; existence/coverage not locally verified
DEM5C,~5 m,"stereo imagery, 40 cm source",15,29002,12921,https://cyberjapandata.gsi.go.jp/xyz/dem5c_png/15/29002/12921.png,138.6254883,35.5143431,138.6364746,35.5232852,candidate URL generated from official GSI tile scheme; existence/coverage not locally verified
DEM5C,~5 m,"stereo imagery, 40 cm source",15,29002,12922,https://cyberjapandata.gsi.go.jp/xyz/dem5c_png/15/29002/12922.png,138.6254883,35.5054001,138.6364746,35.5143431,candidate URL generated from official GSI tile scheme; existence/coverage not locally verified
DEM5C,~5 m,"stereo imagery, 40 cm source",15,29002,12923,https://cyberjapandata.gsi.go.jp/xyz/dem5c_png/15/29002/12923.png,138.6254883,35.4964561,138.6364746,35.5054001,candidate URL generated from official GSI tile scheme; existence/coverage not locally verified
DEM5C,~5 m,"stereo imagery, 40 cm source",15,29002,12924,https://cyberjapandata.gsi.go.jp/xyz/dem5c_png/15/29002/12924.png,138.6254883,35.487511,138.6364746,35.4964561,candidate URL generated from official GSI tile scheme; existence/coverage not locally verified
DEM5C,~5 m,"stereo imagery, 40 cm source",15,29002,12925,https://cyberjapandata.gsi.go.jp/xyz/dem5c_png/15/29002/12925.png,138.6254883,35.478565,138.6364746,35.487511,candidate URL generated from official GSI tile scheme; existence/coverage not locally verified
DEM5C,~5 m,"stereo imagery, 40 cm source",15,29002,12926,https://cyberjapandata.gsi.go.jp/xyz/dem5c_png/15/29002/12926.png,138.6254883,35.469618,138.6364746,35.478565,candidate URL generated from official GSI tile scheme; existence/coverage not locally verified
DEM5C,~5 m,"stereo imagery, 40 cm source",15,29002,12927,https://cyberjapandata.gsi.go.jp/xyz/dem5c_png/15/29002/12927.png,138.6254883,35.46067,138.6364746,35.469618,candidate URL generated from official GSI tile scheme; existence/coverage not locally verified
DEM5C,~5 m,"stereo imagery, 40 cm source",15,29002,12928,https://cyberjapandata.gsi.go.jp/xyz/dem5c_png/15/29002/12928.png,138.6254883,35.4517209,138.6364746,35.46067,candidate URL generated from official GSI tile scheme; existence/coverage not locally verified
DEM5C,~5 m,"stereo imagery, 40 cm source",15,29002,12929,https://cyberjapandata.gsi.go.jp/xyz/dem5c_png/15/29002/12929.png,138.6254883,35.4427709,138.6364746,35.4517209,candidate URL generated from official GSI tile scheme; existence/coverage not locally verified
DEM5C,~5 m,"stereo imagery, 40 cm source",15,29002,12930,https://cyberjapandata.gsi.go.jp/xyz/dem5c_png/15/29002/12930.png,138.6254883,35.4338199,138.6364746,35.4427709,candidate URL generated from official GSI tile scheme; existence/coverage not locally verified
DEM5C,~5 m,"stereo imagery, 40 cm source",15,29002,12931,https://cyberjapandata.gsi.go.jp/xyz/dem5c_png/15/29002/12931.png,138.6254883,35.4248679,138.6364746,35.4338199,candidate URL generated from official GSI tile scheme; existence/coverage not locally verified
DEM5C,~5 m,"stereo imagery, 40 cm source",15,29003,12920,https://cyberjapandata.gsi.go.jp/xyz/dem5c_png/15/29003/12920.png,138.6364746,35.5232852,138.6474609,35.5322262,candidate URL generated from official GSI tile scheme; existence/coverage not locally verified
DEM5C,~5 m,"stereo imagery, 40 cm source",15,29003,12921,https://cyberjapandata.gsi.go.jp/xyz/dem5c_png/15/29003/12921.png,138.6364746,35.5143431,138.6474609,35.5232852,candidate URL generated from official GSI tile scheme; existence/coverage not locally verified
DEM5C,~5 m,"stereo imagery, 40 cm source",15,29003,12922,https://cyberjapandata.gsi.go.jp/xyz/dem5c_png/15/29003/12922.png,138.6364746,35.5054001,138.6474609,35.5143431,candidate URL generated from official GSI tile scheme; existence/coverage not locally verified
DEM5C,~5 m,"stereo imagery, 40 cm source",15,29003,12923,https://cyberjapandata.gsi.go.jp/xyz/dem5c_png/15/29003/12923.png,138.6364746,35.4964561,138.6474609,35.5054001,candidate URL generated from official GSI tile scheme; existence/coverage not locally verified
DEM5C,~5 m,"stereo imagery, 40 cm source",15,29003,12924,https://cyberjapandata.gsi.go.jp/xyz/dem5c_png/15/29003/12924.png,138.6364746,35.487511,138.6474609,35.4964561,candidate URL generated from official GSI tile scheme; existence/coverage not locally verified
DEM5C,~5 m,"stereo imagery, 40 cm source",15,29003,12925,https://cyberjapandata.gsi.go.jp/xyz/dem5c_png/15/29003/12925.png,138.6364746,35.478565,138.6474609,35.487511,candidate URL generated from official GSI tile scheme; existence/coverage not locally verified
DEM5C,~5 m,"stereo imagery, 40 cm source",15,29003,12926,https://cyberjapandata.gsi.go.jp/xyz/dem5c_png/15/29003/12926.png,138.6364746,35.469618,138.6474609,35.478565,candidate URL generated from official GSI tile scheme; existence/coverage not locally verified
DEM5C,~5 m,"stereo imagery, 40 cm source",15,29003,12927,https://cyberjapandata.gsi.go.jp/xyz/dem5c_png/15/29003/12927.png,138.6364746,35.46067,138.6474609,35.469618,candidate URL generated from official GSI tile scheme; existence/coverage not locally verified
DEM5C,~5 m,"stereo imagery, 40 cm source",15,29003,12928,https://cyberjapandata.gsi.go.jp/xyz/dem5c_png/15/29003/12928.png,138.6364746,35.4517209,138.6474609,35.46067,candidate URL generated from official GSI tile scheme; existence/coverage not locally verified
DEM5C,~5 m,"stereo imagery, 40 cm source",15,29003,12929,https://cyberjapandata.gsi.go.jp/xyz/dem5c_png/15/29003/12929.png,138.6364746,35.4427709,138.6474609,35.4517209,candidate URL generated from official GSI tile scheme; existence/coverage not locally verified
DEM5C,~5 m,"stereo imagery, 40 cm source",15,29003,12930,https://cyberjapandata.gsi.go.jp/xyz/dem5c_png/15/29003/12930.png,138.6364746,35.4338199,138.6474609,35.4427709,candidate URL generated from official GSI tile scheme; existence/coverage not locally verified
DEM5C,~5 m,"stereo imagery, 40 cm source",15,29003,12931,https://cyberjapandata.gsi.go.jp/xyz/dem5c_png/15/29003/12931.png,138.6364746,35.4248679,138.6474609,35.4338199,candidate URL generated from official GSI tile scheme; existence/coverage not locally verified
DEM5C,~5 m,"stereo imagery, 40 cm source",15,29004,12920,https://cyberjapandata.gsi.go.jp/xyz/dem5c_png/15/29004/12920.png,138.6474609,35.5232852,138.6584473,35.5322262,candidate URL generated from official GSI tile scheme; existence/coverage not locally verified
DEM5C,~5 m,"stereo imagery, 40 cm source",15,29004,12921,https://cyberjapandata.gsi.go.jp/xyz/dem5c_png/15/29004/12921.png,138.6474609,35.5143431,138.6584473,35.5232852,candidate URL generated from official GSI tile scheme; existence/coverage not locally verified
DEM5C,~5 m,"stereo imagery, 40 cm source",15,29004,12922,https://cyberjapandata.gsi.go.jp/xyz/dem5c_png/15/29004/12922.png,138.6474609,35.5054001,138.6584473,35.5143431,candidate URL generated from official GSI tile scheme; existence/coverage not locally verified
DEM5C,~5 m,"stereo imagery, 40 cm source",15,29004,12923,https://cyberjapandata.gsi.go.jp/xyz/dem5c_png/15/29004/12923.png,138.6474609,35.4964561,138.6584473,35.5054001,candidate URL generated from official GSI tile scheme; existence/coverage not locally verified
DEM5C,~5 m,"stereo imagery, 40 cm source",15,29004,12924,https://cyberjapandata.gsi.go.jp/xyz/dem5c_png/15/29004/12924.png,138.6474609,35.487511,138.6584473,35.4964561,candidate URL generated from official GSI tile scheme; existence/coverage not locally verified
DEM5C,~5 m,"stereo imagery, 40 cm source",15,29004,12925,https://cyberjapandata.gsi.go.jp/xyz/dem5c_png/15/29004/12925.png,138.6474609,35.478565,138.6584473,35.487511,candidate URL generated from official GSI tile scheme; existence/coverage not locally verified
DEM5C,~5 m,"stereo imagery, 40 cm source",15,29004,12926,https://cyberjapandata.gsi.go.jp/xyz/dem5c_png/15/29004/12926.png,138.6474609,35.469618,138.6584473,35.478565,candidate URL generated from official GSI tile scheme; existence/coverage not locally verified
DEM5C,~5 m,"stereo imagery, 40 cm source",15,29004,12927,https://cyberjapandata.gsi.go.jp/xyz/dem5c_png/15/29004/12927.png,138.6474609,35.46067,138.6584473,35.469618,candidate URL generated from official GSI tile scheme; existence/coverage not locally verified
DEM5C,~5 m,"stereo imagery, 40 cm source",15,29004,12928,https://cyberjapandata.gsi.go.jp/xyz/dem5c_png/15/29004/12928.png,138.6474609,35.4517209,138.6584473,35.46067,candidate URL generated from official GSI tile scheme; existence/coverage not locally verified
DEM5C,~5 m,"stereo imagery, 40 cm source",15,29004,12929,https://cyberjapandata.gsi.go.jp/xyz/dem5c_png/15/29004/12929.png,138.6474609,35.4427709,138.6584473,35.4517209,candidate URL generated from official GSI tile scheme; existence/coverage not locally verified
DEM5C,~5 m,"stereo imagery, 40 cm source",15,29004,12930,https://cyberjapandata.gsi.go.jp/xyz/dem5c_png/15/29004/12930.png,138.6474609,35.4338199,138.6584473,35.4427709,candidate URL generated from official GSI tile scheme; existence/coverage not locally verified
DEM5C,~5 m,"stereo imagery, 40 cm source",15,29004,12931,https://cyberjapandata.gsi.go.jp/xyz/dem5c_png/15/29004/12931.png,138.6474609,35.4248679,138.6584473,35.4338199,candidate URL generated from official GSI tile scheme; existence/coverage not locally verified
DEM5C,~5 m,"stereo imagery, 40 cm source",15,29005,12920,https://cyberjapandata.gsi.go.jp/xyz/dem5c_png/15/29005/12920.png,138.6584473,35.5232852,138.6694336,35.5322262,candidate URL generated from official GSI tile scheme; existence/coverage not locally verified
DEM5C,~5 m,"stereo imagery, 40 cm source",15,29005,12921,https://cyberjapandata.gsi.go.jp/xyz/dem5c_png/15/29005/12921.png,138.6584473,35.5143431,138.6694336,35.5232852,candidate URL generated from official GSI tile scheme; existence/coverage not locally verified
DEM5C,~5 m,"stereo imagery, 40 cm source",15,29005,12922,https://cyberjapandata.gsi.go.jp/xyz/dem5c_png/15/29005/12922.png,138.6584473,35.5054001,138.6694336,35.5143431,candidate URL generated from official GSI tile scheme; existence/coverage not locally verified
DEM5C,~5 m,"stereo imagery, 40 cm source",15,29005,12923,https://cyberjapandata.gsi.go.jp/xyz/dem5c_png/15/29005/12923.png,138.6584473,35.4964561,138.6694336,35.5054001,candidate URL generated from official GSI tile scheme; existence/coverage not locally verified
DEM5C,~5 m,"stereo imagery, 40 cm source",15,29005,12924,https://cyberjapandata.gsi.go.jp/xyz/dem5c_png/15/29005/12924.png,138.6584473,35.487511,138.6694336,35.4964561,candidate URL generated from official GSI tile scheme; existence/coverage not locally verified
DEM5C,~5 m,"stereo imagery, 40 cm source",15,29005,12925,https://cyberjapandata.gsi.go.jp/xyz/dem5c_png/15/29005/12925.png,138.6584473,35.478565,138.6694336,35.487511,candidate URL generated from official GSI tile scheme; existence/coverage not locally verified
DEM5C,~5 m,"stereo imagery, 40 cm source",15,29005,12926,https://cyberjapandata.gsi.go.jp/xyz/dem5c_png/15/29005/12926.png,138.6584473,35.469618,138.6694336,35.478565,candidate URL generated from official GSI tile scheme; existence/coverage not locally verified
DEM5C,~5 m,"stereo imagery, 40 cm source",15,29005,12927,https://cyberjapandata.gsi.go.jp/xyz/dem5c_png/15/29005/12927.png,138.6584473,35.46067,138.6694336,35.469618,candidate URL generated from official GSI tile scheme; existence/coverage not locally verified
DEM5C,~5 m,"stereo imagery, 40 cm source",15,29005,12928,https://cyberjapandata.gsi.go.jp/xyz/dem5c_png/15/29005/12928.png,138.6584473,35.4517209,138.6694336,35.46067,candidate URL generated from official GSI tile scheme; existence/coverage not locally verified
DEM5C,~5 m,"stereo imagery, 40 cm source",15,29005,12929,https://cyberjapandata.gsi.go.jp/xyz/dem5c_png/15/29005/12929.png,138.6584473,35.4427709,138.6694336,35.4517209,candidate URL generated from official GSI tile scheme; existence/coverage not locally verified
DEM5C,~5 m,"stereo imagery, 40 cm source",15,29005,12930,https://cyberjapandata.gsi.go.jp/xyz/dem5c_png/15/29005/12930.png,138.6584473,35.4338199,138.6694336,35.4427709,candidate URL generated from official GSI tile scheme; existence/coverage not locally verified
DEM5C,~5 m,"stereo imagery, 40 cm source",15,29005,12931,https://cyberjapandata.gsi.go.jp/xyz/dem5c_png/15/29005/12931.png,138.6584473,35.4248679,138.6694336,35.4338199,candidate URL generated from official GSI tile scheme; existence/coverage not locally verified
DEM5C,~5 m,"stereo imagery, 40 cm source",15,29006,12920,https://cyberjapandata.gsi.go.jp/xyz/dem5c_png/15/29006/12920.png,138.6694336,35.5232852,138.6804199,35.5322262,candidate URL generated from official GSI tile scheme; existence/coverage not locally verified
DEM5C,~5 m,"stereo imagery, 40 cm source",15,29006,12921,https://cyberjapandata.gsi.go.jp/xyz/dem5c_png/15/29006/12921.png,138.6694336,35.5143431,138.6804199,35.5232852,candidate URL generated from official GSI tile scheme; existence/coverage not locally verified
DEM5C,~5 m,"stereo imagery, 40 cm source",15,29006,12922,https://cyberjapandata.gsi.go.jp/xyz/dem5c_png/15/29006/12922.png,138.6694336,35.5054001,138.6804199,35.5143431,candidate URL generated from official GSI tile scheme; existence/coverage not locally verified
DEM5C,~5 m,"stereo imagery, 40 cm source",15,29006,12923,https://cyberjapandata.gsi.go.jp/xyz/dem5c_png/15/29006/12923.png,138.6694336,35.4964561,138.6804199,35.5054001,candidate URL generated from official GSI tile scheme; existence/coverage not locally verified
DEM5C,~5 m,"stereo imagery, 40 cm source",15,29006,12924,https://cyberjapandata.gsi.go.jp/xyz/dem5c_png/15/29006/12924.png,138.6694336,35.487511,138.6804199,35.4964561,candidate URL generated from official GSI tile scheme; existence/coverage not locally verified
DEM5C,~5 m,"stereo imagery, 40 cm source",15,29006,12925,https://cyberjapandata.gsi.go.jp/xyz/dem5c_png/15/29006/12925.png,138.6694336,35.478565,138.6804199,35.487511,candidate URL generated from official GSI tile scheme; existence/coverage not locally verified
DEM5C,~5 m,"stereo imagery, 40 cm source",15,29006,12926,https://cyberjapandata.gsi.go.jp/xyz/dem5c_png/15/29006/12926.png,138.6694336,35.469618,138.6804199,35.478565,candidate URL generated from official GSI tile scheme; existence/coverage not locally verified
DEM5C,~5 m,"stereo imagery, 40 cm source",15,29006,12927,https://cyberjapandata.gsi.go.jp/xyz/dem5c_png/15/29006/12927.png,138.6694336,35.46067,138.6804199,35.469618,candidate URL generated from official GSI tile scheme; existence/coverage not locally verified
DEM5C,~5 m,"stereo imagery, 40 cm source",15,29006,12928,https://cyberjapandata.gsi.go.jp/xyz/dem5c_png/15/29006/12928.png,138.6694336,35.4517209,138.6804199,35.46067,candidate URL generated from official GSI tile scheme; existence/coverage not locally verified
DEM5C,~5 m,"stereo imagery, 40 cm source",15,29006,12929,https://cyberjapandata.gsi.go.jp/xyz/dem5c_png/15/29006/12929.png,138.6694336,35.4427709,138.6804199,35.4517209,candidate URL generated from official GSI tile scheme; existence/coverage not locally verified
DEM5C,~5 m,"stereo imagery, 40 cm source",15,29006,12930,https://cyberjapandata.gsi.go.jp/xyz/dem5c_png/15/29006/12930.png,138.6694336,35.4338199,138.6804199,35.4427709,candidate URL generated from official GSI tile scheme; existence/coverage not locally verified
DEM5C,~5 m,"stereo imagery, 40 cm source",15,29006,12931,https://cyberjapandata.gsi.go.jp/xyz/dem5c_png/15/29006/12931.png,138.6694336,35.4248679,138.6804199,35.4338199,candidate URL generated from official GSI tile scheme; existence/coverage not locally verified
DEM5C,~5 m,"stereo imagery, 40 cm source",15,29007,12920,https://cyberjapandata.gsi.go.jp/xyz/dem5c_png/15/29007/12920.png,138.6804199,35.5232852,138.6914062,35.5322262,candidate URL generated from official GSI tile scheme; existence/coverage not locally verified
DEM5C,~5 m,"stereo imagery, 40 cm source",15,29007,12921,https://cyberjapandata.gsi.go.jp/xyz/dem5c_png/15/29007/12921.png,138.6804199,35.5143431,138.6914062,35.5232852,candidate URL generated from official GSI tile scheme; existence/coverage not locally verified
DEM5C,~5 m,"stereo imagery, 40 cm source",15,29007,12922,https://cyberjapandata.gsi.go.jp/xyz/dem5c_png/15/29007/12922.png,138.6804199,35.5054001,138.6914062,35.5143431,candidate URL generated from official GSI tile scheme; existence/coverage not locally verified
DEM5C,~5 m,"stereo imagery, 40 cm source",15,29007,12923,https://cyberjapandata.gsi.go.jp/xyz/dem5c_png/15/29007/12923.png,138.6804199,35.4964561,138.6914062,35.5054001,candidate URL generated from official GSI tile scheme; existence/coverage not locally verified
DEM5C,~5 m,"stereo imagery, 40 cm source",15,29007,12924,https://cyberjapandata.gsi.go.jp/xyz/dem5c_png/15/29007/12924.png,138.6804199,35.487511,138.6914062,35.4964561,candidate URL generated from official GSI tile scheme; existence/coverage not locally verified
DEM5C,~5 m,"stereo imagery, 40 cm source",15,29007,12925,https://cyberjapandata.gsi.go.jp/xyz/dem5c_png/15/29007/12925.png,138.6804199,35.478565,138.6914062,35.487511,candidate URL generated from official GSI tile scheme; existence/coverage not locally verified
DEM5C,~5 m,"stereo imagery, 40 cm source",15,29007,12926,https://cyberjapandata.gsi.go.jp/xyz/dem5c_png/15/29007/12926.png,138.6804199,35.469618,138.6914062,35.478565,candidate URL generated from official GSI tile scheme; existence/coverage not locally verified
DEM5C,~5 m,"stereo imagery, 40 cm source",15,29007,12927,https://cyberjapandata.gsi.go.jp/xyz/dem5c_png/15/29007/12927.png,138.6804199,35.46067,138.6914062,35.469618,candidate URL generated from official GSI tile scheme; existence/coverage not locally verified
DEM5C,~5 m,"stereo imagery, 40 cm source",15,29007,12928,https://cyberjapandata.gsi.go.jp/xyz/dem5c_png/15/29007/12928.png,138.6804199,35.4517209,138.6914062,35.46067,candidate URL generated from official GSI tile scheme; existence/coverage not locally verified
DEM5C,~5 m,"stereo imagery, 40 cm source",15,29007,12929,https://cyberjapandata.gsi.go.jp/xyz/dem5c_png/15/29007/12929.png,138.6804199,35.4427709,138.6914062,35.4517209,candidate URL generated from official GSI tile scheme; existence/coverage not locally verified
DEM5C,~5 m,"stereo imagery, 40 cm source",15,29007,12930,https://cyberjapandata.gsi.go.jp/xyz/dem5c_png/15/29007/12930.png,138.6804199,35.4338199,138.6914062,35.4427709,candidate URL generated from official GSI tile scheme; existence/coverage not locally verified
DEM5C,~5 m,"stereo imagery, 40 cm source",15,29007,12931,https://cyberjapandata.gsi.go.jp/xyz/dem5c_png/15/29007/12931.png,138.6804199,35.4248679,138.6914062,35.4338199,candidate URL generated from official GSI tile scheme; existence/coverage not locally verified
DEM5C,~5 m,"stereo imagery, 40 cm source",15,29008,12920,https://cyberjapandata.gsi.go.jp/xyz/dem5c_png/15/29008/12920.png,138.6914062,35.5232852,138.7023926,35.5322262,candidate URL generated from official GSI tile scheme; existence/coverage not locally verified
DEM5C,~5 m,"stereo imagery, 40 cm source",15,29008,12921,https://cyberjapandata.gsi.go.jp/xyz/dem5c_png/15/29008/12921.png,138.6914062,35.5143431,138.7023926,35.5232852,candidate URL generated from official GSI tile scheme; existence/coverage not locally verified
DEM5C,~5 m,"stereo imagery, 40 cm source",15,29008,12922,https://cyberjapandata.gsi.go.jp/xyz/dem5c_png/15/29008/12922.png,138.6914062,35.5054001,138.7023926,35.5143431,candidate URL generated from official GSI tile scheme; existence/coverage not locally verified
DEM5C,~5 m,"stereo imagery, 40 cm source",15,29008,12923,https://cyberjapandata.gsi.go.jp/xyz/dem5c_png/15/29008/12923.png,138.6914062,35.4964561,138.7023926,35.5054001,candidate URL generated from official GSI tile scheme; existence/coverage not locally verified
DEM5C,~5 m,"stereo imagery, 40 cm source",15,29008,12924,https://cyberjapandata.gsi.go.jp/xyz/dem5c_png/15/29008/12924.png,138.6914062,35.487511,138.7023926,35.4964561,candidate URL generated from official GSI tile scheme; existence/coverage not locally verified
DEM5C,~5 m,"stereo imagery, 40 cm source",15,29008,12925,https://cyberjapandata.gsi.go.jp/xyz/dem5c_png/15/29008/12925.png,138.6914062,35.478565,138.7023926,35.487511,candidate URL generated from official GSI tile scheme; existence/coverage not locally verified
DEM5C,~5 m,"stereo imagery, 40 cm source",15,29008,12926,https://cyberjapandata.gsi.go.jp/xyz/dem5c_png/15/29008/12926.png,138.6914062,35.469618,138.7023926,35.478565,candidate URL generated from official GSI tile scheme; existence/coverage not locally verified
DEM5C,~5 m,"stereo imagery, 40 cm source",15,29008,12927,https://cyberjapandata.gsi.go.jp/xyz/dem5c_png/15/29008/12927.png,138.6914062,35.46067,138.7023926,35.469618,candidate URL generated from official GSI tile scheme; existence/coverage not locally verified
DEM5C,~5 m,"stereo imagery, 40 cm source",15,29008,12928,https://cyberjapandata.gsi.go.jp/xyz/dem5c_png/15/29008/12928.png,138.6914062,35.4517209,138.7023926,35.46067,candidate URL generated from official GSI tile scheme; existence/coverage not locally verified
DEM5C,~5 m,"stereo imagery, 40 cm source",15,29008,12929,https://cyberjapandata.gsi.go.jp/xyz/dem5c_png/15/29008/12929.png,138.6914062,35.4427709,138.7023926,35.4517209,candidate URL generated from official GSI tile scheme; existence/coverage not locally verified
DEM5C,~5 m,"stereo imagery, 40 cm source",15,29008,12930,https://cyberjapandata.gsi.go.jp/xyz/dem5c_png/15/29008/12930.png,138.6914062,35.4338199,138.7023926,35.4427709,candidate URL generated from official GSI tile scheme; existence/coverage not locally verified
DEM5C,~5 m,"stereo imagery, 40 cm source",15,29008,12931,https://cyberjapandata.gsi.go.jp/xyz/dem5c_png/15/29008/12931.png,138.6914062,35.4248679,138.7023926,35.4338199,candidate URL generated from official GSI tile scheme; existence/coverage not locally verified
DEM5C,~5 m,"stereo imagery, 40 cm source",15,29009,12920,https://cyberjapandata.gsi.go.jp/xyz/dem5c_png/15/29009/12920.png,138.7023926,35.5232852,138.7133789,35.5322262,candidate URL generated from official GSI tile scheme; existence/coverage not locally verified
DEM5C,~5 m,"stereo imagery, 40 cm source",15,29009,12921,https://cyberjapandata.gsi.go.jp/xyz/dem5c_png/15/29009/12921.png,138.7023926,35.5143431,138.7133789,35.5232852,candidate URL generated from official GSI tile scheme; existence/coverage not locally verified
DEM5C,~5 m,"stereo imagery, 40 cm source",15,29009,12922,https://cyberjapandata.gsi.go.jp/xyz/dem5c_png/15/29009/12922.png,138.7023926,35.5054001,138.7133789,35.5143431,candidate URL generated from official GSI tile scheme; existence/coverage not locally verified
DEM5C,~5 m,"stereo imagery, 40 cm source",15,29009,12923,https://cyberjapandata.gsi.go.jp/xyz/dem5c_png/15/29009/12923.png,138.7023926,35.4964561,138.7133789,35.5054001,candidate URL generated from official GSI tile scheme; existence/coverage not locally verified
DEM5C,~5 m,"stereo imagery, 40 cm source",15,29009,12924,https://cyberjapandata.gsi.go.jp/xyz/dem5c_png/15/29009/12924.png,138.7023926,35.487511,138.7133789,35.4964561,candidate URL generated from official GSI tile scheme; existence/coverage not locally verified
DEM5C,~5 m,"stereo imagery, 40 cm source",15,29009,12925,https://cyberjapandata.gsi.go.jp/xyz/dem5c_png/15/29009/12925.png,138.7023926,35.478565,138.7133789,35.487511,candidate URL generated from official GSI tile scheme; existence/coverage not locally verified
DEM5C,~5 m,"stereo imagery, 40 cm source",15,29009,12926,https://cyberjapandata.gsi.go.jp/xyz/dem5c_png/15/29009/12926.png,138.7023926,35.469618,138.7133789,35.478565,candidate URL generated from official GSI tile scheme; existence/coverage not locally verified
DEM5C,~5 m,"stereo imagery, 40 cm source",15,29009,12927,https://cyberjapandata.gsi.go.jp/xyz/dem5c_png/15/29009/12927.png,138.7023926,35.46067,138.7133789,35.469618,candidate URL generated from official GSI tile scheme; existence/coverage not locally verified
DEM5C,~5 m,"stereo imagery, 40 cm source",15,29009,12928,https://cyberjapandata.gsi.go.jp/xyz/dem5c_png/15/29009/12928.png,138.7023926,35.4517209,138.7133789,35.46067,candidate URL generated from official GSI tile scheme; existence/coverage not locally verified
DEM5C,~5 m,"stereo imagery, 40 cm source",15,29009,12929,https://cyberjapandata.gsi.go.jp/xyz/dem5c_png/15/29009/12929.png,138.7023926,35.4427709,138.7133789,35.4517209,candidate URL generated from official GSI tile scheme; existence/coverage not locally verified
DEM5C,~5 m,"stereo imagery, 40 cm source",15,29009,12930,https://cyberjapandata.gsi.go.jp/xyz/dem5c_png/15/29009/12930.png,138.7023926,35.4338199,138.7133789,35.4427709,candidate URL generated from official GSI tile scheme; existence/coverage not locally verified
DEM5C,~5 m,"stereo imagery, 40 cm source",15,29009,12931,https://cyberjapandata.gsi.go.jp/xyz/dem5c_png/15/29009/12931.png,138.7023926,35.4248679,138.7133789,35.4338199,candidate URL generated from official GSI tile scheme; existence/coverage not locally verified
DEM5C,~5 m,"stereo imagery, 40 cm source",15,29010,12920,https://cyberjapandata.gsi.go.jp/xyz/dem5c_png/15/29010/12920.png,138.7133789,35.5232852,138.7243652,35.5322262,candidate URL generated from official GSI tile scheme; existence/coverage not locally verified
DEM5C,~5 m,"stereo imagery, 40 cm source",15,29010,12921,https://cyberjapandata.gsi.go.jp/xyz/dem5c_png/15/29010/12921.png,138.7133789,35.5143431,138.7243652,35.5232852,candidate URL generated from official GSI tile scheme; existence/coverage not locally verified
DEM5C,~5 m,"stereo imagery, 40 cm source",15,29010,12922,https://cyberjapandata.gsi.go.jp/xyz/dem5c_png/15/29010/12922.png,138.7133789,35.5054001,138.7243652,35.5143431,candidate URL generated from official GSI tile scheme; existence/coverage not locally verified
DEM5C,~5 m,"stereo imagery, 40 cm source",15,29010,12923,https://cyberjapandata.gsi.go.jp/xyz/dem5c_png/15/29010/12923.png,138.7133789,35.4964561,138.7243652,35.5054001,candidate URL generated from official GSI tile scheme; existence/coverage not locally verified
DEM5C,~5 m,"stereo imagery, 40 cm source",15,29010,12924,https://cyberjapandata.gsi.go.jp/xyz/dem5c_png/15/29010/12924.png,138.7133789,35.487511,138.7243652,35.4964561,candidate URL generated from official GSI tile scheme; existence/coverage not locally verified
DEM5C,~5 m,"stereo imagery, 40 cm source",15,29010,12925,https://cyberjapandata.gsi.go.jp/xyz/dem5c_png/15/29010/12925.png,138.7133789,35.478565,138.7243652,35.487511,candidate URL generated from official GSI tile scheme; existence/coverage not locally verified
DEM5C,~5 m,"stereo imagery, 40 cm source",15,29010,12926,https://cyberjapandata.gsi.go.jp/xyz/dem5c_png/15/29010/12926.png,138.7133789,35.469618,138.7243652,35.478565,candidate URL generated from official GSI tile scheme; existence/coverage not locally verified
DEM5C,~5 m,"stereo imagery, 40 cm source",15,29010,12927,https://cyberjapandata.gsi.go.jp/xyz/dem5c_png/15/29010/12927.png,138.7133789,35.46067,138.7243652,35.469618,candidate URL generated from official GSI tile scheme; existence/coverage not locally verified
DEM5C,~5 m,"stereo imagery, 40 cm source",15,29010,12928,https://cyberjapandata.gsi.go.jp/xyz/dem5c_png/15/29010/12928.png,138.7133789,35.4517209,138.7243652,35.46067,candidate URL generated from official GSI tile scheme; existence/coverage not locally verified
DEM5C,~5 m,"stereo imagery, 40 cm source",15,29010,12929,https://cyberjapandata.gsi.go.jp/xyz/dem5c_png/15/29010/12929.png,138.7133789,35.4427709,138.7243652,35.4517209,candidate URL generated from official GSI tile scheme; existence/coverage not locally verified
DEM5C,~5 m,"stereo imagery, 40 cm source",15,29010,12930,https://cyberjapandata.gsi.go.jp/xyz/dem5c_png/15/29010/12930.png,138.7133789,35.4338199,138.7243652,35.4427709,candidate URL generated from official GSI tile scheme; existence/coverage not locally verified
DEM5C,~5 m,"stereo imagery, 40 cm source",15,29010,12931,https://cyberjapandata.gsi.go.jp/xyz/dem5c_png/15/29010/12931.png,138.7133789,35.4248679,138.7243652,35.4338199,candidate URL generated from official GSI tile scheme; existence/coverage not locally verified
DEM10B,~10 m,"1:25,000 topographic contours",14,14497,6460,https://cyberjapandata.gsi.go.jp/xyz/dem_png/14/14497/6460.png,138.5375977,35.5143431,138.5595703,35.5322262,candidate URL generated from official GSI tile scheme; existence/coverage not locally verified
DEM10B,~10 m,"1:25,000 topographic contours",14,14497,6461,https://cyberjapandata.gsi.go.jp/xyz/dem_png/14/14497/6461.png,138.5375977,35.4964561,138.5595703,35.5143431,candidate URL generated from official GSI tile scheme; existence/coverage not locally verified
DEM10B,~10 m,"1:25,000 topographic contours",14,14497,6462,https://cyberjapandata.gsi.go.jp/xyz/dem_png/14/14497/6462.png,138.5375977,35.478565,138.5595703,35.4964561,candidate URL generated from official GSI tile scheme; existence/coverage not locally verified
DEM10B,~10 m,"1:25,000 topographic contours",14,14497,6463,https://cyberjapandata.gsi.go.jp/xyz/dem_png/14/14497/6463.png,138.5375977,35.46067,138.5595703,35.478565,candidate URL generated from official GSI tile scheme; existence/coverage not locally verified
DEM10B,~10 m,"1:25,000 topographic contours",14,14497,6464,https://cyberjapandata.gsi.go.jp/xyz/dem_png/14/14497/6464.png,138.5375977,35.4427709,138.5595703,35.46067,candidate URL generated from official GSI tile scheme; existence/coverage not locally verified
DEM10B,~10 m,"1:25,000 topographic contours",14,14497,6465,https://cyberjapandata.gsi.go.jp/xyz/dem_png/14/14497/6465.png,138.5375977,35.4248679,138.5595703,35.4427709,candidate URL generated from official GSI tile scheme; existence/coverage not locally verified
DEM10B,~10 m,"1:25,000 topographic contours",14,14498,6460,https://cyberjapandata.gsi.go.jp/xyz/dem_png/14/14498/6460.png,138.5595703,35.5143431,138.581543,35.5322262,candidate URL generated from official GSI tile scheme; existence/coverage not locally verified
DEM10B,~10 m,"1:25,000 topographic contours",14,14498,6461,https://cyberjapandata.gsi.go.jp/xyz/dem_png/14/14498/6461.png,138.5595703,35.4964561,138.581543,35.5143431,candidate URL generated from official GSI tile scheme; existence/coverage not locally verified
DEM10B,~10 m,"1:25,000 topographic contours",14,14498,6462,https://cyberjapandata.gsi.go.jp/xyz/dem_png/14/14498/6462.png,138.5595703,35.478565,138.581543,35.4964561,candidate URL generated from official GSI tile scheme; existence/coverage not locally verified
DEM10B,~10 m,"1:25,000 topographic contours",14,14498,6463,https://cyberjapandata.gsi.go.jp/xyz/dem_png/14/14498/6463.png,138.5595703,35.46067,138.581543,35.478565,candidate URL generated from official GSI tile scheme; existence/coverage not locally verified
DEM10B,~10 m,"1:25,000 topographic contours",14,14498,6464,https://cyberjapandata.gsi.go.jp/xyz/dem_png/14/14498/6464.png,138.5595703,35.4427709,138.581543,35.46067,candidate URL generated from official GSI tile scheme; existence/coverage not locally verified
DEM10B,~10 m,"1:25,000 topographic contours",14,14498,6465,https://cyberjapandata.gsi.go.jp/xyz/dem_png/14/14498/6465.png,138.5595703,35.4248679,138.581543,35.4427709,candidate URL generated from official GSI tile scheme; existence/coverage not locally verified
DEM10B,~10 m,"1:25,000 topographic contours",14,14499,6460,https://cyberjapandata.gsi.go.jp/xyz/dem_png/14/14499/6460.png,138.581543,35.5143431,138.6035156,35.5322262,candidate URL generated from official GSI tile scheme; existence/coverage not locally verified
DEM10B,~10 m,"1:25,000 topographic contours",14,14499,6461,https://cyberjapandata.gsi.go.jp/xyz/dem_png/14/14499/6461.png,138.581543,35.4964561,138.6035156,35.5143431,candidate URL generated from official GSI tile scheme; existence/coverage not locally verified
DEM10B,~10 m,"1:25,000 topographic contours",14,14499,6462,https://cyberjapandata.gsi.go.jp/xyz/dem_png/14/14499/6462.png,138.581543,35.478565,138.6035156,35.4964561,candidate URL generated from official GSI tile scheme; existence/coverage not locally verified
DEM10B,~10 m,"1:25,000 topographic contours",14,14499,6463,https://cyberjapandata.gsi.go.jp/xyz/dem_png/14/14499/6463.png,138.581543,35.46067,138.6035156,35.478565,candidate URL generated from official GSI tile scheme; existence/coverage not locally verified
DEM10B,~10 m,"1:25,000 topographic contours",14,14499,6464,https://cyberjapandata.gsi.go.jp/xyz/dem_png/14/14499/6464.png,138.581543,35.4427709,138.6035156,35.46067,candidate URL generated from official GSI tile scheme; existence/coverage not locally verified
DEM10B,~10 m,"1:25,000 topographic contours",14,14499,6465,https://cyberjapandata.gsi.go.jp/xyz/dem_png/14/14499/6465.png,138.581543,35.4248679,138.6035156,35.4427709,candidate URL generated from official GSI tile scheme; existence/coverage not locally verified
DEM10B,~10 m,"1:25,000 topographic contours",14,14500,6460,https://cyberjapandata.gsi.go.jp/xyz/dem_png/14/14500/6460.png,138.6035156,35.5143431,138.6254883,35.5322262,candidate URL generated from official GSI tile scheme; existence/coverage not locally verified
DEM10B,~10 m,"1:25,000 topographic contours",14,14500,6461,https://cyberjapandata.gsi.go.jp/xyz/dem_png/14/14500/6461.png,138.6035156,35.4964561,138.6254883,35.5143431,candidate URL generated from official GSI tile scheme; existence/coverage not locally verified
DEM10B,~10 m,"1:25,000 topographic contours",14,14500,6462,https://cyberjapandata.gsi.go.jp/xyz/dem_png/14/14500/6462.png,138.6035156,35.478565,138.6254883,35.4964561,candidate URL generated from official GSI tile scheme; existence/coverage not locally verified
DEM10B,~10 m,"1:25,000 topographic contours",14,14500,6463,https://cyberjapandata.gsi.go.jp/xyz/dem_png/14/14500/6463.png,138.6035156,35.46067,138.6254883,35.478565,candidate URL generated from official GSI tile scheme; existence/coverage not locally verified
DEM10B,~10 m,"1:25,000 topographic contours",14,14500,6464,https://cyberjapandata.gsi.go.jp/xyz/dem_png/14/14500/6464.png,138.6035156,35.4427709,138.6254883,35.46067,candidate URL generated from official GSI tile scheme; existence/coverage not locally verified
DEM10B,~10 m,"1:25,000 topographic contours",14,14500,6465,https://cyberjapandata.gsi.go.jp/xyz/dem_png/14/14500/6465.png,138.6035156,35.4248679,138.6254883,35.4427709,candidate URL generated from official GSI tile scheme; existence/coverage not locally verified
DEM10B,~10 m,"1:25,000 topographic contours",14,14501,6460,https://cyberjapandata.gsi.go.jp/xyz/dem_png/14/14501/6460.png,138.6254883,35.5143431,138.6474609,35.5322262,candidate URL generated from official GSI tile scheme; existence/coverage not locally verified
DEM10B,~10 m,"1:25,000 topographic contours",14,14501,6461,https://cyberjapandata.gsi.go.jp/xyz/dem_png/14/14501/6461.png,138.6254883,35.4964561,138.6474609,35.5143431,candidate URL generated from official GSI tile scheme; existence/coverage not locally verified
DEM10B,~10 m,"1:25,000 topographic contours",14,14501,6462,https://cyberjapandata.gsi.go.jp/xyz/dem_png/14/14501/6462.png,138.6254883,35.478565,138.6474609,35.4964561,candidate URL generated from official GSI tile scheme; existence/coverage not locally verified
DEM10B,~10 m,"1:25,000 topographic contours",14,14501,6463,https://cyberjapandata.gsi.go.jp/xyz/dem_png/14/14501/6463.png,138.6254883,35.46067,138.6474609,35.478565,candidate URL generated from official GSI tile scheme; existence/coverage not locally verified
DEM10B,~10 m,"1:25,000 topographic contours",14,14501,6464,https://cyberjapandata.gsi.go.jp/xyz/dem_png/14/14501/6464.png,138.6254883,35.4427709,138.6474609,35.46067,candidate URL generated from official GSI tile scheme; existence/coverage not locally verified
DEM10B,~10 m,"1:25,000 topographic contours",14,14501,6465,https://cyberjapandata.gsi.go.jp/xyz/dem_png/14/14501/6465.png,138.6254883,35.4248679,138.6474609,35.4427709,candidate URL generated from official GSI tile scheme; existence/coverage not locally verified
DEM10B,~10 m,"1:25,000 topographic contours",14,14502,6460,https://cyberjapandata.gsi.go.jp/xyz/dem_png/14/14502/6460.png,138.6474609,35.5143431,138.6694336,35.5322262,candidate URL generated from official GSI tile scheme; existence/coverage not locally verified
DEM10B,~10 m,"1:25,000 topographic contours",14,14502,6461,https://cyberjapandata.gsi.go.jp/xyz/dem_png/14/14502/6461.png,138.6474609,35.4964561,138.6694336,35.5143431,candidate URL generated from official GSI tile scheme; existence/coverage not locally verified
DEM10B,~10 m,"1:25,000 topographic contours",14,14502,6462,https://cyberjapandata.gsi.go.jp/xyz/dem_png/14/14502/6462.png,138.6474609,35.478565,138.6694336,35.4964561,candidate URL generated from official GSI tile scheme; existence/coverage not locally verified
DEM10B,~10 m,"1:25,000 topographic contours",14,14502,6463,https://cyberjapandata.gsi.go.jp/xyz/dem_png/14/14502/6463.png,138.6474609,35.46067,138.6694336,35.478565,candidate URL generated from official GSI tile scheme; existence/coverage not locally verified
DEM10B,~10 m,"1:25,000 topographic contours",14,14502,6464,https://cyberjapandata.gsi.go.jp/xyz/dem_png/14/14502/6464.png,138.6474609,35.4427709,138.6694336,35.46067,candidate URL generated from official GSI tile scheme; existence/coverage not locally verified
DEM10B,~10 m,"1:25,000 topographic contours",14,14502,6465,https://cyberjapandata.gsi.go.jp/xyz/dem_png/14/14502/6465.png,138.6474609,35.4248679,138.6694336,35.4427709,candidate URL generated from official GSI tile scheme; existence/coverage not locally verified
DEM10B,~10 m,"1:25,000 topographic contours",14,14503,6460,https://cyberjapandata.gsi.go.jp/xyz/dem_png/14/14503/6460.png,138.6694336,35.5143431,138.6914062,35.5322262,candidate URL generated from official GSI tile scheme; existence/coverage not locally verified
DEM10B,~10 m,"1:25,000 topographic contours",14,14503,6461,https://cyberjapandata.gsi.go.jp/xyz/dem_png/14/14503/6461.png,138.6694336,35.4964561,138.6914062,35.5143431,candidate URL generated from official GSI tile scheme; existence/coverage not locally verified
DEM10B,~10 m,"1:25,000 topographic contours",14,14503,6462,https://cyberjapandata.gsi.go.jp/xyz/dem_png/14/14503/6462.png,138.6694336,35.478565,138.6914062,35.4964561,candidate URL generated from official GSI tile scheme; existence/coverage not locally verified
DEM10B,~10 m,"1:25,000 topographic contours",14,14503,6463,https://cyberjapandata.gsi.go.jp/xyz/dem_png/14/14503/6463.png,138.6694336,35.46067,138.6914062,35.478565,candidate URL generated from official GSI tile scheme; existence/coverage not locally verified
DEM10B,~10 m,"1:25,000 topographic contours",14,14503,6464,https://cyberjapandata.gsi.go.jp/xyz/dem_png/14/14503/6464.png,138.6694336,35.4427709,138.6914062,35.46067,candidate URL generated from official GSI tile scheme; existence/coverage not locally verified
DEM10B,~10 m,"1:25,000 topographic contours",14,14503,6465,https://cyberjapandata.gsi.go.jp/xyz/dem_png/14/14503/6465.png,138.6694336,35.4248679,138.6914062,35.4427709,candidate URL generated from official GSI tile scheme; existence/coverage not locally verified
DEM10B,~10 m,"1:25,000 topographic contours",14,14504,6460,https://cyberjapandata.gsi.go.jp/xyz/dem_png/14/14504/6460.png,138.6914062,35.5143431,138.7133789,35.5322262,candidate URL generated from official GSI tile scheme; existence/coverage not locally verified
DEM10B,~10 m,"1:25,000 topographic contours",14,14504,6461,https://cyberjapandata.gsi.go.jp/xyz/dem_png/14/14504/6461.png,138.6914062,35.4964561,138.7133789,35.5143431,candidate URL generated from official GSI tile scheme; existence/coverage not locally verified
DEM10B,~10 m,"1:25,000 topographic contours",14,14504,6462,https://cyberjapandata.gsi.go.jp/xyz/dem_png/14/14504/6462.png,138.6914062,35.478565,138.7133789,35.4964561,candidate URL generated from official GSI tile scheme; existence/coverage not locally verified
DEM10B,~10 m,"1:25,000 topographic contours",14,14504,6463,https://cyberjapandata.gsi.go.jp/xyz/dem_png/14/14504/6463.png,138.6914062,35.46067,138.7133789,35.478565,candidate URL generated from official GSI tile scheme; existence/coverage not locally verified
DEM10B,~10 m,"1:25,000 topographic contours",14,14504,6464,https://cyberjapandata.gsi.go.jp/xyz/dem_png/14/14504/6464.png,138.6914062,35.4427709,138.7133789,35.46067,candidate URL generated from official GSI tile scheme; existence/coverage not locally verified
DEM10B,~10 m,"1:25,000 topographic contours",14,14504,6465,https://cyberjapandata.gsi.go.jp/xyz/dem_png/14/14504/6465.png,138.6914062,35.4248679,138.7133789,35.4427709,candidate URL generated from official GSI tile scheme; existence/coverage not locally verified
DEM10B,~10 m,"1:25,000 topographic contours",14,14505,6460,https://cyberjapandata.gsi.go.jp/xyz/dem_png/14/14505/6460.png,138.7133789,35.5143431,138.7353516,35.5322262,candidate URL generated from official GSI tile scheme; existence/coverage not locally verified
DEM10B,~10 m,"1:25,000 topographic contours",14,14505,6461,https://cyberjapandata.gsi.go.jp/xyz/dem_png/14/14505/6461.png,138.7133789,35.4964561,138.7353516,35.5143431,candidate URL generated from official GSI tile scheme; existence/coverage not locally verified
DEM10B,~10 m,"1:25,000 topographic contours",14,14505,6462,https://cyberjapandata.gsi.go.jp/xyz/dem_png/14/14505/6462.png,138.7133789,35.478565,138.7353516,35.4964561,candidate URL generated from official GSI tile scheme; existence/coverage not locally verified
DEM10B,~10 m,"1:25,000 topographic contours",14,14505,6463,https://cyberjapandata.gsi.go.jp/xyz/dem_png/14/14505/6463.png,138.7133789,35.46067,138.7353516,35.478565,candidate URL generated from official GSI tile scheme; existence/coverage not locally verified
DEM10B,~10 m,"1:25,000 topographic contours",14,14505,6464,https://cyberjapandata.gsi.go.jp/xyz/dem_png/14/14505/6464.png,138.7133789,35.4427709,138.7353516,35.46067,candidate URL generated from official GSI tile scheme; existence/coverage not locally verified
DEM10B,~10 m,"1:25,000 topographic contours",14,14505,6465,https://cyberjapandata.gsi.go.jp/xyz/dem_png/14/14505/6465.png,138.7133789,35.4248679,138.7353516,35.4427709,candidate URL generated from official GSI tile scheme; existence/coverage not locally verified
